{"type": "FeatureCollection", "features": [{"type": "Feature", "properties": {"role": "departement", "nom": "Ille-et-Vilaine"}, "geometry": {"type": "MultiPolygon", "coordinates": [[[[-2.101353, 47.633434], [-2.10174, 47.633671], [-2.10236, 47.634132], [-2.10266, 47.634456], [-2.102982, 47.634972], [-2.103063, 47.635107], [-2.103286, 47.635697], [-2.103439, 47.635975], [-2.103547, 47.636235], [-2.103691, 47.636473], [-2.103826, 47.636894], [-2.104129, 47.637738], [-2.104275, 47.63802], [-2.104523, 47.638283], [-2.104773, 47.638496], [-2.104304, 47.638775], [-2.104177, 47.638878], [-2.103922, 47.639003], [-2.102763, 47.639375], [-2.102406, 47.63943], [-2.102066, 47.639429], [-2.101827, 47.639404], [-2.101135, 47.639156], [-2.100647, 47.638696], [-2.100253, 47.637989], [-2.099814, 47.637511], [-2.099061, 47.63727], [-2.098329, 47.637297], [-2.097676, 47.637457], [-2.095848, 47.638698], [-2.094814, 47.639098], [-2.094246, 47.63948], [-2.093992, 47.639625], [-2.093815, 47.639901], [-2.093798, 47.640488], [-2.094868, 47.642925], [-2.095083, 47.643908], [-2.095219, 47.644766], [-2.094743, 47.645], [-2.094643, 47.645278], [-2.094974, 47.645818], [-2.095515, 47.646547], [-2.095891, 47.647023], [-2.096187, 47.647233], [-2.096446, 47.647326], [-2.096731, 47.64738], [-2.097488, 47.647449], [-2.09787, 47.647426], [-2.098293, 47.647308], [-2.098727, 47.647087], [-2.099655, 47.646246], [-2.09999, 47.645929], [-2.100337, 47.645322], [-2.101004, 47.644722], [-2.101296, 47.644367], [-2.10141, 47.644261], [-2.10177, 47.644133], [-2.102181, 47.644091], [-2.103084, 47.644151], [-2.104128, 47.644275], [-2.10446, 47.644343], [-2.105239, 47.64461], [-2.105557, 47.644649], [-2.105982, 47.644645], [-2.106325, 47.644604], [-2.107022, 47.644631], [-2.107428, 47.644689], [-2.107882, 47.644843], [-2.108676, 47.6452], [-2.108962, 47.645292], [-2.109762, 47.64548], [-2.111026, 47.645702], [-2.111083, 47.6457], [-2.111523, 47.645513], [-2.112138, 47.646138], [-2.112972, 47.647042], [-2.113613, 47.647705], [-2.113984, 47.648249], [-2.114164, 47.648761], [-2.114247, 47.64924], [-2.114227, 47.649642], [-2.114142, 47.649932], [-2.113943, 47.650336], [-2.113548, 47.650979], [-2.113191, 47.651517], [-2.112684, 47.652218], [-2.112353, 47.652746], [-2.112183, 47.653197], [-2.112135, 47.653452], [-2.112032, 47.654294], [-2.111979, 47.654539], [-2.111741, 47.655059], [-2.110256, 47.656973], [-2.109449, 47.657984], [-2.109184, 47.658259], [-2.108739, 47.658655], [-2.10762, 47.659535], [-2.107005, 47.660048], [-2.106502, 47.660527], [-2.106028, 47.661069], [-2.105898, 47.66126], [-2.105447, 47.662034], [-2.104428, 47.66366], [-2.10397, 47.664419], [-2.103611, 47.664954], [-2.103338, 47.665425], [-2.102901, 47.666349], [-2.102777, 47.666715], [-2.102701, 47.667121], [-2.102671, 47.667509], [-2.102676, 47.667938], [-2.102719, 47.668274], [-2.10283, 47.66871], [-2.102962, 47.669092], [-2.103389, 47.670571], [-2.103501, 47.670902], [-2.103738, 47.671748], [-2.103814, 47.672101], [-2.103859, 47.672448], [-2.103877, 47.672773], [-2.103883, 47.673628], [-2.103805, 47.674118], [-2.103665, 47.674699], [-2.103587, 47.675299], [-2.103588, 47.675769], [-2.103717, 47.676147], [-2.103798, 47.676273], [-2.104022, 47.676561], [-2.104227, 47.676736], [-2.104513, 47.676917], [-2.104836, 47.677067], [-2.1052, 47.677206], [-2.105547, 47.6773], [-2.106293, 47.677427], [-2.106984, 47.677531], [-2.107504, 47.677666], [-2.109156, 47.678419], [-2.109771, 47.678745], [-2.110808, 47.679259], [-2.111417, 47.67958], [-2.112782, 47.680197], [-2.113138, 47.680369], [-2.114583, 47.680975], [-2.115397, 47.681301], [-2.115789, 47.681422], [-2.116074, 47.681488], [-2.116833, 47.681598], [-2.117557, 47.681832], [-2.118219, 47.682097], [-2.118866, 47.682254], [-2.119123, 47.682271], [-2.119849, 47.682271], [-2.120289, 47.682258], [-2.120954, 47.682259], [-2.121419, 47.682299], [-2.122013, 47.682446], [-2.122226, 47.682551], [-2.122406, 47.682728], [-2.1225, 47.682853], [-2.122562, 47.683086], [-2.122803, 47.684284], [-2.122817, 47.684434], [-2.122777, 47.684627], [-2.122526, 47.684963], [-2.122534, 47.685297], [-2.122385, 47.685639], [-2.121573, 47.686942], [-2.121367, 47.687333], [-2.121267, 47.687678], [-2.121261, 47.687939], [-2.121297, 47.688101], [-2.121501, 47.688431], [-2.121932, 47.688784], [-2.122245, 47.688961], [-2.123131, 47.689402], [-2.124362, 47.689953], [-2.124559, 47.690089], [-2.124709, 47.690238], [-2.124826, 47.690417], [-2.124888, 47.690586], [-2.124913, 47.690951], [-2.124866, 47.691199], [-2.124684, 47.691583], [-2.12422, 47.692093], [-2.123829, 47.692593], [-2.123705, 47.692799], [-2.123564, 47.693293], [-2.123455, 47.693534], [-2.123029, 47.69426], [-2.122789, 47.694822], [-2.122619, 47.69561], [-2.122596, 47.695866], [-2.122585, 47.696424], [-2.122643, 47.696923], [-2.12263, 47.697169], [-2.122488, 47.697748], [-2.122329, 47.698151], [-2.122077, 47.698686], [-2.121895, 47.699023], [-2.121725, 47.699483], [-2.121712, 47.699798], [-2.121787, 47.700092], [-2.121918, 47.700392], [-2.122042, 47.700794], [-2.122082, 47.701126], [-2.122054, 47.70179], [-2.121929, 47.702115], [-2.121725, 47.702352], [-2.120806, 47.703353], [-2.120252, 47.704062], [-2.119622, 47.705121], [-2.119122, 47.706273], [-2.118789, 47.707162], [-2.118645, 47.707643], [-2.118594, 47.707968], [-2.118616, 47.708275], [-2.118822, 47.70888], [-2.119375, 47.710085], [-2.11961, 47.710429], [-2.119766, 47.710588], [-2.120234, 47.710928], [-2.120775, 47.711285], [-2.121247, 47.71166], [-2.121692, 47.712124], [-2.121992, 47.712335], [-2.122544, 47.712571], [-2.122882, 47.712735], [-2.123203, 47.712934], [-2.123737, 47.713387], [-2.124655, 47.714329], [-2.125441, 47.715111], [-2.125966, 47.715761], [-2.126417, 47.71637], [-2.127057, 47.717013], [-2.128034, 47.717102], [-2.129073, 47.717558], [-2.129685, 47.71848], [-2.130046, 47.719592], [-2.12966, 47.720029], [-2.129944, 47.720398], [-2.130753, 47.721287], [-2.131074, 47.72169], [-2.131442, 47.72226], [-2.131166, 47.722536], [-2.130705, 47.72289], [-2.130413, 47.723059], [-2.130086, 47.723291], [-2.12986, 47.723488], [-2.129501, 47.723713], [-2.129306, 47.723811], [-2.128797, 47.724015], [-2.128322, 47.724266], [-2.127963, 47.724418], [-2.127139, 47.724685], [-2.126746, 47.724851], [-2.125861, 47.725295], [-2.125116, 47.725529], [-2.124825, 47.7256], [-2.124149, 47.725813], [-2.123641, 47.725948], [-2.123338, 47.726003], [-2.122435, 47.726127], [-2.122048, 47.726204], [-2.121596, 47.726316], [-2.120583, 47.726648], [-2.120189, 47.726826], [-2.119851, 47.727063], [-2.11961, 47.72717], [-2.119244, 47.72727], [-2.118338, 47.727425], [-2.117601, 47.7275], [-2.116681, 47.727545], [-2.116363, 47.727587], [-2.115991, 47.727761], [-2.115577, 47.728089], [-2.115357, 47.728198], [-2.11494, 47.728229], [-2.114707, 47.728225], [-2.114154, 47.728173], [-2.113756, 47.728097], [-2.113427, 47.72807], [-2.113073, 47.728125], [-2.112729, 47.728222], [-2.11241, 47.728464], [-2.11206, 47.728643], [-2.111676, 47.728891], [-2.111566, 47.729027], [-2.111091, 47.729425], [-2.110741, 47.729929], [-2.110507, 47.730114], [-2.109774, 47.730471], [-2.109505, 47.730629], [-2.109166, 47.730886], [-2.10843, 47.731239], [-2.107981, 47.731842], [-2.107618, 47.731915], [-2.10695, 47.731984], [-2.106843, 47.732284], [-2.106773, 47.73259], [-2.106754, 47.732866], [-2.106808, 47.733146], [-2.106928, 47.733295], [-2.107344, 47.733659], [-2.107536, 47.733962], [-2.107759, 47.734654], [-2.107866, 47.734943], [-2.10799, 47.735157], [-2.108175, 47.735294], [-2.108311, 47.735338], [-2.108945, 47.73545], [-2.109091, 47.735516], [-2.109307, 47.735724], [-2.109435, 47.735956], [-2.10911, 47.736095], [-2.108841, 47.73612], [-2.108472, 47.736204], [-2.1084, 47.736347], [-2.108822, 47.736642], [-2.10881, 47.736754], [-2.107892, 47.73724], [-2.107099, 47.737496], [-2.106584, 47.737571], [-2.106167, 47.737587], [-2.10577, 47.737574], [-2.105318, 47.737634], [-2.104703, 47.737783], [-2.103508, 47.737731], [-2.102163, 47.737778], [-2.102022, 47.737762], [-2.10147, 47.737842], [-2.100754, 47.737831], [-2.100088, 47.737767], [-2.099659, 47.737814], [-2.099268, 47.737742], [-2.098831, 47.737349], [-2.098274, 47.737092], [-2.098113, 47.737126], [-2.097455, 47.737456], [-2.097091, 47.737578], [-2.096672, 47.737608], [-2.096187, 47.737619], [-2.095462, 47.737669], [-2.094436, 47.737684], [-2.093994, 47.737633], [-2.093603, 47.737696], [-2.092419, 47.73783], [-2.092085, 47.737925], [-2.091012, 47.738187], [-2.090668, 47.73829], [-2.088919, 47.738639], [-2.08791, 47.738956], [-2.087515, 47.738993], [-2.087172, 47.738916], [-2.086736, 47.738717], [-2.08657, 47.738522], [-2.086271, 47.738258], [-2.085917, 47.738088], [-2.085537, 47.737958], [-2.08484, 47.73857], [-2.084644, 47.738621], [-2.08278, 47.738693], [-2.082258, 47.739035], [-2.08152, 47.738799], [-2.080928, 47.738636], [-2.080103, 47.738614], [-2.079141, 47.73829], [-2.078761, 47.737917], [-2.078377, 47.737958], [-2.078068, 47.737958], [-2.077959, 47.737906], [-2.076459, 47.738166], [-2.075487, 47.738519], [-2.074727, 47.738998], [-2.074194, 47.739018], [-2.073783, 47.738899], [-2.072645, 47.738851], [-2.071967, 47.738742], [-2.070984, 47.737952], [-2.070796, 47.73797], [-2.070364, 47.73796], [-2.069502, 47.737991], [-2.069123, 47.737972], [-2.06797, 47.737862], [-2.067675, 47.737885], [-2.067406, 47.737994], [-2.066911, 47.73815], [-2.066664, 47.738249], [-2.065929, 47.7385], [-2.065426, 47.738616], [-2.065173, 47.738626], [-2.064837, 47.738606], [-2.064508, 47.738532], [-2.064032, 47.738496], [-2.063525, 47.738436], [-2.06312, 47.738429], [-2.062755, 47.738493], [-2.06229, 47.73839], [-2.061844, 47.738357], [-2.061359, 47.738366], [-2.060953, 47.738399], [-2.060635, 47.738365], [-2.060221, 47.738355], [-2.059545, 47.738293], [-2.058517, 47.738082], [-2.058467, 47.738476], [-2.058337, 47.739143], [-2.058088, 47.740004], [-2.057942, 47.740431], [-2.057807, 47.741156], [-2.057642, 47.741689], [-2.057776, 47.742376], [-2.057749, 47.742654], [-2.057909, 47.742816], [-2.058403, 47.743832], [-2.058604, 47.744175], [-2.058745, 47.744531], [-2.058846, 47.744873], [-2.05916, 47.745634], [-2.059654, 47.747564], [-2.059891, 47.747902], [-2.059993, 47.7482], [-2.060253, 47.748652], [-2.060553, 47.749209], [-2.061022, 47.749979], [-2.061534, 47.750867], [-2.061824, 47.751342], [-2.061879, 47.751399], [-2.062127, 47.751179], [-2.062369, 47.751142], [-2.062648, 47.751146], [-2.062917, 47.751013], [-2.063005, 47.750916], [-2.063229, 47.750801], [-2.063478, 47.750766], [-2.063797, 47.750759], [-2.064172, 47.750815], [-2.064537, 47.750805], [-2.064933, 47.750913], [-2.065953, 47.75103], [-2.066152, 47.751024], [-2.066699, 47.750934], [-2.067026, 47.75099], [-2.067272, 47.750893], [-2.06737, 47.750807], [-2.067669, 47.750658], [-2.06794, 47.750588], [-2.068236, 47.750621], [-2.06861, 47.750458], [-2.068877, 47.750415], [-2.069188, 47.750253], [-2.069335, 47.750276], [-2.069564, 47.75047], [-2.069823, 47.750564], [-2.069943, 47.750542], [-2.070133, 47.750366], [-2.070392, 47.750305], [-2.070508, 47.750355], [-2.070643, 47.750604], [-2.070801, 47.750764], [-2.071133, 47.750874], [-2.071434, 47.750862], [-2.071561, 47.750777], [-2.071672, 47.750783], [-2.072048, 47.750911], [-2.072672, 47.750844], [-2.072811, 47.750803], [-2.07301, 47.750636], [-2.073276, 47.750543], [-2.073715, 47.750578], [-2.074489, 47.750573], [-2.074795, 47.750419], [-2.074946, 47.750411], [-2.075954, 47.750522], [-2.076249, 47.750588], [-2.07663, 47.750641], [-2.077214, 47.750683], [-2.078448, 47.750637], [-2.078902, 47.750644], [-2.078988, 47.750624], [-2.079029, 47.750456], [-2.079325, 47.750252], [-2.079712, 47.750229], [-2.079935, 47.750252], [-2.080444, 47.750224], [-2.080911, 47.750132], [-2.080989, 47.750067], [-2.081613, 47.75002], [-2.082076, 47.749923], [-2.082266, 47.74992], [-2.082346, 47.750113], [-2.082494, 47.75019], [-2.083002, 47.750193], [-2.083215, 47.750151], [-2.083485, 47.749995], [-2.083787, 47.749981], [-2.084001, 47.750418], [-2.084012, 47.750855], [-2.084083, 47.750989], [-2.084123, 47.751579], [-2.084179, 47.751815], [-2.084333, 47.751775], [-2.084419, 47.751896], [-2.084765, 47.752054], [-2.084833, 47.75239], [-2.084597, 47.752771], [-2.084772, 47.752998], [-2.085122, 47.75403], [-2.085188, 47.754141], [-2.085484, 47.754488], [-2.085505, 47.754702], [-2.085613, 47.755076], [-2.085632, 47.75543], [-2.085397, 47.755828], [-2.085246, 47.756179], [-2.085317, 47.756418], [-2.085337, 47.756854], [-2.085218, 47.757197], [-2.085041, 47.757479], [-2.084447, 47.758075], [-2.084278, 47.758368], [-2.084115, 47.758713], [-2.084018, 47.758792], [-2.083798, 47.759179], [-2.08402, 47.759249], [-2.083751, 47.759521], [-2.083613, 47.759743], [-2.083668, 47.759901], [-2.083811, 47.760009], [-2.083881, 47.760405], [-2.084187, 47.761242], [-2.084681, 47.762349], [-2.084535, 47.762515], [-2.084488, 47.762794], [-2.085615, 47.762847], [-2.086104, 47.762828], [-2.086266, 47.762783], [-2.086792, 47.762789], [-2.088499, 47.76269], [-2.090479, 47.762588], [-2.090821, 47.762536], [-2.091099, 47.762462], [-2.091851, 47.7623], [-2.091993, 47.762299], [-2.092738, 47.762361], [-2.093885, 47.762445], [-2.094621, 47.762441], [-2.095727, 47.762417], [-2.098612, 47.762282], [-2.099664, 47.762239], [-2.100677, 47.762206], [-2.101761, 47.762158], [-2.104018, 47.762016], [-2.105194, 47.761994], [-2.105765, 47.761952], [-2.106284, 47.761973], [-2.108336, 47.762024], [-2.10932, 47.76199], [-2.111372, 47.761823], [-2.112267, 47.761734], [-2.112947, 47.761746], [-2.113636, 47.761718], [-2.114461, 47.76166], [-2.115105, 47.761632], [-2.116333, 47.761633], [-2.116866, 47.761653], [-2.117956, 47.761737], [-2.119234, 47.761774], [-2.119894, 47.761856], [-2.120438, 47.76188], [-2.121221, 47.762026], [-2.121892, 47.762048], [-2.122354, 47.76214], [-2.123108, 47.762131], [-2.123474, 47.762108], [-2.123881, 47.762024], [-2.125632, 47.761532], [-2.125886, 47.761406], [-2.126561, 47.761013], [-2.127063, 47.761046], [-2.127755, 47.761247], [-2.12804, 47.761315], [-2.128224, 47.761407], [-2.128152, 47.761556], [-2.128022, 47.761664], [-2.128477, 47.761936], [-2.128182, 47.762415], [-2.128011, 47.762909], [-2.12762, 47.763626], [-2.12738, 47.764239], [-2.127094, 47.765552], [-2.127103, 47.765859], [-2.12717, 47.766181], [-2.127167, 47.766467], [-2.126993, 47.767118], [-2.127053, 47.767307], [-2.127245, 47.767466], [-2.127526, 47.767649], [-2.127836, 47.767909], [-2.128155, 47.768388], [-2.128233, 47.768614], [-2.128208, 47.768788], [-2.128056, 47.769085], [-2.12764, 47.769509], [-2.127154, 47.770036], [-2.126886, 47.770478], [-2.12666, 47.770671], [-2.126423, 47.770796], [-2.125648, 47.770982], [-2.124947, 47.77123], [-2.124067, 47.771435], [-2.12358, 47.771522], [-2.123307, 47.771543], [-2.123109, 47.771502], [-2.12204, 47.771023], [-2.121583, 47.770864], [-2.121294, 47.770853], [-2.120997, 47.770931], [-2.120581, 47.77096], [-2.120055, 47.77096], [-2.119532, 47.770938], [-2.118971, 47.770824], [-2.117933, 47.770492], [-2.117461, 47.770425], [-2.117149, 47.770431], [-2.116449, 47.770524], [-2.115946, 47.770476], [-2.115547, 47.7704], [-2.115154, 47.770392], [-2.114646, 47.770408], [-2.11419, 47.770442], [-2.11361, 47.770537], [-2.113092, 47.770589], [-2.112549, 47.770619], [-2.111136, 47.770993], [-2.11039, 47.771265], [-2.110206, 47.77152], [-2.110358, 47.771781], [-2.110515, 47.771978], [-2.110694, 47.772132], [-2.110939, 47.772291], [-2.111008, 47.772486], [-2.110977, 47.772792], [-2.110912, 47.773105], [-2.110765, 47.773359], [-2.110537, 47.773593], [-2.110273, 47.773808], [-2.10997, 47.773928], [-2.109653, 47.774025], [-2.109449, 47.774169], [-2.109287, 47.774392], [-2.109124, 47.774963], [-2.108804, 47.775698], [-2.10876, 47.776144], [-2.108869, 47.776448], [-2.109375, 47.777379], [-2.109652, 47.777676], [-2.110036, 47.777956], [-2.110045, 47.77817], [-2.109938, 47.778579], [-2.109765, 47.778693], [-2.108925, 47.778816], [-2.108473, 47.77901], [-2.107376, 47.779267], [-2.106229, 47.77962], [-2.105629, 47.779768], [-2.105343, 47.779811], [-2.105095, 47.779812], [-2.104495, 47.779744], [-2.103913, 47.779791], [-2.103493, 47.779803], [-2.102603, 47.77962], [-2.102243, 47.779609], [-2.10192, 47.779426], [-2.101649, 47.779308], [-2.101403, 47.779274], [-2.100964, 47.779318], [-2.100767, 47.779287], [-2.100496, 47.779169], [-2.100419, 47.77905], [-2.100363, 47.778811], [-2.100131, 47.778599], [-2.099851, 47.778525], [-2.099185, 47.778473], [-2.098722, 47.778421], [-2.098169, 47.778392], [-2.097917, 47.778284], [-2.097336, 47.778174], [-2.097105, 47.778174], [-2.096627, 47.778224], [-2.096105, 47.778329], [-2.095827, 47.778428], [-2.095113, 47.778722], [-2.094491, 47.778894], [-2.094221, 47.779079], [-2.094182, 47.779419], [-2.094135, 47.779503], [-2.093939, 47.77967], [-2.093933, 47.779985], [-2.093836, 47.780125], [-2.093655, 47.780296], [-2.093593, 47.780704], [-2.093462, 47.780808], [-2.093156, 47.780938], [-2.092877, 47.781001], [-2.092124, 47.781309], [-2.091698, 47.78146], [-2.091171, 47.781688], [-2.090613, 47.781851], [-2.08999, 47.782002], [-2.089474, 47.782085], [-2.08909, 47.782169], [-2.088872, 47.782447], [-2.088679, 47.78257], [-2.088424, 47.782681], [-2.088187, 47.782719], [-2.087904, 47.782805], [-2.087528, 47.782826], [-2.087335, 47.782875], [-2.08651, 47.783233], [-2.085711, 47.783513], [-2.08546, 47.783689], [-2.084423, 47.784176], [-2.083742, 47.784405], [-2.083613, 47.78452], [-2.083497, 47.784866], [-2.083395, 47.784937], [-2.08242, 47.785327], [-2.082321, 47.785468], [-2.082354, 47.785816], [-2.082215, 47.786027], [-2.082234, 47.786543], [-2.082163, 47.786853], [-2.082084, 47.787064], [-2.081747, 47.787445], [-2.081384, 47.787726], [-2.080789, 47.788046], [-2.080647, 47.788144], [-2.08045, 47.788436], [-2.080254, 47.788855], [-2.080168, 47.789154], [-2.080086, 47.789275], [-2.079897, 47.789351], [-2.079586, 47.789433], [-2.078984, 47.789559], [-2.078462, 47.789695], [-2.078167, 47.789796], [-2.077994, 47.7898], [-2.077897, 47.789729], [-2.077843, 47.789396], [-2.07773, 47.789185], [-2.077459, 47.789066], [-2.076716, 47.789104], [-2.075699, 47.789098], [-2.074597, 47.788984], [-2.074197, 47.788969], [-2.073964, 47.788999], [-2.07357, 47.789249], [-2.073077, 47.789691], [-2.07282, 47.790107], [-2.07264, 47.790241], [-2.072354, 47.790554], [-2.07236, 47.790847], [-2.072557, 47.791264], [-2.072291, 47.791397], [-2.07216, 47.791521], [-2.071954, 47.79183], [-2.071856, 47.792165], [-2.07186, 47.792408], [-2.071968, 47.79289], [-2.072096, 47.793378], [-2.072095, 47.79381], [-2.072213, 47.793901], [-2.072399, 47.793913], [-2.072778, 47.793794], [-2.073065, 47.793811], [-2.073234, 47.794402], [-2.073227, 47.794643], [-2.073161, 47.794872], [-2.072797, 47.795522], [-2.072759, 47.795749], [-2.072736, 47.796296], [-2.072647, 47.796684], [-2.07256, 47.796851], [-2.072201, 47.797116], [-2.072067, 47.797289], [-2.072017, 47.797552], [-2.072071, 47.797754], [-2.072226, 47.798009], [-2.072284, 47.798281], [-2.072249, 47.798637], [-2.072168, 47.798831], [-2.072001, 47.798973], [-2.071761, 47.799123], [-2.071584, 47.799188], [-2.071349, 47.799338], [-2.070789, 47.79993], [-2.070304, 47.800354], [-2.070056, 47.800735], [-2.069941, 47.800995], [-2.070018, 47.801178], [-2.070225, 47.80132], [-2.071186, 47.801539], [-2.071502, 47.801652], [-2.071548, 47.801873], [-2.071427, 47.802103], [-2.071203, 47.802226], [-2.070854, 47.802257], [-2.070298, 47.802136], [-2.069968, 47.802128], [-2.069736, 47.802195], [-2.069598, 47.80232], [-2.069546, 47.802509], [-2.069601, 47.802763], [-2.069836, 47.803186], [-2.069829, 47.803534], [-2.069761, 47.803808], [-2.069634, 47.804173], [-2.069545, 47.804613], [-2.069363, 47.805389], [-2.06935, 47.805681], [-2.069441, 47.806072], [-2.069655, 47.806174], [-2.069729, 47.806255], [-2.069847, 47.806554], [-2.069935, 47.806947], [-2.070129, 47.80702], [-2.070605, 47.807123], [-2.070937, 47.807303], [-2.071056, 47.807514], [-2.071049, 47.807666], [-2.070808, 47.808094], [-2.070732, 47.808297], [-2.070711, 47.808582], [-2.070591, 47.809135], [-2.070555, 47.809383], [-2.07075, 47.809791], [-2.070816, 47.810032], [-2.070801, 47.810267], [-2.070725, 47.810566], [-2.070638, 47.810778], [-2.070556, 47.811092], [-2.070558, 47.811423], [-2.070486, 47.811664], [-2.070368, 47.81181], [-2.070119, 47.812018], [-2.069833, 47.812156], [-2.069529, 47.812255], [-2.068925, 47.812651], [-2.068216, 47.813009], [-2.067985, 47.813151], [-2.067808, 47.813198], [-2.067489, 47.813214], [-2.066794, 47.813184], [-2.066375, 47.813187], [-2.06606, 47.813268], [-2.065685, 47.813497], [-2.064995, 47.813795], [-2.064728, 47.813848], [-2.064303, 47.81384], [-2.064062, 47.813781], [-2.06376, 47.81366], [-2.063495, 47.813584], [-2.063131, 47.813533], [-2.062537, 47.813474], [-2.062274, 47.813481], [-2.062073, 47.813572], [-2.061877, 47.813713], [-2.061394, 47.813887], [-2.061055, 47.814206], [-2.060937, 47.814268], [-2.060747, 47.814282], [-2.060354, 47.814216], [-2.060118, 47.814241], [-2.059672, 47.814392], [-2.058983, 47.814656], [-2.058135, 47.814912], [-2.057505, 47.815031], [-2.057292, 47.815114], [-2.057181, 47.81522], [-2.056868, 47.815414], [-2.056293, 47.815813], [-2.05599, 47.815983], [-2.055759, 47.816022], [-2.055176, 47.816016], [-2.054717, 47.816123], [-2.054017, 47.816366], [-2.053561, 47.816558], [-2.053341, 47.816769], [-2.053177, 47.817107], [-2.053055, 47.817235], [-2.052694, 47.817446], [-2.052229, 47.817632], [-2.051899, 47.817628], [-2.051691, 47.817445], [-2.05157, 47.81726], [-2.051431, 47.817135], [-2.051001, 47.816968], [-2.050752, 47.816938], [-2.050475, 47.816941], [-2.049671, 47.816987], [-2.04935, 47.81707], [-2.049212, 47.817174], [-2.048963, 47.81752], [-2.048725, 47.817692], [-2.047967, 47.817914], [-2.047609, 47.818136], [-2.047264, 47.81839], [-2.047088, 47.818544], [-2.046925, 47.818801], [-2.046977, 47.819173], [-2.046991, 47.81944], [-2.046933, 47.819529], [-2.046591, 47.819674], [-2.046227, 47.82005], [-2.046113, 47.820201], [-2.045946, 47.820514], [-2.045682, 47.821104], [-2.045446, 47.82154], [-2.045202, 47.821843], [-2.045082, 47.822064], [-2.045066, 47.822359], [-2.045211, 47.822978], [-2.045274, 47.823085], [-2.045491, 47.823172], [-2.045568, 47.823249], [-2.045732, 47.823587], [-2.045735, 47.823834], [-2.045579, 47.823998], [-2.045278, 47.824064], [-2.045099, 47.824064], [-2.044622, 47.82389], [-2.04444, 47.823876], [-2.04412, 47.823974], [-2.043995, 47.824082], [-2.043948, 47.824238], [-2.043952, 47.824831], [-2.043809, 47.82541], [-2.043729, 47.825566], [-2.043561, 47.825628], [-2.0432, 47.825593], [-2.04295, 47.825519], [-2.042637, 47.825489], [-2.042011, 47.825611], [-2.041893, 47.82568], [-2.041831, 47.825819], [-2.041853, 47.825955], [-2.04209, 47.826159], [-2.042166, 47.826289], [-2.042159, 47.826647], [-2.042033, 47.826933], [-2.041946, 47.827058], [-2.041723, 47.827178], [-2.041021, 47.827368], [-2.040807, 47.827443], [-2.040467, 47.827795], [-2.040311, 47.82788], [-2.040149, 47.8281], [-2.040163, 47.828218], [-2.040295, 47.828459], [-2.040453, 47.8286], [-2.040802, 47.828775], [-2.040919, 47.828784], [-2.040899, 47.829088], [-2.041152, 47.829313], [-2.041576, 47.82951], [-2.042003, 47.829532], [-2.041981, 47.829709], [-2.041864, 47.829785], [-2.041467, 47.829896], [-2.041203, 47.829926], [-2.040979, 47.829896], [-2.040595, 47.829686], [-2.040476, 47.829568], [-2.04021, 47.829508], [-2.040035, 47.829572], [-2.039566, 47.829946], [-2.039435, 47.829979], [-2.039066, 47.829988], [-2.03861, 47.830061], [-2.038078, 47.830201], [-2.037436, 47.830349], [-2.037361, 47.830413], [-2.037447, 47.830535], [-2.037428, 47.830663], [-2.037841, 47.831315], [-2.037898, 47.831539], [-2.037764, 47.831621], [-2.037474, 47.831641], [-2.037232, 47.831815], [-2.036683, 47.831887], [-2.036308, 47.832033], [-2.035976, 47.832224], [-2.035804, 47.832352], [-2.035611, 47.832557], [-2.03539, 47.832745], [-2.035396, 47.832929], [-2.035816, 47.833053], [-2.035947, 47.833141], [-2.036098, 47.833416], [-2.036113, 47.833618], [-2.036259, 47.833757], [-2.036348, 47.833744], [-2.036893, 47.83389], [-2.037254, 47.833925], [-2.037647, 47.834004], [-2.037893, 47.834021], [-2.038498, 47.834195], [-2.038767, 47.83431], [-2.039013, 47.834375], [-2.039384, 47.83444], [-2.039611, 47.834447], [-2.040007, 47.834407], [-2.04022, 47.834428], [-2.040563, 47.835354], [-2.040937, 47.835369], [-2.041524, 47.835431], [-2.04232, 47.835533], [-2.042658, 47.835542], [-2.043149, 47.835591], [-2.043978, 47.835716], [-2.044845, 47.835943], [-2.04546, 47.836062], [-2.045974, 47.836196], [-2.04626, 47.836251], [-2.046872, 47.836302], [-2.047579, 47.836396], [-2.047755, 47.836438], [-2.048388, 47.836804], [-2.048876, 47.837146], [-2.049436, 47.837428], [-2.049679, 47.837725], [-2.049918, 47.838062], [-2.050309, 47.838952], [-2.050322, 47.839271], [-2.050462, 47.839942], [-2.050536, 47.840375], [-2.051587, 47.840615], [-2.051444, 47.840831], [-2.051617, 47.840887], [-2.051685, 47.84116], [-2.051906, 47.841515], [-2.051942, 47.841728], [-2.05216, 47.841971], [-2.052156, 47.842068], [-2.05173, 47.842202], [-2.051571, 47.842334], [-2.051536, 47.842532], [-2.051427, 47.842635], [-2.051123, 47.842496], [-2.051042, 47.842615], [-2.051186, 47.842877], [-2.05136, 47.842998], [-2.051137, 47.843249], [-2.051002, 47.843336], [-2.050818, 47.843685], [-2.050707, 47.843765], [-2.05054, 47.8438], [-2.050302, 47.844], [-2.05031, 47.844153], [-2.050479, 47.844282], [-2.050493, 47.844387], [-2.050684, 47.844457], [-2.050663, 47.844615], [-2.050857, 47.844911], [-2.051009, 47.84496], [-2.050965, 47.84516], [-2.051085, 47.845294], [-2.051077, 47.845399], [-2.050943, 47.845587], [-2.050743, 47.845733], [-2.05069, 47.845845], [-2.050798, 47.846005], [-2.051199, 47.846182], [-2.051314, 47.846287], [-2.05136, 47.846496], [-2.051524, 47.846623], [-2.051486, 47.846872], [-2.051421, 47.847022], [-2.0512, 47.847146], [-2.051199, 47.847247], [-2.051359, 47.847337], [-2.051617, 47.847417], [-2.051894, 47.84754], [-2.051928, 47.847687], [-2.05211, 47.847809], [-2.052119, 47.848048], [-2.05228, 47.848287], [-2.052347, 47.848891], [-2.052884, 47.848936], [-2.052978, 47.849017], [-2.053129, 47.849282], [-2.053492, 47.849379], [-2.054051, 47.849639], [-2.054199, 47.849776], [-2.054089, 47.849915], [-2.054348, 47.85], [-2.05442, 47.850195], [-2.054378, 47.850296], [-2.054202, 47.850465], [-2.054187, 47.850532], [-2.054304, 47.850687], [-2.054201, 47.850985], [-2.054178, 47.851186], [-2.054085, 47.851558], [-2.054002, 47.851725], [-2.054048, 47.851898], [-2.0541, 47.852392], [-2.054157, 47.852551], [-2.053974, 47.852696], [-2.054009, 47.852899], [-2.054127, 47.853023], [-2.054142, 47.853145], [-2.053938, 47.853231], [-2.053863, 47.853316], [-2.05394, 47.853681], [-2.054097, 47.853876], [-2.054129, 47.854044], [-2.054041, 47.854172], [-2.053754, 47.854271], [-2.053844, 47.854415], [-2.05377, 47.854478], [-2.053554, 47.85448], [-2.053464, 47.854579], [-2.053233, 47.85464], [-2.053251, 47.854771], [-2.05314, 47.855002], [-2.05297, 47.855103], [-2.052697, 47.855202], [-2.052644, 47.85531], [-2.052487, 47.855351], [-2.052379, 47.855282], [-2.052121, 47.855301], [-2.052063, 47.855396], [-2.05206, 47.85569], [-2.051806, 47.855726], [-2.051836, 47.855901], [-2.052103, 47.856124], [-2.052052, 47.856256], [-2.051748, 47.856273], [-2.051548, 47.856351], [-2.051381, 47.856485], [-2.051233, 47.856487], [-2.050912, 47.856773], [-2.050864, 47.856883], [-2.050855, 47.85712], [-2.050944, 47.857314], [-2.051176, 47.857618], [-2.051209, 47.857768], [-2.051188, 47.858145], [-2.051074, 47.858368], [-2.051196, 47.858485], [-2.051586, 47.858471], [-2.051631, 47.858544], [-2.051566, 47.858655], [-2.051607, 47.858957], [-2.051522, 47.859395], [-2.051492, 47.859701], [-2.051447, 47.860751], [-2.051555, 47.860881], [-2.05192, 47.860895], [-2.052046, 47.860935], [-2.052296, 47.861396], [-2.052346, 47.861533], [-2.052498, 47.861683], [-2.052895, 47.862012], [-2.054352, 47.863286], [-2.054594, 47.86365], [-2.05473, 47.863892], [-2.054798, 47.86409], [-2.054819, 47.864415], [-2.054795, 47.864778], [-2.054651, 47.865024], [-2.054653, 47.865283], [-2.054602, 47.865692], [-2.054631, 47.866009], [-2.054814, 47.866187], [-2.055303, 47.866494], [-2.055317, 47.866617], [-2.055225, 47.866927], [-2.054891, 47.867472], [-2.054918, 47.867816], [-2.054901, 47.868106], [-2.054935, 47.868694], [-2.05494, 47.868735], [-2.055308, 47.868657], [-2.055497, 47.868591], [-2.056382, 47.868168], [-2.056633, 47.868023], [-2.057598, 47.867364], [-2.059561, 47.865627], [-2.060186, 47.865057], [-2.061, 47.864354], [-2.061495, 47.86388], [-2.061976, 47.863336], [-2.062302, 47.862992], [-2.062896, 47.862102], [-2.062981, 47.861947], [-2.063168, 47.861766], [-2.064363, 47.860528], [-2.064421, 47.860533], [-2.064543, 47.859962], [-2.064565, 47.859587], [-2.064557, 47.858888], [-2.0646, 47.858516], [-2.064861, 47.856927], [-2.064976, 47.856481], [-2.065105, 47.856078], [-2.065277, 47.855717], [-2.065538, 47.855419], [-2.066211, 47.85499], [-2.066507, 47.854817], [-2.066865, 47.854521], [-2.067007, 47.854342], [-2.067466, 47.853632], [-2.067551, 47.853305], [-2.067795, 47.852767], [-2.068076, 47.852434], [-2.068446, 47.852153], [-2.068775, 47.851963], [-2.069241, 47.851829], [-2.069753, 47.851769], [-2.070678, 47.851724], [-2.070973, 47.851678], [-2.071833, 47.851578], [-2.072929, 47.851428], [-2.073738, 47.851231], [-2.07476, 47.851076], [-2.075943, 47.850856], [-2.076621, 47.850642], [-2.078367, 47.849996], [-2.079508, 47.849432], [-2.080003, 47.849151], [-2.080665, 47.848758], [-2.081342, 47.848335], [-2.081796, 47.848068], [-2.082374, 47.847647], [-2.08338, 47.846954], [-2.083587, 47.846862], [-2.084016, 47.846809], [-2.084163, 47.846709], [-2.085155, 47.846147], [-2.085573, 47.845902], [-2.086462, 47.8454], [-2.086873, 47.845201], [-2.08922, 47.844205], [-2.090063, 47.84383], [-2.091201, 47.843392], [-2.091352, 47.843596], [-2.091713, 47.844178], [-2.091789, 47.844156], [-2.092107, 47.844343], [-2.092249, 47.844311], [-2.092521, 47.844034], [-2.092721, 47.844026], [-2.093301, 47.844083], [-2.093696, 47.844081], [-2.094165, 47.844034], [-2.094389, 47.843989], [-2.094676, 47.844048], [-2.095056, 47.844084], [-2.095278, 47.844071], [-2.095812, 47.843792], [-2.095815, 47.843727], [-2.096058, 47.843633], [-2.096869, 47.843849], [-2.09709, 47.843864], [-2.097552, 47.843849], [-2.097834, 47.843819], [-2.097856, 47.843922], [-2.098971, 47.843775], [-2.099329, 47.843752], [-2.099887, 47.843772], [-2.101646, 47.843926], [-2.102128, 47.843956], [-2.102131, 47.844181], [-2.102247, 47.844302], [-2.102752, 47.844579], [-2.10343, 47.845019], [-2.105082, 47.846137], [-2.105518, 47.846392], [-2.108146, 47.847864], [-2.108121, 47.848053], [-2.108421, 47.848356], [-2.108893, 47.84865], [-2.109525, 47.848859], [-2.109625, 47.848962], [-2.1096, 47.849074], [-2.109256, 47.849828], [-2.109201, 47.850057], [-2.109203, 47.850204], [-2.109288, 47.850488], [-2.109138, 47.850666], [-2.108897, 47.850738], [-2.108016, 47.850951], [-2.107342, 47.851145], [-2.106952, 47.851213], [-2.10666, 47.851187], [-2.106398, 47.851213], [-2.105636, 47.851358], [-2.105322, 47.851484], [-2.105051, 47.851838], [-2.104621, 47.85245], [-2.104342, 47.853097], [-2.104238, 47.853719], [-2.104335, 47.8541], [-2.104327, 47.854208], [-2.104498, 47.854551], [-2.104665, 47.854795], [-2.104747, 47.85483], [-2.104297, 47.855098], [-2.104453, 47.855662], [-2.104579, 47.855885], [-2.104543, 47.85591], [-2.104909, 47.856261], [-2.104989, 47.856583], [-2.105135, 47.856636], [-2.105263, 47.856757], [-2.105451, 47.856837], [-2.105139, 47.857165], [-2.105213, 47.857318], [-2.105711, 47.857717], [-2.105296, 47.857887], [-2.105426, 47.858256], [-2.105612, 47.858454], [-2.105615, 47.858542], [-2.105355, 47.858656], [-2.105126, 47.858821], [-2.104865, 47.859224], [-2.104105, 47.859472], [-2.103938, 47.859477], [-2.103737, 47.859422], [-2.103345, 47.859409], [-2.102902, 47.859458], [-2.102833, 47.859511], [-2.102063, 47.859483], [-2.101827, 47.859275], [-2.101608, 47.859294], [-2.101608, 47.859446], [-2.101392, 47.859423], [-2.101184, 47.859231], [-2.100921, 47.859191], [-2.100613, 47.859223], [-2.100234, 47.859417], [-2.100253, 47.859641], [-2.100057, 47.859824], [-2.09979, 47.859959], [-2.099383, 47.860294], [-2.098424, 47.860535], [-2.098196, 47.860688], [-2.097643, 47.860977], [-2.097301, 47.861102], [-2.096599, 47.861396], [-2.096427, 47.861426], [-2.095697, 47.8617], [-2.095921, 47.862117], [-2.096141, 47.862346], [-2.09643, 47.862477], [-2.096866, 47.862736], [-2.097179, 47.863051], [-2.097362, 47.863309], [-2.097366, 47.863363], [-2.097169, 47.863712], [-2.097228, 47.86382], [-2.097561, 47.864001], [-2.097621, 47.864167], [-2.097406, 47.864627], [-2.097425, 47.864773], [-2.097785, 47.86502], [-2.098228, 47.865166], [-2.098393, 47.865291], [-2.098499, 47.865506], [-2.098605, 47.865627], [-2.09884, 47.865734], [-2.099271, 47.865815], [-2.099451, 47.865868], [-2.099616, 47.866013], [-2.099668, 47.866458], [-2.099716, 47.866575], [-2.099832, 47.866668], [-2.10026, 47.866726], [-2.100705, 47.866689], [-2.100829, 47.866725], [-2.100813, 47.867036], [-2.100839, 47.867205], [-2.100976, 47.86735], [-2.101323, 47.867472], [-2.10161, 47.8677], [-2.101686, 47.867926], [-2.101832, 47.868189], [-2.101995, 47.868299], [-2.102472, 47.86834], [-2.102671, 47.868389], [-2.102916, 47.868623], [-2.103204, 47.868826], [-2.103589, 47.868981], [-2.103899, 47.869147], [-2.104206, 47.869195], [-2.104427, 47.869181], [-2.104591, 47.869128], [-2.104687, 47.868992], [-2.104653, 47.868843], [-2.104489, 47.8686], [-2.104479, 47.868437], [-2.10468, 47.868271], [-2.104947, 47.868248], [-2.105161, 47.868359], [-2.105309, 47.868678], [-2.105464, 47.868886], [-2.105877, 47.869156], [-2.106066, 47.869391], [-2.106485, 47.869771], [-2.106732, 47.870122], [-2.106955, 47.870289], [-2.10717, 47.870392], [-2.107337, 47.870692], [-2.107346, 47.870933], [-2.10726, 47.8711], [-2.107076, 47.871349], [-2.10695, 47.871461], [-2.106893, 47.871621], [-2.10695, 47.872086], [-2.107118, 47.872293], [-2.10707, 47.872631], [-2.107077, 47.872807], [-2.107139, 47.872963], [-2.107243, 47.873041], [-2.107549, 47.873095], [-2.107854, 47.873034], [-2.108016, 47.873035], [-2.108351, 47.87316], [-2.108725, 47.873539], [-2.108919, 47.873644], [-2.1093, 47.873699], [-2.109531, 47.873777], [-2.109748, 47.874039], [-2.110003, 47.874209], [-2.110941, 47.874554], [-2.111374, 47.874689], [-2.111661, 47.874918], [-2.112085, 47.87536], [-2.11219, 47.87551], [-2.11222, 47.875635], [-2.11243, 47.875984], [-2.112798, 47.876436], [-2.113094, 47.876589], [-2.113837, 47.876812], [-2.114111, 47.876973], [-2.114729, 47.877654], [-2.114811, 47.87793], [-2.115228, 47.878563], [-2.115436, 47.878684], [-2.115712, 47.878991], [-2.115914, 47.879334], [-2.11611, 47.879726], [-2.116143, 47.879944], [-2.116217, 47.880152], [-2.116224, 47.880547], [-2.116144, 47.880729], [-2.116029, 47.880843], [-2.115489, 47.881109], [-2.115351, 47.881403], [-2.115232, 47.881579], [-2.114988, 47.881868], [-2.11477, 47.882358], [-2.114687, 47.882473], [-2.114633, 47.882704], [-2.114446, 47.882984], [-2.114312, 47.883072], [-2.113976, 47.883109], [-2.113218, 47.883062], [-2.113198, 47.883268], [-2.113308, 47.883439], [-2.113659, 47.883742], [-2.11387, 47.883851], [-2.113995, 47.884059], [-2.113952, 47.884494], [-2.11412, 47.884958], [-2.114117, 47.885184], [-2.113932, 47.885371], [-2.113628, 47.885743], [-2.11334, 47.88584], [-2.113421, 47.886161], [-2.113649, 47.886461], [-2.113858, 47.886801], [-2.113917, 47.886943], [-2.113896, 47.887063], [-2.113748, 47.887168], [-2.113403, 47.887286], [-2.113186, 47.887389], [-2.11308, 47.887534], [-2.113144, 47.887672], [-2.113328, 47.887756], [-2.113603, 47.887731], [-2.113868, 47.887773], [-2.114489, 47.887732], [-2.1145, 47.887971], [-2.114704, 47.88829], [-2.114753, 47.888415], [-2.114599, 47.888658], [-2.114451, 47.888726], [-2.114192, 47.88871], [-2.113928, 47.888784], [-2.113669, 47.889081], [-2.113751, 47.889279], [-2.11388, 47.889309], [-2.114356, 47.889203], [-2.114659, 47.889205], [-2.114959, 47.889355], [-2.115158, 47.88941], [-2.115178, 47.889467], [-2.114948, 47.889697], [-2.115009, 47.889768], [-2.115263, 47.88982], [-2.115479, 47.889941], [-2.1156, 47.889954], [-2.115717, 47.890146], [-2.11543, 47.890672], [-2.115129, 47.890987], [-2.114998, 47.891192], [-2.114842, 47.891518], [-2.114443, 47.891706], [-2.114281, 47.891861], [-2.114281, 47.89196], [-2.114387, 47.892121], [-2.114376, 47.892342], [-2.114232, 47.892406], [-2.113828, 47.892443], [-2.113708, 47.892524], [-2.113895, 47.892681], [-2.113915, 47.892805], [-2.113675, 47.892884], [-2.113214, 47.892869], [-2.112964, 47.892958], [-2.11282, 47.893115], [-2.112811, 47.893376], [-2.112718, 47.893509], [-2.112456, 47.893694], [-2.112407, 47.893832], [-2.112588, 47.894019], [-2.112631, 47.89415], [-2.112628, 47.894455], [-2.112436, 47.894652], [-2.112001, 47.894836], [-2.111786, 47.894859], [-2.111568, 47.894934], [-2.111277, 47.894889], [-2.111104, 47.894782], [-2.110793, 47.894361], [-2.110609, 47.89436], [-2.110372, 47.894433], [-2.110084, 47.894379], [-2.109858, 47.894182], [-2.109462, 47.894149], [-2.109113, 47.894041], [-2.10851, 47.894046], [-2.108299, 47.894103], [-2.108118, 47.894073], [-2.107866, 47.893928], [-2.10735, 47.893742], [-2.107186, 47.893624], [-2.106882, 47.893489], [-2.106727, 47.893368], [-2.106147, 47.893292], [-2.105731, 47.893176], [-2.105558, 47.893197], [-2.105397, 47.893319], [-2.105444, 47.893518], [-2.105315, 47.893737], [-2.105187, 47.894088], [-2.105034, 47.894159], [-2.104791, 47.894138], [-2.104562, 47.894161], [-2.104308, 47.89424], [-2.104015, 47.894228], [-2.103749, 47.894129], [-2.103557, 47.894137], [-2.103518, 47.894251], [-2.103396, 47.894375], [-2.103058, 47.894417], [-2.102914, 47.894477], [-2.102673, 47.894679], [-2.102494, 47.894709], [-2.102176, 47.894685], [-2.10177, 47.894601], [-2.101646, 47.894642], [-2.101348, 47.894915], [-2.101331, 47.895011], [-2.101407, 47.895207], [-2.101276, 47.895353], [-2.10066, 47.89572], [-2.100562, 47.896029], [-2.100719, 47.896267], [-2.100898, 47.896413], [-2.100965, 47.896518], [-2.100952, 47.896697], [-2.101122, 47.896722], [-2.10152, 47.896657], [-2.101778, 47.896664], [-2.102015, 47.896713], [-2.102329, 47.896849], [-2.102398, 47.896946], [-2.102604, 47.897024], [-2.102739, 47.897158], [-2.102952, 47.897243], [-2.103104, 47.897426], [-2.103282, 47.897495], [-2.103509, 47.897508], [-2.103744, 47.897599], [-2.103768, 47.897706], [-2.103657, 47.897865], [-2.10363, 47.898017], [-2.103675, 47.898124], [-2.103975, 47.898227], [-2.104307, 47.898215], [-2.10461, 47.898265], [-2.10478, 47.898523], [-2.105126, 47.898975], [-2.105373, 47.899475], [-2.105542, 47.899656], [-2.105469, 47.899981], [-2.105484, 47.900171], [-2.105568, 47.900343], [-2.105765, 47.900548], [-2.1062, 47.901417], [-2.106178, 47.901656], [-2.106076, 47.901942], [-2.105939, 47.902175], [-2.105812, 47.902293], [-2.105407, 47.902461], [-2.105067, 47.902529], [-2.104636, 47.902493], [-2.10405, 47.902307], [-2.103881, 47.902195], [-2.103695, 47.901993], [-2.103463, 47.90167], [-2.103219, 47.901457], [-2.1028, 47.901177], [-2.101698, 47.900591], [-2.101414, 47.900493], [-2.100551, 47.900361], [-2.099891, 47.900375], [-2.098677, 47.900584], [-2.098396, 47.900736], [-2.098077, 47.901002], [-2.097539, 47.901269], [-2.09722, 47.901576], [-2.097064, 47.901683], [-2.096671, 47.901881], [-2.096425, 47.901969], [-2.096164, 47.902007], [-2.095472, 47.901919], [-2.094598, 47.901923], [-2.094394, 47.901999], [-2.094138, 47.902231], [-2.09397, 47.90233], [-2.093709, 47.902417], [-2.093305, 47.902475], [-2.093229, 47.9025], [-2.092984, 47.902408], [-2.092608, 47.902434], [-2.091902, 47.902394], [-2.091633, 47.902442], [-2.09137, 47.902399], [-2.091182, 47.902331], [-2.090885, 47.902381], [-2.090348, 47.902434], [-2.089867, 47.902561], [-2.089552, 47.902846], [-2.089334, 47.902938], [-2.089121, 47.902936], [-2.088904, 47.902866], [-2.088691, 47.902854], [-2.088201, 47.902924], [-2.08774, 47.903159], [-2.087585, 47.903215], [-2.087173, 47.903249], [-2.086766, 47.903401], [-2.08619, 47.903491], [-2.085981, 47.903539], [-2.085782, 47.903722], [-2.085711, 47.90394], [-2.085599, 47.904126], [-2.085393, 47.904355], [-2.085236, 47.904468], [-2.084716, 47.904576], [-2.084404, 47.905017], [-2.084419, 47.905165], [-2.084615, 47.905285], [-2.084792, 47.905566], [-2.085009, 47.905822], [-2.08535, 47.905942], [-2.085461, 47.906041], [-2.085614, 47.906307], [-2.085733, 47.906712], [-2.085624, 47.906862], [-2.084846, 47.906744], [-2.084477, 47.90676], [-2.083974, 47.906883], [-2.083919, 47.907038], [-2.084168, 47.907316], [-2.084111, 47.90752], [-2.084009, 47.90756], [-2.083611, 47.907533], [-2.083421, 47.907552], [-2.083229, 47.907626], [-2.083036, 47.907763], [-2.082756, 47.908115], [-2.082668, 47.908164], [-2.082364, 47.908197], [-2.082243, 47.908246], [-2.082159, 47.908546], [-2.082036, 47.908683], [-2.081778, 47.908836], [-2.081678, 47.908905], [-2.081678, 47.909003], [-2.081843, 47.909129], [-2.081887, 47.909296], [-2.081834, 47.90951], [-2.081823, 47.909727], [-2.081922, 47.910005], [-2.08198, 47.910062], [-2.082366, 47.910272], [-2.082504, 47.910428], [-2.082358, 47.910725], [-2.08245, 47.910883], [-2.083036, 47.911004], [-2.083217, 47.911163], [-2.083414, 47.911238], [-2.08344, 47.911344], [-2.083377, 47.911596], [-2.083417, 47.911682], [-2.08366, 47.911874], [-2.084165, 47.912124], [-2.084606, 47.912375], [-2.084818, 47.912516], [-2.084863, 47.912687], [-2.084817, 47.912908], [-2.085013, 47.913129], [-2.085303, 47.913381], [-2.085395, 47.913574], [-2.085417, 47.913845], [-2.085361, 47.914064], [-2.085057, 47.914343], [-2.084609, 47.914514], [-2.084342, 47.914719], [-2.084034, 47.914757], [-2.083581, 47.914646], [-2.083304, 47.914714], [-2.083053, 47.914918], [-2.082935, 47.914965], [-2.082689, 47.914984], [-2.082366, 47.914916], [-2.082254, 47.914761], [-2.082193, 47.91444], [-2.082016, 47.91443], [-2.081026, 47.914428], [-2.080801, 47.914466], [-2.080573, 47.914573], [-2.080478, 47.914732], [-2.080508, 47.914931], [-2.080442, 47.915186], [-2.080473, 47.915478], [-2.080644, 47.915706], [-2.080652, 47.915933], [-2.080827, 47.916193], [-2.081105, 47.916444], [-2.081324, 47.916582], [-2.081311, 47.91676], [-2.081069, 47.916917], [-2.081043, 47.917047], [-2.080871, 47.917147], [-2.0805, 47.917551], [-2.080037, 47.91786], [-2.079864, 47.917903], [-2.079606, 47.917898], [-2.078742, 47.918156], [-2.07832, 47.918316], [-2.078279, 47.918381], [-2.078311, 47.91859], [-2.078468, 47.91881], [-2.078493, 47.918922], [-2.07843, 47.919066], [-2.078427, 47.919222], [-2.078581, 47.919544], [-2.078901, 47.919697], [-2.079134, 47.919841], [-2.079322, 47.920192], [-2.079689, 47.920431], [-2.079721, 47.920559], [-2.079632, 47.9208], [-2.079669, 47.921047], [-2.079849, 47.921161], [-2.080142, 47.921279], [-2.080406, 47.92143], [-2.081346, 47.922299], [-2.081795, 47.922484], [-2.081993, 47.922589], [-2.082087, 47.922712], [-2.082239, 47.922777], [-2.082531, 47.922766], [-2.082766, 47.922827], [-2.082952, 47.923045], [-2.083056, 47.923042], [-2.083505, 47.922644], [-2.083794, 47.922634], [-2.084401, 47.923029], [-2.08506, 47.923379], [-2.084987, 47.923486], [-2.084849, 47.92356], [-2.084587, 47.923804], [-2.084572, 47.924034], [-2.084752, 47.924155], [-2.085272, 47.924289], [-2.085385, 47.924348], [-2.085422, 47.924537], [-2.085126, 47.924822], [-2.085103, 47.924925], [-2.085269, 47.925096], [-2.085479, 47.925199], [-2.085539, 47.925282], [-2.085559, 47.925605], [-2.085711, 47.925857], [-2.085856, 47.925931], [-2.086498, 47.92608], [-2.086883, 47.926215], [-2.087291, 47.926412], [-2.0876, 47.926609], [-2.088192, 47.92659], [-2.088435, 47.926655], [-2.088842, 47.926947], [-2.089183, 47.926992], [-2.089328, 47.927103], [-2.089284, 47.927331], [-2.089374, 47.927897], [-2.089404, 47.927994], [-2.089565, 47.928153], [-2.089607, 47.928353], [-2.089489, 47.928535], [-2.089737, 47.928762], [-2.089886, 47.929009], [-2.089862, 47.929324], [-2.089886, 47.929612], [-2.09009, 47.930029], [-2.090254, 47.930242], [-2.090486, 47.930428], [-2.090581, 47.930462], [-2.090764, 47.930425], [-2.090901, 47.930173], [-2.091111, 47.930105], [-2.091356, 47.93019], [-2.091461, 47.930298], [-2.091754, 47.930367], [-2.091868, 47.930536], [-2.091769, 47.930664], [-2.091537, 47.930852], [-2.091569, 47.930956], [-2.092199, 47.93091], [-2.092435, 47.931045], [-2.092408, 47.9312], [-2.092562, 47.931631], [-2.092851, 47.931838], [-2.092955, 47.932196], [-2.093117, 47.932252], [-2.093693, 47.932278], [-2.09443, 47.932258], [-2.094804, 47.932295], [-2.095364, 47.932561], [-2.096142, 47.932687], [-2.096667, 47.93281], [-2.097337, 47.933037], [-2.097777, 47.933094], [-2.097875, 47.933177], [-2.097859, 47.933309], [-2.097758, 47.933387], [-2.097375, 47.933561], [-2.097186, 47.933622], [-2.096701, 47.93353], [-2.096454, 47.933539], [-2.09625, 47.9337], [-2.096268, 47.933825], [-2.096566, 47.934062], [-2.096692, 47.934261], [-2.096976, 47.934494], [-2.097268, 47.93488], [-2.097334, 47.935259], [-2.097552, 47.935476], [-2.097577, 47.935803], [-2.097329, 47.936095], [-2.097301, 47.936416], [-2.097369, 47.93657], [-2.097647, 47.936682], [-2.097979, 47.936676], [-2.098313, 47.936613], [-2.098556, 47.936621], [-2.098669, 47.93666], [-2.099054, 47.936971], [-2.099461, 47.937168], [-2.09955, 47.937238], [-2.099937, 47.937342], [-2.100104, 47.937431], [-2.100419, 47.937726], [-2.10049, 47.938091], [-2.100995, 47.938237], [-2.101177, 47.938391], [-2.101095, 47.938691], [-2.101302, 47.938868], [-2.101478, 47.939161], [-2.101479, 47.939318], [-2.101099, 47.939819], [-2.100963, 47.939928], [-2.100739, 47.940029], [-2.100628, 47.940171], [-2.100505, 47.940235], [-2.100224, 47.94027], [-2.100007, 47.940337], [-2.099421, 47.940596], [-2.099099, 47.940767], [-2.09884, 47.940864], [-2.098599, 47.940915], [-2.098118, 47.941106], [-2.098012, 47.941232], [-2.097931, 47.941458], [-2.097725, 47.941647], [-2.097734, 47.941824], [-2.098092, 47.941975], [-2.098279, 47.942165], [-2.098288, 47.9423], [-2.098202, 47.94248], [-2.097949, 47.942763], [-2.097809, 47.943092], [-2.097753, 47.943404], [-2.097894, 47.943596], [-2.098148, 47.943629], [-2.098665, 47.943552], [-2.098981, 47.943568], [-2.099159, 47.943688], [-2.099252, 47.943826], [-2.099217, 47.944122], [-2.099472, 47.944183], [-2.099802, 47.944128], [-2.099971, 47.944136], [-2.100098, 47.944399], [-2.100131, 47.944792], [-2.099834, 47.944986], [-2.099846, 47.94514], [-2.099687, 47.945244], [-2.099731, 47.945525], [-2.099658, 47.945641], [-2.099941, 47.94583], [-2.099969, 47.945955], [-2.099871, 47.946101], [-2.099913, 47.946449], [-2.099943, 47.946981], [-2.09988, 47.947072], [-2.0996, 47.947324], [-2.099571, 47.947467], [-2.099591, 47.947764], [-2.099655, 47.947938], [-2.099664, 47.948184], [-2.099847, 47.948264], [-2.099868, 47.948379], [-2.100018, 47.948408], [-2.100213, 47.948365], [-2.100639, 47.948438], [-2.100953, 47.948402], [-2.101209, 47.948266], [-2.101592, 47.948246], [-2.101868, 47.948118], [-2.102157, 47.94808], [-2.102349, 47.948145], [-2.102565, 47.948302], [-2.102665, 47.948532], [-2.102855, 47.948648], [-2.103007, 47.948808], [-2.103074, 47.949039], [-2.103, 47.949105], [-2.102829, 47.949102], [-2.10271, 47.949264], [-2.102885, 47.949549], [-2.10291, 47.949761], [-2.102788, 47.949991], [-2.102931, 47.950121], [-2.10321, 47.95024], [-2.103192, 47.95046], [-2.103334, 47.950613], [-2.103481, 47.950662], [-2.103687, 47.950669], [-2.103962, 47.950625], [-2.104156, 47.950652], [-2.104339, 47.950727], [-2.104483, 47.950846], [-2.104538, 47.950972], [-2.104561, 47.951191], [-2.104541, 47.951658], [-2.104597, 47.951852], [-2.104535, 47.952086], [-2.104589, 47.952241], [-2.104679, 47.952313], [-2.104962, 47.95242], [-2.105488, 47.952495], [-2.106083, 47.952538], [-2.106495, 47.952517], [-2.106617, 47.952456], [-2.106694, 47.95231], [-2.106858, 47.952237], [-2.107077, 47.952231], [-2.10746, 47.952104], [-2.107659, 47.952094], [-2.107863, 47.952233], [-2.107917, 47.952394], [-2.108063, 47.952504], [-2.108593, 47.952751], [-2.109098, 47.952822], [-2.109774, 47.952787], [-2.110195, 47.95288], [-2.110262, 47.952955], [-2.110296, 47.953677], [-2.110277, 47.953816], [-2.110125, 47.953921], [-2.109682, 47.954019], [-2.109459, 47.954124], [-2.109143, 47.95443], [-2.109094, 47.954586], [-2.109162, 47.95479], [-2.109138, 47.955153], [-2.109175, 47.955301], [-2.109434, 47.955633], [-2.109435, 47.955788], [-2.109306, 47.95591], [-2.109118, 47.956159], [-2.108932, 47.95625], [-2.108885, 47.956526], [-2.108777, 47.956718], [-2.108757, 47.956869], [-2.108904, 47.957076], [-2.109091, 47.957173], [-2.109321, 47.957221], [-2.109391, 47.957307], [-2.109315, 47.957578], [-2.109325, 47.95769], [-2.109437, 47.95785], [-2.109535, 47.957894], [-2.109773, 47.957887], [-2.109988, 47.958041], [-2.110342, 47.95845], [-2.110384, 47.95871], [-2.110717, 47.958956], [-2.1107, 47.959015], [-2.11044, 47.959242], [-2.110435, 47.959327], [-2.110721, 47.959467], [-2.110724, 47.959562], [-2.110563, 47.959686], [-2.110558, 47.959808], [-2.110749, 47.959946], [-2.110963, 47.959945], [-2.111483, 47.95955], [-2.111586, 47.95952], [-2.111867, 47.959532], [-2.112054, 47.959648], [-2.112249, 47.959703], [-2.112655, 47.959702], [-2.112811, 47.959761], [-2.113079, 47.95999], [-2.113234, 47.960187], [-2.113573, 47.960393], [-2.114067, 47.960485], [-2.114794, 47.960531], [-2.115091, 47.960631], [-2.11524, 47.960644], [-2.11539, 47.960559], [-2.115732, 47.960555], [-2.115912, 47.96064], [-2.116005, 47.960851], [-2.116129, 47.960969], [-2.11624, 47.960905], [-2.116225, 47.960729], [-2.116396, 47.960705], [-2.116666, 47.960816], [-2.116829, 47.960766], [-2.116711, 47.960546], [-2.116735, 47.960441], [-2.116909, 47.960439], [-2.117029, 47.960517], [-2.117224, 47.960532], [-2.117347, 47.960473], [-2.117449, 47.96029], [-2.117596, 47.960212], [-2.117807, 47.960175], [-2.118146, 47.960191], [-2.118252, 47.960239], [-2.118212, 47.960436], [-2.118336, 47.960551], [-2.118709, 47.960459], [-2.118858, 47.960445], [-2.118978, 47.960501], [-2.119058, 47.9607], [-2.11914, 47.960797], [-2.119348, 47.96095], [-2.119644, 47.961055], [-2.11971, 47.961121], [-2.119676, 47.961323], [-2.119506, 47.961682], [-2.119284, 47.961885], [-2.119253, 47.962023], [-2.119245, 47.962449], [-2.119515, 47.962677], [-2.119592, 47.962889], [-2.119693, 47.962959], [-2.11996, 47.963019], [-2.120232, 47.96312], [-2.12053, 47.963358], [-2.120713, 47.963459], [-2.121081, 47.963564], [-2.121249, 47.963559], [-2.121463, 47.963464], [-2.121557, 47.96334], [-2.121709, 47.96324], [-2.121953, 47.963188], [-2.122199, 47.963225], [-2.122467, 47.963323], [-2.122607, 47.963412], [-2.122699, 47.963563], [-2.122685, 47.963676], [-2.12241, 47.964137], [-2.122335, 47.96437], [-2.122383, 47.964481], [-2.122868, 47.964704], [-2.123105, 47.964693], [-2.123232, 47.964509], [-2.123667, 47.964578], [-2.123936, 47.964559], [-2.12427, 47.964416], [-2.124496, 47.96438], [-2.124719, 47.964403], [-2.124858, 47.964471], [-2.125008, 47.964608], [-2.125131, 47.964628], [-2.125323, 47.964584], [-2.125611, 47.964373], [-2.125836, 47.964305], [-2.126055, 47.964312], [-2.126314, 47.96438], [-2.126449, 47.964536], [-2.126343, 47.964677], [-2.126075, 47.964887], [-2.125891, 47.965204], [-2.125907, 47.965418], [-2.126149, 47.965471], [-2.126352, 47.965339], [-2.126481, 47.965314], [-2.126704, 47.965395], [-2.126758, 47.965677], [-2.126934, 47.966009], [-2.126977, 47.96615], [-2.127141, 47.966273], [-2.127567, 47.966332], [-2.127588, 47.966449], [-2.127303, 47.966657], [-2.126989, 47.966802], [-2.126996, 47.967034], [-2.126925, 47.967439], [-2.127135, 47.967502], [-2.127257, 47.967614], [-2.127511, 47.967683], [-2.127699, 47.967793], [-2.127671, 47.967993], [-2.12754, 47.968162], [-2.127541, 47.968334], [-2.127686, 47.968408], [-2.127804, 47.968548], [-2.128003, 47.968586], [-2.128125, 47.968452], [-2.128315, 47.968358], [-2.12861, 47.96851], [-2.128882, 47.968588], [-2.129041, 47.96871], [-2.129079, 47.968963], [-2.129346, 47.96915], [-2.129738, 47.969355], [-2.129848, 47.969658], [-2.130449, 47.969832], [-2.130894, 47.969885], [-2.131014, 47.970078], [-2.131164, 47.970579], [-2.13194, 47.970719], [-2.132003, 47.971008], [-2.1319, 47.971411], [-2.131799, 47.971575], [-2.131896, 47.971744], [-2.132278, 47.971966], [-2.132603, 47.972062], [-2.13266, 47.972136], [-2.132291, 47.972457], [-2.132124, 47.972518], [-2.131896, 47.972773], [-2.131764, 47.972834], [-2.131703, 47.972971], [-2.131768, 47.973126], [-2.131682, 47.973282], [-2.131706, 47.973379], [-2.13191, 47.97346], [-2.132002, 47.973423], [-2.132265, 47.973424], [-2.13248, 47.973585], [-2.132675, 47.973605], [-2.13282, 47.973774], [-2.132809, 47.973925], [-2.133252, 47.9742], [-2.13337, 47.974296], [-2.133147, 47.974566], [-2.133297, 47.97465], [-2.133545, 47.974653], [-2.133779, 47.974586], [-2.134008, 47.97468], [-2.1339, 47.974896], [-2.133719, 47.97513], [-2.133675, 47.9754], [-2.133824, 47.975625], [-2.134012, 47.975797], [-2.13433, 47.975907], [-2.13453, 47.975867], [-2.134735, 47.975914], [-2.134903, 47.97631], [-2.135211, 47.976312], [-2.135387, 47.976173], [-2.135712, 47.976176], [-2.135936, 47.976449], [-2.135969, 47.976607], [-2.136055, 47.976735], [-2.136303, 47.976867], [-2.136021, 47.977054], [-2.135892, 47.977207], [-2.135849, 47.97734], [-2.135999, 47.977501], [-2.136259, 47.977658], [-2.136422, 47.977856], [-2.136616, 47.977931], [-2.136853, 47.978072], [-2.136874, 47.978227], [-2.136727, 47.978593], [-2.13669, 47.978847], [-2.136814, 47.979088], [-2.13691, 47.979191], [-2.137271, 47.979257], [-2.137909, 47.979556], [-2.138261, 47.979681], [-2.138393, 47.979693], [-2.138677, 47.979642], [-2.139102, 47.979421], [-2.139331, 47.979404], [-2.139562, 47.979635], [-2.139618, 47.979933], [-2.139696, 47.979993], [-2.139953, 47.980031], [-2.140382, 47.979922], [-2.140631, 47.979922], [-2.140952, 47.98012], [-2.14122, 47.980208], [-2.141302, 47.980672], [-2.141472, 47.980864], [-2.141592, 47.981052], [-2.142166, 47.981427], [-2.142534, 47.98196], [-2.142709, 47.982186], [-2.143038, 47.98237], [-2.143342, 47.982447], [-2.143479, 47.982569], [-2.143566, 47.982759], [-2.143756, 47.983068], [-2.143702, 47.98319], [-2.143576, 47.983276], [-2.143718, 47.983349], [-2.144144, 47.983446], [-2.144194, 47.983562], [-2.144091, 47.983746], [-2.143949, 47.983868], [-2.144045, 47.984001], [-2.14446, 47.984059], [-2.14502, 47.983987], [-2.145342, 47.98392], [-2.145863, 47.983759], [-2.146026, 47.98379], [-2.146185, 47.983892], [-2.146316, 47.983914], [-2.146728, 47.983843], [-2.14674, 47.983657], [-2.147036, 47.983498], [-2.147128, 47.983324], [-2.147278, 47.983278], [-2.147435, 47.983302], [-2.148161, 47.983479], [-2.148579, 47.983595], [-2.148749, 47.983612], [-2.149171, 47.98359], [-2.150015, 47.983714], [-2.150505, 47.983712], [-2.151013, 47.983685], [-2.151801, 47.983571], [-2.152147, 47.983458], [-2.152457, 47.983422], [-2.152963, 47.983417], [-2.153738, 47.983351], [-2.153902, 47.983323], [-2.15437, 47.983148], [-2.154872, 47.983072], [-2.155294, 47.983047], [-2.155765, 47.982876], [-2.156323, 47.982845], [-2.156519, 47.982703], [-2.156833, 47.982567], [-2.157126, 47.982551], [-2.157362, 47.982435], [-2.15743, 47.982228], [-2.157438, 47.981919], [-2.157596, 47.981617], [-2.157887, 47.981485], [-2.158132, 47.981104], [-2.158486, 47.980917], [-2.158714, 47.980847], [-2.158943, 47.980883], [-2.15949, 47.98121], [-2.159891, 47.981423], [-2.160033, 47.981476], [-2.160297, 47.981636], [-2.160825, 47.981918], [-2.161091, 47.982084], [-2.162307, 47.982537], [-2.162566, 47.982605], [-2.162871, 47.982635], [-2.163315, 47.982651], [-2.163835, 47.982466], [-2.164483, 47.982357], [-2.165001, 47.982114], [-2.165452, 47.982063], [-2.165841, 47.981851], [-2.165973, 47.981813], [-2.166489, 47.981757], [-2.167092, 47.98155], [-2.167135, 47.981458], [-2.167591, 47.981093], [-2.168053, 47.980672], [-2.168564, 47.980696], [-2.169032, 47.980617], [-2.169619, 47.980809], [-2.170001, 47.980882], [-2.17093, 47.980932], [-2.171449, 47.980869], [-2.171697, 47.980728], [-2.17194, 47.980522], [-2.172103, 47.980331], [-2.172512, 47.980114], [-2.172671, 47.979941], [-2.172849, 47.979688], [-2.173102, 47.979536], [-2.173366, 47.97964], [-2.174168, 47.980023], [-2.174664, 47.980231], [-2.17516, 47.980387], [-2.175358, 47.980429], [-2.175644, 47.980435], [-2.1762, 47.980405], [-2.177047, 47.980227], [-2.177547, 47.980134], [-2.178379, 47.979912], [-2.178667, 47.979933], [-2.178732, 47.97999], [-2.178741, 47.980222], [-2.178609, 47.980639], [-2.178599, 47.980818], [-2.17866, 47.980944], [-2.178909, 47.981171], [-2.179139, 47.981305], [-2.179343, 47.981357], [-2.179767, 47.981412], [-2.180106, 47.981406], [-2.180667, 47.98133], [-2.180998, 47.981427], [-2.181345, 47.981568], [-2.182235, 47.981674], [-2.182551, 47.98169], [-2.182703, 47.981755], [-2.182723, 47.981994], [-2.182709, 47.982317], [-2.183543, 47.98251], [-2.183803, 47.982599], [-2.184303, 47.982805], [-2.18426, 47.982314], [-2.184265, 47.982117], [-2.184319, 47.982044], [-2.184603, 47.981921], [-2.185065, 47.981917], [-2.1855, 47.982111], [-2.185875, 47.982336], [-2.186161, 47.98248], [-2.186486, 47.982608], [-2.186745, 47.982682], [-2.186951, 47.982899], [-2.187042, 47.98322], [-2.186955, 47.983674], [-2.186768, 47.983948], [-2.186252, 47.984278], [-2.185984, 47.984584], [-2.185836, 47.984815], [-2.185734, 47.985072], [-2.185584, 47.985288], [-2.185594, 47.9854], [-2.185709, 47.985523], [-2.185861, 47.985588], [-2.186204, 47.985673], [-2.186381, 47.985779], [-2.186651, 47.985993], [-2.187004, 47.986191], [-2.187548, 47.986438], [-2.187993, 47.986729], [-2.188112, 47.987147], [-2.18805, 47.987389], [-2.187491, 47.988213], [-2.18742, 47.988595], [-2.187498, 47.988775], [-2.187734, 47.988851], [-2.188624, 47.988957], [-2.190078, 47.989295], [-2.190611, 47.98946], [-2.190665, 47.989603], [-2.190979, 47.989844], [-2.191292, 47.990311], [-2.191233, 47.990847], [-2.191348, 47.99097], [-2.191523, 47.991048], [-2.191734, 47.991082], [-2.191963, 47.991044], [-2.192878, 47.990474], [-2.193331, 47.990133], [-2.19367, 47.990176], [-2.194092, 47.990456], [-2.194527, 47.990721], [-2.194602, 47.990885], [-2.194905, 47.990984], [-2.195261, 47.991036], [-2.195494, 47.991032], [-2.195825, 47.990968], [-2.196228, 47.990863], [-2.19661, 47.990723], [-2.197003, 47.990653], [-2.197758, 47.990651], [-2.197974, 47.990728], [-2.1982, 47.99093], [-2.198133, 47.991115], [-2.197955, 47.991249], [-2.19798, 47.991557], [-2.198288, 47.991797], [-2.198606, 47.991925], [-2.198902, 47.991994], [-2.199114, 47.992233], [-2.199309, 47.992338], [-2.1995, 47.992346], [-2.199905, 47.991951], [-2.200141, 47.991918], [-2.200663, 47.991901], [-2.200885, 47.991961], [-2.201714, 47.992412], [-2.202025, 47.992521], [-2.202411, 47.992627], [-2.202763, 47.992786], [-2.202978, 47.992962], [-2.20328, 47.993369], [-2.203453, 47.993552], [-2.203854, 47.993771], [-2.204203, 47.993866], [-2.205099, 47.994149], [-2.205369, 47.994204], [-2.205674, 47.994201], [-2.206099, 47.994136], [-2.206528, 47.994046], [-2.206765, 47.994029], [-2.207229, 47.994034], [-2.208462, 47.994205], [-2.208697, 47.994272], [-2.209303, 47.99449], [-2.209748, 47.994611], [-2.210102, 47.994738], [-2.210563, 47.994841], [-2.211154, 47.994942], [-2.211832, 47.995018], [-2.212183, 47.995002], [-2.212438, 47.994891], [-2.212541, 47.99481], [-2.212692, 47.994589], [-2.212945, 47.994438], [-2.213228, 47.994304], [-2.213504, 47.994128], [-2.213615, 47.993996], [-2.213842, 47.993602], [-2.214134, 47.993429], [-2.214373, 47.993242], [-2.214706, 47.993236], [-2.215146, 47.993156], [-2.215516, 47.993272], [-2.215804, 47.993212], [-2.216061, 47.99308], [-2.216375, 47.993007], [-2.216743, 47.993062], [-2.216899, 47.993114], [-2.217168, 47.993309], [-2.217439, 47.993677], [-2.217628, 47.994055], [-2.21773, 47.994153], [-2.218116, 47.994408], [-2.218234, 47.994695], [-2.218436, 47.994817], [-2.21875, 47.995289], [-2.219053, 47.995435], [-2.21933, 47.995478], [-2.219474, 47.995448], [-2.219811, 47.995258], [-2.220363, 47.995185], [-2.220806, 47.995211], [-2.221242, 47.995298], [-2.221835, 47.995492], [-2.222429, 47.995541], [-2.222813, 47.995629], [-2.223748, 47.995806], [-2.224095, 47.995945], [-2.224588, 47.996082], [-2.224711, 47.996094], [-2.224998, 47.996021], [-2.225223, 47.995855], [-2.225318, 47.995676], [-2.225437, 47.995364], [-2.225681, 47.995159], [-2.225786, 47.994728], [-2.22586, 47.994655], [-2.226065, 47.994648], [-2.226407, 47.994768], [-2.226775, 47.994849], [-2.227166, 47.995097], [-2.227301, 47.995205], [-2.227613, 47.995308], [-2.22803, 47.995356], [-2.228258, 47.995506], [-2.228452, 47.995569], [-2.228783, 47.995602], [-2.228986, 47.995898], [-2.229152, 47.996048], [-2.229404, 47.996429], [-2.229601, 47.996812], [-2.229797, 47.996989], [-2.230039, 47.997119], [-2.230175, 47.997256], [-2.2306, 47.997483], [-2.23081, 47.997671], [-2.231247, 47.997967], [-2.231441, 47.998183], [-2.231456, 47.998294], [-2.231746, 47.998577], [-2.231798, 47.998687], [-2.231999, 47.998921], [-2.232606, 47.998904], [-2.233107, 47.99893], [-2.233982, 47.99908], [-2.234473, 47.999133], [-2.234971, 47.999206], [-2.235666, 47.99937], [-2.235858, 47.999432], [-2.236754, 47.999787], [-2.237202, 47.999776], [-2.237592, 47.999591], [-2.237837, 47.99955], [-2.238059, 47.999561], [-2.23899, 47.999687], [-2.239252, 47.999675], [-2.239548, 47.999586], [-2.240177, 47.999339], [-2.240381, 47.999167], [-2.240494, 47.998983], [-2.240737, 47.998842], [-2.241046, 47.998756], [-2.241382, 47.99861], [-2.242069, 47.998397], [-2.24243, 47.998221], [-2.242838, 47.997989], [-2.243032, 47.997929], [-2.243554, 47.997851], [-2.243844, 47.99784], [-2.244297, 47.997691], [-2.244822, 47.99757], [-2.245711, 47.997404], [-2.246173, 47.997334], [-2.246651, 47.997309], [-2.246874, 47.997273], [-2.247305, 47.997156], [-2.24792, 47.99708], [-2.248088, 47.997043], [-2.248735, 47.996778], [-2.249288, 47.996754], [-2.24969, 47.996799], [-2.249836, 47.996851], [-2.250142, 47.997099], [-2.250981, 47.997328], [-2.251541, 47.997539], [-2.251744, 47.997649], [-2.252145, 47.997722], [-2.252416, 47.997805], [-2.253604, 47.998003], [-2.253851, 47.998], [-2.254084, 47.997931], [-2.25524, 47.997733], [-2.255548, 47.997706], [-2.256318, 47.997553], [-2.257047, 47.99749], [-2.257592, 47.997371], [-2.257911, 47.99734], [-2.258338, 47.997333], [-2.258929, 47.997267], [-2.259582, 47.997087], [-2.260037, 47.996932], [-2.260226, 47.996686], [-2.260455, 47.996438], [-2.260915, 47.996181], [-2.261578, 47.995854], [-2.262956, 47.995658], [-2.263109, 47.995571], [-2.263369, 47.995488], [-2.265692, 47.994964], [-2.265983, 47.994908], [-2.26622, 47.994903], [-2.266395, 47.994849], [-2.268836, 47.9943], [-2.269173, 47.994233], [-2.270325, 47.993944], [-2.271376, 47.993718], [-2.2727, 47.993381], [-2.274827, 47.992896], [-2.275653, 47.992665], [-2.277869, 47.992061], [-2.278627, 47.991823], [-2.279751, 47.991485], [-2.280252, 47.991354], [-2.280757, 47.99128], [-2.282079, 47.991059], [-2.283057, 47.990927], [-2.283228, 47.990939], [-2.284422, 47.991253], [-2.284776, 47.991304], [-2.286458, 47.991432], [-2.286815, 47.991454], [-2.28708, 47.991407], [-2.287558, 47.991603], [-2.287636, 47.991755], [-2.287652, 47.991948], [-2.28763, 47.993024], [-2.287669, 47.993818], [-2.287772, 47.994229], [-2.288137, 47.994577], [-2.288369, 47.99486], [-2.288448, 47.995053], [-2.288409, 47.99548], [-2.288257, 47.996079], [-2.288224, 47.996569], [-2.288081, 47.996863], [-2.287916, 47.997509], [-2.287774, 47.99781], [-2.287472, 47.998188], [-2.287178, 47.998425], [-2.286956, 47.998518], [-2.28763, 47.999505], [-2.287967, 47.999519], [-2.288227, 47.999845], [-2.288693, 48.000126], [-2.288857, 48.000268], [-2.288994, 48.000916], [-2.288641, 48.000989], [-2.287403, 48.001426], [-2.287277, 48.001672], [-2.287089, 48.001822], [-2.28727, 48.002073], [-2.287294, 48.002397], [-2.284602, 48.003242], [-2.284462, 48.003318], [-2.284148, 48.00333], [-2.283247, 48.003077], [-2.282838, 48.003117], [-2.282376, 48.003282], [-2.281407, 48.003926], [-2.281275, 48.004112], [-2.281371, 48.004415], [-2.280485, 48.00484], [-2.280011, 48.005182], [-2.27962, 48.005522], [-2.279165, 48.006153], [-2.278445, 48.006361], [-2.277437, 48.007121], [-2.277375, 48.007552], [-2.277077, 48.007986], [-2.27615, 48.008659], [-2.275605, 48.008978], [-2.27531, 48.009636], [-2.275447, 48.009749], [-2.275118, 48.010263], [-2.274647, 48.01052], [-2.274592, 48.010657], [-2.275163, 48.01104], [-2.275641, 48.011323], [-2.275976, 48.01107], [-2.27722, 48.011852], [-2.276794, 48.012276], [-2.277663, 48.014078], [-2.277781, 48.014263], [-2.277982, 48.014833], [-2.278147, 48.015121], [-2.278297, 48.015216], [-2.278895, 48.015397], [-2.279453, 48.015467], [-2.279731, 48.015549], [-2.280257, 48.01577], [-2.281057, 48.015873], [-2.281307, 48.015859], [-2.281903, 48.016034], [-2.282115, 48.016184], [-2.282191, 48.016465], [-2.282383, 48.016942], [-2.282691, 48.017824], [-2.282703, 48.017954], [-2.282472, 48.018458], [-2.282284, 48.018723], [-2.281554, 48.019612], [-2.28128, 48.020018], [-2.281033, 48.02055], [-2.280565, 48.021099], [-2.28048, 48.02117], [-2.280417, 48.021163], [-2.280221, 48.021681], [-2.279952, 48.022284], [-2.280496, 48.022622], [-2.280268, 48.023314], [-2.279748, 48.025356], [-2.279648, 48.025709], [-2.279674, 48.025943], [-2.279754, 48.026184], [-2.279013, 48.026728], [-2.277917, 48.027518], [-2.27603, 48.028945], [-2.275231, 48.029519], [-2.275091, 48.02961], [-2.274282, 48.030232], [-2.273223, 48.031027], [-2.272862, 48.031311], [-2.272311, 48.031882], [-2.271654, 48.032603], [-2.270613, 48.033696], [-2.26976, 48.034538], [-2.26947, 48.034757], [-2.269229, 48.034883], [-2.267878, 48.035473], [-2.267503, 48.035691], [-2.267272, 48.035924], [-2.26705, 48.036261], [-2.266682, 48.036912], [-2.266348, 48.037265], [-2.266033, 48.037556], [-2.265322, 48.038096], [-2.265055, 48.038352], [-2.264003, 48.039724], [-2.263701, 48.039999], [-2.26347, 48.040142], [-2.263233, 48.040241], [-2.262501, 48.040645], [-2.262176, 48.040931], [-2.261838, 48.041271], [-2.26169, 48.041384], [-2.261287, 48.041625], [-2.260736, 48.041856], [-2.26029, 48.041965], [-2.259813, 48.042144], [-2.259411, 48.04233], [-2.259179, 48.042472], [-2.258158, 48.042722], [-2.257861, 48.042829], [-2.257184, 48.042987], [-2.256806, 48.043116], [-2.256506, 48.043285], [-2.256345, 48.04341], [-2.255948, 48.043651], [-2.255686, 48.043774], [-2.255388, 48.044024], [-2.255235, 48.04427], [-2.254867, 48.044445], [-2.254684, 48.044492], [-2.254052, 48.044757], [-2.253633, 48.044894], [-2.253264, 48.045035], [-2.25271, 48.045171], [-2.252231, 48.045358], [-2.252066, 48.04545], [-2.251932, 48.04559], [-2.251752, 48.045902], [-2.251651, 48.046141], [-2.24988, 48.047566], [-2.249649, 48.047746], [-2.249342, 48.047973], [-2.248828, 48.048383], [-2.248379, 48.048803], [-2.247953, 48.049094], [-2.247589, 48.049438], [-2.247343, 48.049759], [-2.24717, 48.049888], [-2.246637, 48.050202], [-2.246076, 48.050618], [-2.24572, 48.050811], [-2.245282, 48.051119], [-2.245069, 48.051304], [-2.244771, 48.051607], [-2.24444, 48.05187], [-2.24456, 48.052051], [-2.244356, 48.052123], [-2.243849, 48.052383], [-2.243098, 48.052683], [-2.242323, 48.052867], [-2.241882, 48.052937], [-2.24139, 48.052972], [-2.241093, 48.052971], [-2.2402, 48.052902], [-2.239493, 48.052826], [-2.239028, 48.052762], [-2.238312, 48.052712], [-2.237856, 48.052721], [-2.237562, 48.052668], [-2.237265, 48.052692], [-2.237113, 48.052543], [-2.236932, 48.052441], [-2.236529, 48.05239], [-2.235919, 48.052379], [-2.235666, 48.052391], [-2.235275, 48.052451], [-2.235076, 48.052429], [-2.234958, 48.052503], [-2.234707, 48.052567], [-2.234126, 48.052588], [-2.233852, 48.052539], [-2.233354, 48.052547], [-2.232656, 48.052539], [-2.232204, 48.052385], [-2.232027, 48.052345], [-2.231378, 48.052121], [-2.231147, 48.052017], [-2.230939, 48.051971], [-2.230365, 48.051908], [-2.229659, 48.051918], [-2.229244, 48.052], [-2.229057, 48.052061], [-2.228821, 48.052072], [-2.228625, 48.051869], [-2.228424, 48.051793], [-2.227992, 48.051587], [-2.227254, 48.051256], [-2.226871, 48.051105], [-2.226286, 48.051], [-2.22593, 48.050966], [-2.225706, 48.05092], [-2.225509, 48.050829], [-2.225315, 48.050653], [-2.225035, 48.05059], [-2.224501, 48.050769], [-2.224051, 48.050967], [-2.223521, 48.051289], [-2.223182, 48.051428], [-2.223212, 48.051488], [-2.222957, 48.05156], [-2.222514, 48.051557], [-2.222253, 48.051533], [-2.221847, 48.051616], [-2.221409, 48.051649], [-2.221156, 48.051628], [-2.220702, 48.051462], [-2.220339, 48.051451], [-2.220003, 48.05152], [-2.219828, 48.051516], [-2.219367, 48.051426], [-2.21895, 48.051293], [-2.218908, 48.051339], [-2.21855, 48.051024], [-2.218038, 48.050974], [-2.217102, 48.05083], [-2.216817, 48.050814], [-2.215971, 48.050974], [-2.215607, 48.051077], [-2.215231, 48.051288], [-2.21446, 48.051671], [-2.214163, 48.051742], [-2.213973, 48.051898], [-2.213724, 48.051942], [-2.212165, 48.05238], [-2.211625, 48.052462], [-2.211124, 48.052497], [-2.209657, 48.052559], [-2.209346, 48.052595], [-2.208305, 48.052844], [-2.207799, 48.052939], [-2.206294, 48.052966], [-2.20553, 48.052967], [-2.205283, 48.052862], [-2.204677, 48.052804], [-2.204581, 48.052746], [-2.204388, 48.05275], [-2.204024, 48.052827], [-2.203705, 48.052838], [-2.203556, 48.052608], [-2.203365, 48.05258], [-2.203068, 48.052462], [-2.201209, 48.052006], [-2.201107, 48.051991], [-2.201038, 48.051617], [-2.200927, 48.05141], [-2.200529, 48.051166], [-2.199865, 48.05139], [-2.199196, 48.051569], [-2.198947, 48.051323], [-2.199042, 48.051282], [-2.19858, 48.051001], [-2.198199, 48.051089], [-2.198041, 48.051317], [-2.197946, 48.051389], [-2.197712, 48.051459], [-2.197452, 48.051439], [-2.196954, 48.051519], [-2.196807, 48.051436], [-2.196045, 48.051542], [-2.195139, 48.051731], [-2.194607, 48.051648], [-2.194182, 48.051521], [-2.193823, 48.051372], [-2.19368, 48.051344], [-2.193262, 48.05155], [-2.192954, 48.051679], [-2.19244, 48.052072], [-2.191913, 48.052343], [-2.191518, 48.052351], [-2.191313, 48.052428], [-2.190538, 48.052821], [-2.190099, 48.052909], [-2.189851, 48.052925], [-2.18978, 48.052845], [-2.189628, 48.05254], [-2.188979, 48.052539], [-2.188616, 48.052618], [-2.188523, 48.052693], [-2.188472, 48.052879], [-2.18829, 48.053727], [-2.188296, 48.05391], [-2.188362, 48.054308], [-2.188418, 48.054824], [-2.188565, 48.054965], [-2.18866, 48.055125], [-2.188846, 48.055573], [-2.188994, 48.055706], [-2.189139, 48.055894], [-2.189059, 48.055941], [-2.188207, 48.056769], [-2.187486, 48.056977], [-2.186825, 48.057093], [-2.186356, 48.057111], [-2.186195, 48.056802], [-2.185719, 48.05673], [-2.183442, 48.056818], [-2.181251, 48.057128], [-2.181066, 48.057315], [-2.180421, 48.058421], [-2.179869, 48.059027], [-2.179045, 48.059599], [-2.176849, 48.059842], [-2.177109, 48.06053], [-2.176587, 48.061496], [-2.176135, 48.061693], [-2.174624, 48.062112], [-2.173254, 48.06257], [-2.170439, 48.063444], [-2.170384, 48.063581], [-2.171446, 48.06971], [-2.171674, 48.070017], [-2.171507, 48.070428], [-2.171207, 48.070845], [-2.171313, 48.071292], [-2.171903, 48.0719], [-2.172243, 48.072742], [-2.172219, 48.073238], [-2.171911, 48.073566], [-2.171259, 48.074099], [-2.168811, 48.075819], [-2.168484, 48.076205], [-2.168698, 48.076475], [-2.168953, 48.076544], [-2.169953, 48.077004], [-2.17011, 48.07715], [-2.170454, 48.076982], [-2.171172, 48.077823], [-2.171204, 48.077877], [-2.171216, 48.078376], [-2.171342, 48.079056], [-2.171793, 48.079264], [-2.172118, 48.079381], [-2.172899, 48.079607], [-2.173366, 48.079676], [-2.173832, 48.07966], [-2.17448, 48.079781], [-2.175251, 48.079779], [-2.175527, 48.079797], [-2.176418, 48.079968], [-2.176736, 48.080069], [-2.17739, 48.080378], [-2.178381, 48.080904], [-2.180127, 48.082391], [-2.180933, 48.083171], [-2.181794, 48.083138], [-2.181727, 48.082866], [-2.181747, 48.082588], [-2.181799, 48.082491], [-2.182002, 48.082327], [-2.182516, 48.082186], [-2.183263, 48.082037], [-2.184502, 48.081813], [-2.185163, 48.081742], [-2.18556, 48.081684], [-2.1861, 48.081557], [-2.18661, 48.08135], [-2.187271, 48.080992], [-2.187399, 48.080985], [-2.192368, 48.080928], [-2.193426, 48.081012], [-2.194297, 48.081058], [-2.19638, 48.081053], [-2.196373, 48.081024], [-2.198062, 48.080985], [-2.201651, 48.081019], [-2.202285, 48.080991], [-2.202547, 48.081001], [-2.203152, 48.080986], [-2.204592, 48.080911], [-2.205071, 48.080862], [-2.206403, 48.080667], [-2.208547, 48.080162], [-2.209348, 48.08005], [-2.210563, 48.079903], [-2.211081, 48.079861], [-2.213136, 48.079953], [-2.214218, 48.080012], [-2.215035, 48.080091], [-2.21586, 48.080233], [-2.216505, 48.080377], [-2.217064, 48.080481], [-2.219164, 48.080897], [-2.219411, 48.080932], [-2.219572, 48.080909], [-2.219558, 48.080826], [-2.220029, 48.080021], [-2.220341, 48.079714], [-2.221448, 48.078838], [-2.221656, 48.078644], [-2.2221, 48.078543], [-2.223782, 48.078283], [-2.224417, 48.078204], [-2.225126, 48.078135], [-2.22554, 48.078063], [-2.227001, 48.078053], [-2.228648, 48.077674], [-2.229451, 48.077218], [-2.2297, 48.07676], [-2.229933, 48.076461], [-2.230332, 48.076167], [-2.2319, 48.075655], [-2.232633, 48.075581], [-2.233679, 48.075716], [-2.234227, 48.075813], [-2.235409, 48.076058], [-2.235528, 48.075991], [-2.236173, 48.075774], [-2.236648, 48.075538], [-2.23697, 48.075336], [-2.237226, 48.075129], [-2.23716, 48.075025], [-2.23698, 48.074947], [-2.236561, 48.075009], [-2.236284, 48.07517], [-2.236125, 48.074993], [-2.235782, 48.074913], [-2.235659, 48.074797], [-2.235557, 48.07446], [-2.235325, 48.074151], [-2.235106, 48.073909], [-2.234908, 48.073756], [-2.234649, 48.073626], [-2.234558, 48.073438], [-2.234378, 48.073251], [-2.234159, 48.073104], [-2.234136, 48.072988], [-2.234305, 48.072734], [-2.23429, 48.072675], [-2.234046, 48.072548], [-2.233813, 48.072498], [-2.233547, 48.072195], [-2.233559, 48.072092], [-2.233429, 48.071588], [-2.234232, 48.07136], [-2.234314, 48.071103], [-2.23392, 48.070739], [-2.23385, 48.070588], [-2.233523, 48.07031], [-2.233412, 48.070025], [-2.233501, 48.069706], [-2.233177, 48.069574], [-2.232963, 48.069427], [-2.232758, 48.069224], [-2.232643, 48.069054], [-2.232805, 48.068278], [-2.233329, 48.068123], [-2.233794, 48.06806], [-2.23395, 48.067898], [-2.233901, 48.067746], [-2.233616, 48.067188], [-2.233301, 48.066647], [-2.23325, 48.06636], [-2.233237, 48.066051], [-2.233163, 48.065712], [-2.233015, 48.065402], [-2.233, 48.065117], [-2.233339, 48.064728], [-2.233496, 48.064595], [-2.233711, 48.064237], [-2.233814, 48.064123], [-2.234181, 48.063815], [-2.234291, 48.063696], [-2.234512, 48.063275], [-2.234871, 48.063261], [-2.235771, 48.063305], [-2.236276, 48.063304], [-2.237575, 48.063321], [-2.238669, 48.063527], [-2.239826, 48.06373], [-2.240841, 48.063875], [-2.241461, 48.063985], [-2.241989, 48.064053], [-2.243879, 48.064165], [-2.245131, 48.064232], [-2.245512, 48.064237], [-2.246246, 48.064206], [-2.247012, 48.064192], [-2.247174, 48.064172], [-2.248799, 48.06386], [-2.249226, 48.063729], [-2.249605, 48.063657], [-2.250676, 48.063538], [-2.251343, 48.063501], [-2.252097, 48.063443], [-2.25231, 48.063376], [-2.252602, 48.063146], [-2.252864, 48.062886], [-2.253279, 48.062746], [-2.253617, 48.062734], [-2.253957, 48.06276], [-2.254436, 48.062822], [-2.255881, 48.063072], [-2.256037, 48.063081], [-2.25541, 48.064737], [-2.255358, 48.065686], [-2.256182, 48.065878], [-2.256326, 48.066008], [-2.2569, 48.067137], [-2.25698, 48.067345], [-2.256981, 48.067559], [-2.256811, 48.068513], [-2.256779, 48.068771], [-2.25679, 48.068974], [-2.257064, 48.069971], [-2.257315, 48.070479], [-2.257487, 48.07091], [-2.257443, 48.070968], [-2.257236, 48.071471], [-2.257231, 48.07156], [-2.257425, 48.072141], [-2.257522, 48.072557], [-2.257607, 48.072824], [-2.257692, 48.07298], [-2.257693, 48.073104], [-2.25702, 48.073186], [-2.256572, 48.073429], [-2.256334, 48.073799], [-2.25507, 48.073939], [-2.254942, 48.075049], [-2.254894, 48.075364], [-2.254867, 48.075901], [-2.25537, 48.076033], [-2.25542, 48.076836], [-2.254838, 48.077523], [-2.253794, 48.0788], [-2.253028, 48.079696], [-2.25146, 48.08159], [-2.251332, 48.081691], [-2.250544, 48.082591], [-2.24933, 48.084024], [-2.249028, 48.08437], [-2.24883, 48.084565], [-2.247933, 48.085289], [-2.249662, 48.085905], [-2.250025, 48.086207], [-2.250434, 48.087046], [-2.25151, 48.087049], [-2.25158, 48.087091], [-2.252103, 48.087701], [-2.252955, 48.088209], [-2.253349, 48.088869], [-2.253618, 48.089758], [-2.253441, 48.089821], [-2.253436, 48.090134], [-2.253376, 48.090565], [-2.253447, 48.090839], [-2.253397, 48.091102], [-2.253324, 48.091233], [-2.2533, 48.091481], [-2.253357, 48.091635], [-2.253306, 48.092115], [-2.253232, 48.092442], [-2.253192, 48.092478], [-2.252424, 48.092913], [-2.252448, 48.093183], [-2.251754, 48.093705], [-2.251714, 48.094022], [-2.252573, 48.094619], [-2.253301, 48.095266], [-2.253534, 48.095617], [-2.254522, 48.09571], [-2.254608, 48.096063], [-2.25492, 48.096693], [-2.255003, 48.096919], [-2.255103, 48.097068], [-2.25529, 48.097228], [-2.255043, 48.097495], [-2.254687, 48.098049], [-2.254647, 48.099131], [-2.255053, 48.099926], [-2.255041, 48.100225], [-2.254938, 48.101019], [-2.2549, 48.101616], [-2.254844, 48.102089], [-2.254734, 48.10278], [-2.254556, 48.103132], [-2.254338, 48.103646], [-2.254258, 48.10401], [-2.254016, 48.104636], [-2.253698, 48.10551], [-2.253526, 48.10612], [-2.253501, 48.106264], [-2.253587, 48.106549], [-2.254127, 48.10737], [-2.254825, 48.10855], [-2.255135, 48.109098], [-2.25521, 48.109184], [-2.254985, 48.109432], [-2.255239, 48.109588], [-2.256329, 48.110333], [-2.256778, 48.110654], [-2.257035, 48.110818], [-2.257201, 48.110886], [-2.257377, 48.110871], [-2.258166, 48.111421], [-2.261334, 48.114092], [-2.261488, 48.114311], [-2.269265, 48.120693], [-2.27392, 48.124511], [-2.275664, 48.125942], [-2.284174, 48.132921], [-2.287108, 48.133391], [-2.287274, 48.133744], [-2.287608, 48.133794], [-2.287554, 48.134157], [-2.287507, 48.13487], [-2.287467, 48.13568], [-2.287333, 48.136714], [-2.284888, 48.138399], [-2.285225, 48.139837], [-2.285208, 48.140086], [-2.284596, 48.140786], [-2.284479, 48.141132], [-2.28455, 48.141495], [-2.283883, 48.141789], [-2.283917, 48.142253], [-2.28417, 48.143594], [-2.284105, 48.143979], [-2.283687, 48.144622], [-2.283143, 48.145435], [-2.283029, 48.145561], [-2.282242, 48.145498], [-2.28172, 48.145533], [-2.281333, 48.145674], [-2.281166, 48.146399], [-2.27963, 48.146044], [-2.278752, 48.145884], [-2.278508, 48.145916], [-2.278377, 48.145985], [-2.278295, 48.146437], [-2.278234, 48.14666], [-2.277937, 48.14744], [-2.277665, 48.14845], [-2.277594, 48.148522], [-2.277427, 48.148535], [-2.276368, 48.14823], [-2.275443, 48.147924], [-2.275257, 48.147891], [-2.274707, 48.146939], [-2.274623, 48.146763], [-2.274091, 48.146828], [-2.273407, 48.1474], [-2.272548, 48.148258], [-2.271908, 48.148739], [-2.270582, 48.149452], [-2.270899, 48.150164], [-2.271146, 48.151188], [-2.271217, 48.151397], [-2.270479, 48.151586], [-2.270398, 48.15149], [-2.270244, 48.151462], [-2.27006, 48.151568], [-2.269927, 48.151597], [-2.268864, 48.151624], [-2.26842, 48.151671], [-2.268263, 48.151711], [-2.267884, 48.151703], [-2.267245, 48.15177], [-2.266966, 48.151782], [-2.26652, 48.151761], [-2.266031, 48.151708], [-2.26555, 48.151609], [-2.264514, 48.151498], [-2.263973, 48.151463], [-2.263412, 48.151374], [-2.262715, 48.15141], [-2.26225, 48.151385], [-2.261218, 48.151281], [-2.260912, 48.151317], [-2.260592, 48.151319], [-2.260213, 48.151281], [-2.260015, 48.151315], [-2.259499, 48.151357], [-2.259293, 48.151333], [-2.259082, 48.151256], [-2.258435, 48.150649], [-2.258312, 48.15044], [-2.258171, 48.150285], [-2.25778, 48.150099], [-2.257609, 48.149944], [-2.257603, 48.149829], [-2.257514, 48.149743], [-2.257106, 48.14959], [-2.257181, 48.148728], [-2.257231, 48.148411], [-2.257232, 48.148217], [-2.257179, 48.147902], [-2.257076, 48.147543], [-2.256915, 48.147254], [-2.256696, 48.146916], [-2.256441, 48.146588], [-2.256222, 48.146344], [-2.256128, 48.146102], [-2.255786, 48.145393], [-2.255258, 48.145418], [-2.255182, 48.145235], [-2.254038, 48.144562], [-2.253353, 48.144444], [-2.25291, 48.14434], [-2.252618, 48.144183], [-2.252346, 48.144174], [-2.252265, 48.144262], [-2.252201, 48.144447], [-2.251004, 48.144227], [-2.250591, 48.144004], [-2.250331, 48.143936], [-2.249077, 48.143981], [-2.248634, 48.143933], [-2.248982, 48.144419], [-2.249191, 48.144649], [-2.249292, 48.144842], [-2.248301, 48.144811], [-2.247185, 48.144797], [-2.246019, 48.145181], [-2.244051, 48.144987], [-2.243285, 48.144922], [-2.243182, 48.144476], [-2.241714, 48.14428], [-2.241535, 48.144998], [-2.24016, 48.144897], [-2.238931, 48.144755], [-2.237331, 48.144647], [-2.236122, 48.144539], [-2.236034, 48.144913], [-2.235528, 48.148894], [-2.236214, 48.14898], [-2.236485, 48.149046], [-2.236985, 48.149213], [-2.237119, 48.149295], [-2.237532, 48.14947], [-2.238062, 48.149583], [-2.238044, 48.149793], [-2.23968, 48.15013], [-2.240487, 48.150227], [-2.24122, 48.150343], [-2.241755, 48.150416], [-2.242353, 48.150533], [-2.242461, 48.150484], [-2.24258, 48.150541], [-2.243034, 48.150613], [-2.243126, 48.150648], [-2.243099, 48.150799], [-2.242969, 48.150955], [-2.243044, 48.151042], [-2.243337, 48.151088], [-2.244429, 48.151164], [-2.245079, 48.151388], [-2.24633, 48.151834], [-2.246172, 48.152336], [-2.246058, 48.152565], [-2.246354, 48.152604], [-2.24741, 48.152661], [-2.248367, 48.152749], [-2.248545, 48.152722], [-2.248768, 48.15364], [-2.248896, 48.154289], [-2.248956, 48.154806], [-2.249053, 48.156232], [-2.249005, 48.156605], [-2.248752, 48.157229], [-2.248381, 48.158089], [-2.248318, 48.158402], [-2.248345, 48.158626], [-2.248454, 48.159081], [-2.24856, 48.159401], [-2.246874, 48.159604], [-2.246365, 48.16002], [-2.246151, 48.160177], [-2.245597, 48.160454], [-2.245078, 48.16082], [-2.244482, 48.161212], [-2.243729, 48.161628], [-2.242607, 48.162165], [-2.24194, 48.162459], [-2.241265, 48.16268], [-2.240074, 48.162942], [-2.239744, 48.163002], [-2.239169, 48.16305], [-2.238792, 48.163053], [-2.237952, 48.16298], [-2.23762, 48.162937], [-2.237224, 48.162835], [-2.236094, 48.162507], [-2.2357, 48.162408], [-2.235442, 48.162368], [-2.234834, 48.162645], [-2.234478, 48.162772], [-2.23381, 48.163093], [-2.233637, 48.163121], [-2.233532, 48.163241], [-2.232304, 48.163611], [-2.232061, 48.163644], [-2.231384, 48.163406], [-2.231154, 48.163433], [-2.231064, 48.163497], [-2.230348, 48.164204], [-2.230197, 48.164326], [-2.229678, 48.164513], [-2.22912, 48.164813], [-2.22888, 48.16491], [-2.228512, 48.164991], [-2.228313, 48.165351], [-2.2282, 48.165668], [-2.228193, 48.165884], [-2.226502, 48.16918], [-2.226433, 48.169433], [-2.226239, 48.169697], [-2.225855, 48.170353], [-2.225747, 48.170424], [-2.225025, 48.170533], [-2.224908, 48.170619], [-2.22492, 48.17088], [-2.224641, 48.171299], [-2.224516, 48.171693], [-2.224444, 48.171838], [-2.223899, 48.172364], [-2.22346, 48.172814], [-2.223385, 48.172946], [-2.223264, 48.172928], [-2.223228, 48.173653], [-2.22314, 48.174097], [-2.223054, 48.174411], [-2.223047, 48.174591], [-2.223214, 48.174909], [-2.223247, 48.175207], [-2.22316, 48.175893], [-2.223182, 48.176275], [-2.223237, 48.176726], [-2.223334, 48.17732], [-2.223344, 48.177832], [-2.223296, 48.177987], [-2.223072, 48.178408], [-2.2227, 48.179045], [-2.222645, 48.179204], [-2.222587, 48.179542], [-2.22261, 48.179728], [-2.222747, 48.180324], [-2.222838, 48.180986], [-2.222908, 48.181368], [-2.223027, 48.181836], [-2.223259, 48.182198], [-2.223521, 48.182752], [-2.223589, 48.183257], [-2.223714, 48.183558], [-2.223812, 48.183703], [-2.224093, 48.184001], [-2.224533, 48.184431], [-2.224615, 48.184574], [-2.223451, 48.184817], [-2.22233, 48.185023], [-2.222316, 48.185461], [-2.22227, 48.185818], [-2.222131, 48.186601], [-2.222043, 48.186985], [-2.221875, 48.187424], [-2.221518, 48.188254], [-2.221234, 48.188841], [-2.221158, 48.189095], [-2.221107, 48.1896], [-2.221, 48.19044], [-2.221383, 48.190504], [-2.22188, 48.190554], [-2.221907, 48.191], [-2.221678, 48.191031], [-2.220787, 48.190946], [-2.220758, 48.191207], [-2.220782, 48.191502], [-2.221446, 48.192124], [-2.221486, 48.19258], [-2.221015, 48.192837], [-2.220451, 48.193035], [-2.219962, 48.193122], [-2.21982, 48.193037], [-2.219663, 48.193098], [-2.219424, 48.193276], [-2.219796, 48.193684], [-2.220197, 48.194175], [-2.220642, 48.194693], [-2.221011, 48.195298], [-2.221177, 48.195769], [-2.22092, 48.196455], [-2.220965, 48.196974], [-2.22102, 48.197366], [-2.221145, 48.197826], [-2.221179, 48.198218], [-2.221255, 48.198834], [-2.221308, 48.19912], [-2.221402, 48.199412], [-2.221512, 48.199924], [-2.221521, 48.200134], [-2.221487, 48.200368], [-2.221313, 48.20098], [-2.221206, 48.201133], [-2.220787, 48.201619], [-2.220543, 48.201812], [-2.219943, 48.202139], [-2.219673, 48.202303], [-2.219568, 48.202413], [-2.21912, 48.20241], [-2.218786, 48.202783], [-2.218276, 48.20316], [-2.218177, 48.203257], [-2.218165, 48.204331], [-2.21875, 48.204386], [-2.220844, 48.204485], [-2.221847, 48.204329], [-2.223732, 48.204013], [-2.22422, 48.204], [-2.224205, 48.204283], [-2.224221, 48.204991], [-2.224251, 48.205083], [-2.224587, 48.205092], [-2.224613, 48.205368], [-2.224701, 48.20582], [-2.224648, 48.205878], [-2.224168, 48.205978], [-2.224181, 48.206338], [-2.224116, 48.206967], [-2.224272, 48.207386], [-2.224304, 48.207607], [-2.224466, 48.207831], [-2.224215, 48.208118], [-2.224172, 48.208248], [-2.224256, 48.208368], [-2.224823, 48.208432], [-2.22526, 48.20844], [-2.225634, 48.208425], [-2.225993, 48.208443], [-2.226558, 48.208379], [-2.226976, 48.208257], [-2.22723, 48.208573], [-2.227384, 48.208904], [-2.227494, 48.209195], [-2.22766, 48.2094], [-2.227834, 48.209463], [-2.228061, 48.209666], [-2.228117, 48.209818], [-2.228123, 48.210142], [-2.228073, 48.21027], [-2.227883, 48.210517], [-2.227774, 48.210957], [-2.22775, 48.211169], [-2.227021, 48.211254], [-2.225975, 48.211336], [-2.225025, 48.211318], [-2.223871, 48.211349], [-2.222361, 48.211674], [-2.221058, 48.211948], [-2.219558, 48.212374], [-2.218391, 48.212744], [-2.217383, 48.213081], [-2.217126, 48.213227], [-2.216891, 48.213419], [-2.216644, 48.213484], [-2.216348, 48.213645], [-2.215798, 48.213705], [-2.21442, 48.213898], [-2.213588, 48.214047], [-2.212804, 48.214244], [-2.212504, 48.21405], [-2.212078, 48.213743], [-2.21111, 48.212986], [-2.210472, 48.212526], [-2.209671, 48.21193], [-2.208983, 48.211501], [-2.20755, 48.210706], [-2.206058, 48.209868], [-2.205656, 48.209651], [-2.204284, 48.20899], [-2.202945, 48.208304], [-2.202386, 48.207951], [-2.202141, 48.207742], [-2.201921, 48.207511], [-2.201603, 48.207047], [-2.201418, 48.206731], [-2.20126, 48.206801], [-2.200724, 48.207507], [-2.200578, 48.207635], [-2.200337, 48.207753], [-2.200216, 48.207861], [-2.199776, 48.208154], [-2.199547, 48.208225], [-2.199287, 48.208202], [-2.199011, 48.208311], [-2.198614, 48.208298], [-2.198216, 48.208336], [-2.197747, 48.208179], [-2.197461, 48.208178], [-2.196873, 48.208219], [-2.19657, 48.208211], [-2.195765, 48.208229], [-2.195202, 48.208153], [-2.19483, 48.208032], [-2.194625, 48.208023], [-2.193969, 48.208197], [-2.193774, 48.208364], [-2.193697, 48.208368], [-2.193104, 48.208218], [-2.192923, 48.208206], [-2.192716, 48.208246], [-2.192253, 48.208392], [-2.191866, 48.208305], [-2.1916, 48.208199], [-2.191353, 48.208209], [-2.191161, 48.208299], [-2.19095, 48.208263], [-2.190356, 48.208114], [-2.190262, 48.208143], [-2.190197, 48.208483], [-2.189965, 48.208592], [-2.189691, 48.208619], [-2.189437, 48.208601], [-2.189403, 48.208768], [-2.184375, 48.210168], [-2.183894, 48.210336], [-2.183912, 48.210796], [-2.184053, 48.21109], [-2.184063, 48.211239], [-2.183766, 48.211127], [-2.183846, 48.211421], [-2.183973, 48.211765], [-2.183983, 48.212172], [-2.184407, 48.212712], [-2.184459, 48.2128], [-2.184469, 48.213083], [-2.184423, 48.213311], [-2.184236, 48.213745], [-2.184677, 48.213818], [-2.184415, 48.214437], [-2.184073, 48.215052], [-2.183942, 48.215184], [-2.18399, 48.215275], [-2.184774, 48.215615], [-2.184879, 48.215701], [-2.184832, 48.215836], [-2.184993, 48.216585], [-2.185047, 48.216894], [-2.185033, 48.217263], [-2.185046, 48.2177], [-2.184988, 48.21779], [-2.184792, 48.217861], [-2.184777, 48.218241], [-2.184787, 48.218626], [-2.184855, 48.219006], [-2.18488, 48.219319], [-2.184945, 48.219661], [-2.185224, 48.219867], [-2.185969, 48.220124], [-2.186716, 48.220333], [-2.186956, 48.220514], [-2.187268, 48.220835], [-2.187311, 48.221037], [-2.187431, 48.221081], [-2.18796, 48.221188], [-2.188776, 48.221238], [-2.18892, 48.221261], [-2.189348, 48.22147], [-2.189908, 48.221657], [-2.190179, 48.221718], [-2.190394, 48.221913], [-2.190413, 48.222203], [-2.190328, 48.222938], [-2.189983, 48.223885], [-2.189583, 48.224378], [-2.190128, 48.224822], [-2.190884, 48.225364], [-2.190802, 48.225569], [-2.190535, 48.226029], [-2.190847, 48.226156], [-2.190764, 48.226314], [-2.190328, 48.226736], [-2.189734, 48.22766], [-2.189445, 48.228211], [-2.189067, 48.229307], [-2.188659, 48.230042], [-2.18873, 48.230851], [-2.188136, 48.231009], [-2.188468, 48.233293], [-2.188562, 48.233604], [-2.188298, 48.233659], [-2.188157, 48.234386], [-2.187814, 48.234889], [-2.186895, 48.23538], [-2.186362, 48.2354], [-2.186043, 48.236097], [-2.18665, 48.236313], [-2.18671, 48.236493], [-2.186714, 48.237188], [-2.186897, 48.237697], [-2.187443, 48.238601], [-2.188122, 48.239925], [-2.188215, 48.24084], [-2.188141, 48.241459], [-2.18795, 48.242038], [-2.187749, 48.242397], [-2.187539, 48.24266], [-2.187421, 48.242997], [-2.18744, 48.24322], [-2.187621, 48.243594], [-2.187513, 48.243809], [-2.187486, 48.243979], [-2.187518, 48.244119], [-2.18733, 48.244379], [-2.187249, 48.244649], [-2.187156, 48.244808], [-2.187019, 48.24494], [-2.186928, 48.245323], [-2.186716, 48.24581], [-2.186859, 48.246241], [-2.186934, 48.246632], [-2.186962, 48.247103], [-2.18684, 48.247242], [-2.186985, 48.247372], [-2.186941, 48.247645], [-2.186689, 48.247834], [-2.186163, 48.247989], [-2.185926, 48.248149], [-2.185859, 48.248334], [-2.185526, 48.248376], [-2.185303, 48.248243], [-2.184942, 48.248468], [-2.184806, 48.248672], [-2.184549, 48.248817], [-2.184216, 48.248884], [-2.184026, 48.249026], [-2.183938, 48.249243], [-2.184105, 48.249499], [-2.184123, 48.24971], [-2.183732, 48.249823], [-2.183274, 48.249644], [-2.182956, 48.2496], [-2.18248, 48.249693], [-2.182096, 48.2497], [-2.181998, 48.249642], [-2.181817, 48.249321], [-2.181725, 48.249252], [-2.181494, 48.249197], [-2.181021, 48.249193], [-2.180806, 48.249106], [-2.180541, 48.248947], [-2.180287, 48.248943], [-2.180167, 48.249018], [-2.180093, 48.249387], [-2.179875, 48.24955], [-2.179811, 48.249777], [-2.179832, 48.250016], [-2.179538, 48.250267], [-2.179334, 48.250345], [-2.179042, 48.250369], [-2.178595, 48.250345], [-2.178414, 48.250423], [-2.178361, 48.25055], [-2.17814, 48.250672], [-2.177922, 48.250849], [-2.177796, 48.250854], [-2.177667, 48.251056], [-2.17749, 48.251217], [-2.177224, 48.251298], [-2.176891, 48.251578], [-2.176875, 48.25165], [-2.176634, 48.251785], [-2.176377, 48.251992], [-2.176106, 48.252031], [-2.175987, 48.252092], [-2.176052, 48.25237], [-2.175928, 48.252403], [-2.175612, 48.252401], [-2.175493, 48.252476], [-2.175145, 48.252842], [-2.174847, 48.253064], [-2.174602, 48.253158], [-2.17424, 48.253341], [-2.173926, 48.253381], [-2.173722, 48.253459], [-2.173491, 48.253454], [-2.173067, 48.253681], [-2.17295, 48.253798], [-2.172792, 48.253664], [-2.172665, 48.253654], [-2.172439, 48.253733], [-2.172112, 48.253592], [-2.171898, 48.253557], [-2.171382, 48.253675], [-2.171312, 48.253608], [-2.171218, 48.253246], [-2.170936, 48.252904], [-2.170805, 48.252867], [-2.170393, 48.252967], [-2.170234, 48.253086], [-2.169988, 48.253165], [-2.169828, 48.253256], [-2.169654, 48.253446], [-2.169346, 48.253528], [-2.168415, 48.253494], [-2.168239, 48.253402], [-2.168027, 48.253395], [-2.16778, 48.253448], [-2.16756, 48.253583], [-2.167505, 48.253683], [-2.167679, 48.253876], [-2.167746, 48.254037], [-2.167654, 48.254169], [-2.167203, 48.254147], [-2.166954, 48.254167], [-2.166446, 48.254412], [-2.166344, 48.254569], [-2.166338, 48.254876], [-2.166171, 48.255018], [-2.166049, 48.255226], [-2.165945, 48.255881], [-2.165823, 48.256012], [-2.165284, 48.256015], [-2.164952, 48.256126], [-2.164716, 48.256358], [-2.164384, 48.256421], [-2.163991, 48.256449], [-2.16366, 48.256265], [-2.163288, 48.256336], [-2.163147, 48.256426], [-2.162796, 48.256495], [-2.162372, 48.256483], [-2.161898, 48.2566], [-2.161437, 48.256631], [-2.161128, 48.256714], [-2.160848, 48.256894], [-2.160744, 48.257151], [-2.160446, 48.25736], [-2.160392, 48.257474], [-2.160532, 48.257637], [-2.16035, 48.25784], [-2.160465, 48.258025], [-2.160432, 48.258118], [-2.160107, 48.258092], [-2.15991, 48.257996], [-2.159631, 48.258115], [-2.159529, 48.258201], [-2.159323, 48.258496], [-2.159084, 48.258562], [-2.158932, 48.258671], [-2.158991, 48.258829], [-2.159006, 48.259123], [-2.158891, 48.25926], [-2.15861, 48.259314], [-2.158267, 48.25941], [-2.157911, 48.259382], [-2.157762, 48.259461], [-2.157561, 48.259696], [-2.157377, 48.259763], [-2.157117, 48.259741], [-2.1567, 48.259769], [-2.156406, 48.259854], [-2.1562, 48.259974], [-2.155627, 48.260386], [-2.155116, 48.260574], [-2.154813, 48.260712], [-2.154616, 48.260875], [-2.154484, 48.261063], [-2.154379, 48.261306], [-2.154248, 48.261508], [-2.15401, 48.261672], [-2.152956, 48.262051], [-2.152663, 48.262095], [-2.152562, 48.261747], [-2.152316, 48.261131], [-2.152253, 48.260867], [-2.152391, 48.260198], [-2.152526, 48.259428], [-2.152435, 48.259298], [-2.152042, 48.259099], [-2.151654, 48.25895], [-2.151346, 48.258969], [-2.151133, 48.258891], [-2.150941, 48.258615], [-2.150749, 48.258213], [-2.150351, 48.258292], [-2.150667, 48.258918], [-2.149892, 48.259142], [-2.149062, 48.259286], [-2.148468, 48.259238], [-2.148308, 48.258864], [-2.147617, 48.258905], [-2.146937, 48.258885], [-2.146671, 48.258927], [-2.14623, 48.258958], [-2.145394, 48.259046], [-2.144498, 48.259389], [-2.14403, 48.259554], [-2.143237, 48.259447], [-2.143033, 48.259488], [-2.142501, 48.259451], [-2.142107, 48.259283], [-2.141849, 48.258984], [-2.142204, 48.258805], [-2.14189, 48.258396], [-2.141279, 48.258673], [-2.140856, 48.258766], [-2.140413, 48.258768], [-2.139121, 48.258811], [-2.138828, 48.258717], [-2.137183, 48.258716], [-2.136345, 48.258755], [-2.135162, 48.259088], [-2.13453, 48.259352], [-2.133728, 48.259445], [-2.133161, 48.259546], [-2.132736, 48.259556], [-2.131736, 48.259695], [-2.130659, 48.259836], [-2.129731, 48.259889], [-2.127831, 48.259907], [-2.126423, 48.259925], [-2.125508, 48.259966], [-2.125389, 48.259953], [-2.124774, 48.259738], [-2.12396, 48.259474], [-2.123218, 48.25916], [-2.122661, 48.258945], [-2.122062, 48.25879], [-2.121686, 48.258655], [-2.12131, 48.258498], [-2.119974, 48.258129], [-2.119512, 48.257922], [-2.119066, 48.257754], [-2.11815, 48.25737], [-2.115681, 48.256316], [-2.115718, 48.25621], [-2.114859, 48.255818], [-2.114214, 48.255465], [-2.113533, 48.255122], [-2.113323, 48.255035], [-2.112653, 48.254673], [-2.112406, 48.254489], [-2.111979, 48.254226], [-2.11138, 48.253806], [-2.11104, 48.253701], [-2.110739, 48.253479], [-2.110369, 48.253293], [-2.109833, 48.253091], [-2.109728, 48.252993], [-2.109721, 48.252848], [-2.10798, 48.252269], [-2.106541, 48.251855], [-2.106456, 48.252024], [-2.106268, 48.252512], [-2.106085, 48.253242], [-2.106019, 48.253449], [-2.106476, 48.2535], [-2.107181, 48.253601], [-2.107797, 48.253659], [-2.108091, 48.253656], [-2.10821, 48.253946], [-2.108281, 48.25425], [-2.108582, 48.254537], [-2.108682, 48.254572], [-2.109033, 48.25496], [-2.109183, 48.255075], [-2.109463, 48.255217], [-2.109584, 48.255435], [-2.109779, 48.255663], [-2.109775, 48.255729], [-2.109985, 48.255839], [-2.110174, 48.255893], [-2.110509, 48.256098], [-2.110692, 48.256258], [-2.110725, 48.25656], [-2.110846, 48.256694], [-2.110985, 48.257324], [-2.111035, 48.257698], [-2.110353, 48.25779], [-2.109974, 48.257808], [-2.108294, 48.257849], [-2.105341, 48.257907], [-2.105088, 48.257923], [-2.104351, 48.25805], [-2.103605, 48.258254], [-2.102974, 48.259006], [-2.102695, 48.25944], [-2.102372, 48.25986], [-2.102042, 48.260182], [-2.101878, 48.26023], [-2.101535, 48.260426], [-2.10134, 48.260602], [-2.101132, 48.260892], [-2.100646, 48.261388], [-2.100408, 48.261313], [-2.099949, 48.261119], [-2.099266, 48.261497], [-2.099088, 48.261657], [-2.099251, 48.261821], [-2.099651, 48.262073], [-2.099923, 48.262289], [-2.099305, 48.262959], [-2.098849, 48.263553], [-2.098855, 48.263776], [-2.09869, 48.263955], [-2.098342, 48.264508], [-2.098104, 48.264934], [-2.097763, 48.265418], [-2.0974, 48.265737], [-2.097158, 48.265861], [-2.096601, 48.266091], [-2.095748, 48.266363], [-2.095892, 48.266553], [-2.096219, 48.266668], [-2.096401, 48.266705], [-2.096808, 48.266742], [-2.097171, 48.266872], [-2.097562, 48.267074], [-2.098312, 48.267352], [-2.098438, 48.267421], [-2.098752, 48.267471], [-2.100256, 48.267774], [-2.100605, 48.267822], [-2.101015, 48.267819], [-2.101798, 48.267767], [-2.10325, 48.267649], [-2.104733, 48.267541], [-2.105638, 48.267605], [-2.106196, 48.267738], [-2.107562, 48.267941], [-2.108438, 48.267836], [-2.10883, 48.267724], [-2.109574, 48.267793], [-2.109918, 48.267879], [-2.109431, 48.268645], [-2.109816, 48.268716], [-2.110679, 48.26895], [-2.111115, 48.269117], [-2.11185, 48.269329], [-2.112318, 48.269395], [-2.112624, 48.2695], [-2.113122, 48.269815], [-2.11385, 48.270315], [-2.114511, 48.270799], [-2.114327, 48.271387], [-2.113635, 48.271427], [-2.113373, 48.271578], [-2.11302, 48.271647], [-2.112704, 48.271631], [-2.112268, 48.272449], [-2.111883, 48.27238], [-2.111611, 48.272382], [-2.111671, 48.272675], [-2.111687, 48.273385], [-2.111666, 48.273709], [-2.111616, 48.273962], [-2.111508, 48.274209], [-2.111206, 48.274526], [-2.110633, 48.274991], [-2.110459, 48.27515], [-2.110422, 48.275238], [-2.109962, 48.275177], [-2.109621, 48.275184], [-2.109023, 48.275127], [-2.108378, 48.275167], [-2.10762, 48.275069], [-2.107261, 48.275041], [-2.107001, 48.27498], [-2.106565, 48.2748], [-2.106196, 48.274673], [-2.105701, 48.274536], [-2.105461, 48.274448], [-2.105086, 48.274251], [-2.104601, 48.274508], [-2.104024, 48.274657], [-2.103369, 48.274879], [-2.102658, 48.274708], [-2.102046, 48.274703], [-2.101669, 48.274478], [-2.101114, 48.274401], [-2.100657, 48.274488], [-2.100161, 48.274831], [-2.099723, 48.275156], [-2.099164, 48.275262], [-2.098617, 48.275283], [-2.09833, 48.275128], [-2.097772, 48.274924], [-2.097478, 48.274776], [-2.095262, 48.275255], [-2.094576, 48.27535], [-2.094332, 48.276204], [-2.093204, 48.276092], [-2.092055, 48.275913], [-2.091783, 48.275879], [-2.09081, 48.275555], [-2.090547, 48.275546], [-2.089859, 48.275642], [-2.089461, 48.275656], [-2.088819, 48.275554], [-2.088149, 48.275341], [-2.087917, 48.275349], [-2.087295, 48.275485], [-2.086653, 48.275607], [-2.08601, 48.275744], [-2.085473, 48.275877], [-2.084768, 48.276003], [-2.084538, 48.276024], [-2.084296, 48.27616], [-2.084001, 48.276411], [-2.083673, 48.276522], [-2.083138, 48.276669], [-2.082846, 48.276708], [-2.082486, 48.276707], [-2.082131, 48.276735], [-2.081699, 48.276849], [-2.08135, 48.276975], [-2.080793, 48.277122], [-2.080554, 48.277272], [-2.080504, 48.277429], [-2.080607, 48.277664], [-2.080531, 48.277766], [-2.081335, 48.278819], [-2.079984, 48.279292], [-2.07944, 48.279456], [-2.079784, 48.279816], [-2.079557, 48.280465], [-2.079013, 48.28096], [-2.078471, 48.281499], [-2.078035, 48.281849], [-2.078647, 48.282343], [-2.07839, 48.282549], [-2.077995, 48.282233], [-2.07766, 48.282385], [-2.077407, 48.282635], [-2.078256, 48.283095], [-2.077895, 48.283299], [-2.07762, 48.283402], [-2.07693, 48.283448], [-2.076659, 48.283408], [-2.076372, 48.283739], [-2.076163, 48.283922], [-2.07583, 48.28398], [-2.075214, 48.284679], [-2.074964, 48.284913], [-2.075125, 48.285222], [-2.075382, 48.285518], [-2.076079, 48.286547], [-2.076348, 48.287082], [-2.076563, 48.287767], [-2.077179, 48.289124], [-2.077276, 48.289222], [-2.077499, 48.289623], [-2.077653, 48.289657], [-2.078043, 48.290477], [-2.078964, 48.29204], [-2.079427, 48.292774], [-2.080134, 48.293307], [-2.079463, 48.293302], [-2.078958, 48.293345], [-2.078326, 48.293418], [-2.078231, 48.293444], [-2.078004, 48.293407], [-2.076573, 48.293574], [-2.075973, 48.293654], [-2.075146, 48.293745], [-2.07423, 48.293762], [-2.073587, 48.293748], [-2.072912, 48.293689], [-2.072544, 48.293581], [-2.072314, 48.293456], [-2.072035, 48.293391], [-2.071844, 48.293525], [-2.071198, 48.293702], [-2.070437, 48.293856], [-2.069967, 48.293924], [-2.069753, 48.293925], [-2.069149, 48.29384], [-2.068633, 48.293813], [-2.066905, 48.293984], [-2.066513, 48.294049], [-2.066228, 48.294124], [-2.06557, 48.294333], [-2.06506, 48.294469], [-2.064595, 48.294634], [-2.063792, 48.295008], [-2.063217, 48.295171], [-2.061233, 48.295577], [-2.060647, 48.295782], [-2.060251, 48.295883], [-2.059775, 48.295964], [-2.059147, 48.296038], [-2.058671, 48.296243], [-2.058098, 48.296352], [-2.058016, 48.296347], [-2.057113, 48.296618], [-2.056318, 48.29689], [-2.055618, 48.297165], [-2.054933, 48.297482], [-2.054455, 48.297689], [-2.054403, 48.297876], [-2.054104, 48.297969], [-2.053876, 48.29765], [-2.053536, 48.298091], [-2.053198, 48.298328], [-2.052983, 48.298225], [-2.05244, 48.298023], [-2.051884, 48.297783], [-2.051392, 48.297534], [-2.050845, 48.297182], [-2.050526, 48.296777], [-2.050129, 48.296574], [-2.049796, 48.296431], [-2.049512, 48.29622], [-2.049366, 48.296052], [-2.048569, 48.295583], [-2.048093, 48.295425], [-2.047795, 48.295289], [-2.047121, 48.294789], [-2.046879, 48.294527], [-2.046836, 48.29436], [-2.046917, 48.294233], [-2.047079, 48.294147], [-2.047867, 48.293939], [-2.048427, 48.2937], [-2.048835, 48.293469], [-2.048929, 48.293299], [-2.048945, 48.293077], [-2.049097, 48.292836], [-2.049434, 48.292619], [-2.049617, 48.292422], [-2.049649, 48.292158], [-2.049933, 48.291889], [-2.050276, 48.291708], [-2.050871, 48.291249], [-2.050982, 48.291076], [-2.050966, 48.29088], [-2.050754, 48.290606], [-2.050418, 48.29038], [-2.050181, 48.290304], [-2.049481, 48.29026], [-2.049198, 48.290158], [-2.049007, 48.290136], [-2.048184, 48.290139], [-2.047398, 48.290056], [-2.046853, 48.290104], [-2.046557, 48.290088], [-2.046084, 48.289992], [-2.045581, 48.289758], [-2.045378, 48.289596], [-2.045193, 48.289153], [-2.045196, 48.288957], [-2.044834, 48.288899], [-2.044616, 48.288809], [-2.044359, 48.288762], [-2.043686, 48.28852], [-2.042747, 48.288414], [-2.042251, 48.288264], [-2.041956, 48.288275], [-2.04175, 48.288325], [-2.040914, 48.288412], [-2.040536, 48.288426], [-2.04024, 48.288409], [-2.040023, 48.288347], [-2.039668, 48.288121], [-2.03935, 48.287865], [-2.039172, 48.287759], [-2.039035, 48.287624], [-2.03879, 48.287477], [-2.038195, 48.287162], [-2.037927, 48.286989], [-2.037276, 48.28676], [-2.036805, 48.286412], [-2.036559, 48.286491], [-2.036429, 48.286467], [-2.036073, 48.286228], [-2.035898, 48.28615], [-2.035385, 48.286071], [-2.033869, 48.285518], [-2.032574, 48.285426], [-2.031371, 48.285146], [-2.030068, 48.285195], [-2.029177, 48.284622], [-2.028577, 48.284744], [-2.027784, 48.284829], [-2.02785, 48.284362], [-2.027908, 48.283544], [-2.027728, 48.283396], [-2.027038, 48.283225], [-2.026368, 48.282785], [-2.025897, 48.282613], [-2.025509, 48.282435], [-2.025256, 48.281937], [-2.025017, 48.281336], [-2.024763, 48.281063], [-2.024181, 48.281175], [-2.023866, 48.281186], [-2.023067, 48.281154], [-2.022526, 48.281097], [-2.021513, 48.28088], [-2.021226, 48.280854], [-2.020934, 48.280864], [-2.020592, 48.28093], [-2.019028, 48.281321], [-2.018819, 48.281347], [-2.018503, 48.281313], [-2.016617, 48.280819], [-2.016427, 48.280803], [-2.016178, 48.280879], [-2.014594, 48.281846], [-2.014316, 48.281921], [-2.01443, 48.28092], [-2.014484, 48.280363], [-2.014475, 48.28019], [-2.014411, 48.27997], [-2.014256, 48.279664], [-2.014142, 48.2797], [-2.012493, 48.280201], [-2.010006, 48.280989], [-2.009637, 48.281099], [-2.00824, 48.281475], [-2.007926, 48.281539], [-2.007627, 48.281562], [-2.007361, 48.281551], [-2.006078, 48.281429], [-2.005728, 48.281344], [-2.005224, 48.281135], [-2.004935, 48.281042], [-2.004626, 48.280986], [-2.00357, 48.280863], [-2.002121, 48.280677], [-2.001822, 48.284282], [-2.002082, 48.284813], [-2.002669, 48.285377], [-2.003578, 48.287415], [-2.003831, 48.288666], [-2.003839, 48.289403], [-2.003899, 48.289588], [-2.004761, 48.29127], [-2.005131, 48.292007], [-2.005093, 48.29205], [-2.004805, 48.291948], [-2.004471, 48.291886], [-2.003856, 48.291885], [-2.003418, 48.291865], [-2.002813, 48.291805], [-2.002607, 48.291771], [-2.001545, 48.291507], [-2.000868, 48.29129], [-2.000326, 48.290905], [-2.000146, 48.290814], [-1.998819, 48.29038], [-1.998581, 48.290325], [-1.997992, 48.290224], [-1.997605, 48.290206], [-1.997367, 48.291054], [-1.997335, 48.291468], [-1.998557, 48.291796], [-1.998576, 48.292021], [-1.998476, 48.29223], [-1.998451, 48.292667], [-1.998459, 48.293033], [-1.998545, 48.293297], [-1.998643, 48.293476], [-1.998702, 48.293671], [-1.998587, 48.294069], [-1.998731, 48.294275], [-1.998747, 48.294471], [-1.998688, 48.295035], [-1.998594, 48.295166], [-1.998529, 48.295408], [-1.99846, 48.295846], [-1.998317, 48.296935], [-1.998313, 48.297257], [-1.998018, 48.297159], [-1.997403, 48.297498], [-1.995678, 48.298254], [-1.994985, 48.298542], [-1.994677, 48.298652], [-1.993589, 48.29896], [-1.993496, 48.298925], [-1.993148, 48.298901], [-1.992938, 48.298827], [-1.991601, 48.298265], [-1.991363, 48.298132], [-1.99112, 48.29806], [-1.990692, 48.297995], [-1.990539, 48.297943], [-1.990363, 48.297777], [-1.989997, 48.297707], [-1.98958, 48.297694], [-1.989143, 48.297702], [-1.988694, 48.297744], [-1.988984, 48.298263], [-1.987712, 48.298793], [-1.98614, 48.299427], [-1.985299, 48.299726], [-1.984094, 48.299938], [-1.982499, 48.30004], [-1.981452, 48.30012], [-1.980663, 48.300276], [-1.980075, 48.300525], [-1.978596, 48.301256], [-1.978152, 48.301587], [-1.977692, 48.301739], [-1.97648, 48.301783], [-1.976208, 48.301748], [-1.97506, 48.301745], [-1.974777, 48.301575], [-1.974361, 48.300789], [-1.974215, 48.300659], [-1.973901, 48.300131], [-1.975386, 48.299302], [-1.975229, 48.299037], [-1.974091, 48.297683], [-1.973618, 48.296854], [-1.973107, 48.296378], [-1.972171, 48.294836], [-1.97138, 48.29398], [-1.970683, 48.293718], [-1.969225, 48.293225], [-1.969109, 48.293057], [-1.96789, 48.291971], [-1.967308, 48.291774], [-1.966701, 48.291155], [-1.965971, 48.290895], [-1.964949, 48.290434], [-1.964667, 48.290396], [-1.964086, 48.290404], [-1.963858, 48.290449], [-1.963221, 48.29073], [-1.962908, 48.290894], [-1.962304, 48.291179], [-1.961736, 48.2914], [-1.960571, 48.291914], [-1.958941, 48.292618], [-1.958272, 48.292913], [-1.958541, 48.293166], [-1.957184, 48.293748], [-1.957182, 48.293954], [-1.957271, 48.294481], [-1.957342, 48.295094], [-1.957312, 48.295835], [-1.957293, 48.295942], [-1.957011, 48.296091], [-1.956385, 48.296473], [-1.956347, 48.296527], [-1.957189, 48.297024], [-1.957422, 48.297298], [-1.957716, 48.297793], [-1.957876, 48.298268], [-1.958706, 48.298313], [-1.959489, 48.298157], [-1.959745, 48.298172], [-1.960037, 48.298269], [-1.961704, 48.299331], [-1.962164, 48.299404], [-1.96277, 48.299467], [-1.963611, 48.299429], [-1.964271, 48.300357], [-1.964969, 48.300963], [-1.965601, 48.301482], [-1.966227, 48.301807], [-1.967933, 48.302879], [-1.968339, 48.303314], [-1.967492, 48.303616], [-1.96627, 48.304013], [-1.965708, 48.304174], [-1.9642, 48.304349], [-1.963273, 48.304496], [-1.962262, 48.304684], [-1.961225, 48.305171], [-1.959901, 48.305694], [-1.959275, 48.305951], [-1.958234, 48.306394], [-1.956606, 48.306958], [-1.95748, 48.308169], [-1.957682, 48.308303], [-1.957627, 48.308938], [-1.957659, 48.31009], [-1.95771, 48.310468], [-1.957625, 48.311231], [-1.957368, 48.31169], [-1.957537, 48.312118], [-1.957675, 48.312395], [-1.957822, 48.312777], [-1.957977, 48.313242], [-1.958666, 48.314188], [-1.958893, 48.314415], [-1.958985, 48.31457], [-1.958571, 48.314744], [-1.958093, 48.314863], [-1.954471, 48.315621], [-1.953909, 48.315714], [-1.954375, 48.316426], [-1.954531, 48.316688], [-1.954773, 48.317152], [-1.954895, 48.317427], [-1.955398, 48.318792], [-1.955622, 48.319418], [-1.955908, 48.320174], [-1.956394, 48.321405], [-1.956729, 48.322268], [-1.957105, 48.323212], [-1.957484, 48.324207], [-1.957599, 48.324536], [-1.958073, 48.326139], [-1.958322, 48.326796], [-1.959741, 48.330059], [-1.959946, 48.330544], [-1.960368, 48.331337], [-1.960684, 48.331891], [-1.961298, 48.332997], [-1.96172, 48.333799], [-1.961954, 48.334275], [-1.963034, 48.336362], [-1.963271, 48.336775], [-1.963956, 48.337905], [-1.965059, 48.33968], [-1.965479, 48.340433], [-1.966062, 48.341564], [-1.966328, 48.342056], [-1.966749, 48.34275], [-1.966903, 48.342952], [-1.966015, 48.343272], [-1.965753, 48.343418], [-1.965703, 48.343534], [-1.964135, 48.343708], [-1.963408, 48.343727], [-1.962203, 48.343791], [-1.961292, 48.343636], [-1.960135, 48.342864], [-1.959918, 48.34274], [-1.959245, 48.342433], [-1.958454, 48.342331], [-1.957258, 48.34261], [-1.956207, 48.342838], [-1.955485, 48.342858], [-1.954243, 48.342946], [-1.953353, 48.343158], [-1.9527, 48.343188], [-1.952554, 48.34292], [-1.952489, 48.342688], [-1.952402, 48.342221], [-1.950321, 48.342442], [-1.949163, 48.342363], [-1.946378, 48.342439], [-1.944762, 48.342897], [-1.943208, 48.343399], [-1.942422, 48.34366], [-1.940197, 48.34441], [-1.939008, 48.344797], [-1.937858, 48.34518], [-1.937088, 48.345417], [-1.936722, 48.345497], [-1.932449, 48.346222], [-1.930137, 48.346624], [-1.929581, 48.346784], [-1.929311, 48.346901], [-1.929039, 48.347057], [-1.929369, 48.347809], [-1.929844, 48.348246], [-1.93025, 48.348875], [-1.930512, 48.349182], [-1.930668, 48.34945], [-1.930499, 48.350069], [-1.930774, 48.350956], [-1.930652, 48.35133], [-1.9305, 48.351524], [-1.930803, 48.351735], [-1.93106, 48.351979], [-1.931315, 48.352624], [-1.93128, 48.352815], [-1.931104, 48.352938], [-1.931303, 48.3533], [-1.931479, 48.35381], [-1.931991, 48.354611], [-1.932157, 48.354873], [-1.932266, 48.354964], [-1.93252, 48.354976], [-1.93269, 48.355191], [-1.932884, 48.35529], [-1.932992, 48.35557], [-1.933206, 48.3557], [-1.933291, 48.355908], [-1.93312, 48.356104], [-1.932633, 48.356354], [-1.932298, 48.356788], [-1.932208, 48.357129], [-1.932397, 48.357523], [-1.932725, 48.358081], [-1.933246, 48.358674], [-1.933332, 48.358903], [-1.933224, 48.359034], [-1.932966, 48.35919], [-1.932815, 48.359397], [-1.932877, 48.359742], [-1.932981, 48.359992], [-1.933033, 48.360212], [-1.93288, 48.360396], [-1.932653, 48.36051], [-1.932634, 48.360701], [-1.933, 48.360928], [-1.934541, 48.360581], [-1.935519, 48.360266], [-1.936735, 48.360134], [-1.937072, 48.359921], [-1.93761, 48.359891], [-1.938027, 48.359834], [-1.938273, 48.359659], [-1.942126, 48.360381], [-1.942669, 48.360308], [-1.942716, 48.360557], [-1.942732, 48.360962], [-1.942898, 48.361401], [-1.942941, 48.361806], [-1.943085, 48.362472], [-1.943063, 48.362756], [-1.942981, 48.362929], [-1.942789, 48.363175], [-1.944419, 48.363623], [-1.945032, 48.363994], [-1.945345, 48.364331], [-1.945574, 48.364755], [-1.945833, 48.365636], [-1.946583, 48.366074], [-1.946742, 48.366325], [-1.947094, 48.36663], [-1.947397, 48.367134], [-1.947301, 48.36738], [-1.94722, 48.367717], [-1.947286, 48.368024], [-1.947419, 48.368359], [-1.947494, 48.368672], [-1.947521, 48.36949], [-1.947468, 48.369797], [-1.947252, 48.370126], [-1.946962, 48.370489], [-1.945977, 48.371527], [-1.945506, 48.372188], [-1.945267, 48.372825], [-1.945206, 48.373213], [-1.944941, 48.37355], [-1.944796, 48.373793], [-1.944723, 48.374041], [-1.944684, 48.374347], [-1.944738, 48.374478], [-1.944906, 48.374502], [-1.944975, 48.374578], [-1.944779, 48.374699], [-1.944908, 48.374882], [-1.944993, 48.374932], [-1.94506, 48.375164], [-1.945077, 48.375373], [-1.945387, 48.375418], [-1.945419, 48.375472], [-1.94535, 48.375686], [-1.94562, 48.375964], [-1.945599, 48.376093], [-1.945825, 48.376065], [-1.945965, 48.376481], [-1.945707, 48.376661], [-1.945747, 48.37678], [-1.945696, 48.376906], [-1.946033, 48.377281], [-1.946055, 48.377341], [-1.945949, 48.377584], [-1.946165, 48.377932], [-1.946211, 48.378051], [-1.946204, 48.378465], [-1.946309, 48.378604], [-1.946334, 48.379129], [-1.946284, 48.379369], [-1.946177, 48.379487], [-1.946129, 48.379696], [-1.946171, 48.380005], [-1.946113, 48.380367], [-1.945913, 48.380402], [-1.944317, 48.380482], [-1.944338, 48.380677], [-1.944534, 48.381151], [-1.944723, 48.381545], [-1.944149, 48.381776], [-1.943913, 48.381889], [-1.943716, 48.381944], [-1.943515, 48.381879], [-1.943405, 48.381897], [-1.942873, 48.382119], [-1.941984, 48.38239], [-1.94164, 48.382479], [-1.941073, 48.382596], [-1.939841, 48.3828], [-1.939811, 48.382834], [-1.939311, 48.382906], [-1.938373, 48.383077], [-1.938539, 48.383567], [-1.938704, 48.383925], [-1.938888, 48.384214], [-1.938971, 48.384406], [-1.939073, 48.385031], [-1.939584, 48.385327], [-1.939663, 48.38546], [-1.939636, 48.385622], [-1.939405, 48.385784], [-1.939264, 48.385926], [-1.93938, 48.386106], [-1.939703, 48.386205], [-1.939834, 48.386214], [-1.939112, 48.387286], [-1.938608, 48.38713], [-1.938361, 48.387541], [-1.938614, 48.387648], [-1.938465, 48.38789], [-1.938717, 48.387971], [-1.938329, 48.388602], [-1.937552, 48.388392], [-1.937774, 48.388928], [-1.93765, 48.389064], [-1.936778, 48.389798], [-1.937051, 48.390025], [-1.937445, 48.390237], [-1.937704, 48.39042], [-1.937938, 48.390694], [-1.938383, 48.391361], [-1.93873, 48.391785], [-1.939676, 48.392623], [-1.939791, 48.392792], [-1.939937, 48.393116], [-1.939781, 48.393114], [-1.938988, 48.393192], [-1.938325, 48.393307], [-1.937294, 48.393552], [-1.936481, 48.393721], [-1.935897, 48.393813], [-1.935132, 48.393881], [-1.933436, 48.39396], [-1.932404, 48.394035], [-1.931658, 48.394148], [-1.930245, 48.394399], [-1.930168, 48.394608], [-1.930048, 48.394801], [-1.931515, 48.395221], [-1.932456, 48.395571], [-1.934594, 48.396602], [-1.934988, 48.396769], [-1.937316, 48.3981], [-1.938418, 48.398715], [-1.93955, 48.399294], [-1.940167, 48.399595], [-1.940985, 48.39989], [-1.942327, 48.400524], [-1.94311, 48.400944], [-1.943046, 48.40101], [-1.942772, 48.40115], [-1.942195, 48.401392], [-1.94157, 48.401698], [-1.941124, 48.401995], [-1.939667, 48.403068], [-1.939592, 48.403153], [-1.939573, 48.4034], [-1.939772, 48.4037], [-1.939703, 48.403886], [-1.939504, 48.404032], [-1.939133, 48.404228], [-1.938873, 48.40434], [-1.938519, 48.404428], [-1.938328, 48.404539], [-1.938228, 48.404653], [-1.937288, 48.405589], [-1.937137, 48.405764], [-1.93693, 48.406099], [-1.936835, 48.406369], [-1.936684, 48.40659], [-1.936428, 48.406717], [-1.93761, 48.407871], [-1.938071, 48.408356], [-1.939021, 48.409201], [-1.939694, 48.409643], [-1.940624, 48.410284], [-1.940948, 48.410547], [-1.938887, 48.411126], [-1.937778, 48.411448], [-1.937188, 48.411608], [-1.937573, 48.412017], [-1.937594, 48.412091], [-1.938044, 48.412344], [-1.937999, 48.412473], [-1.938218, 48.412508], [-1.938263, 48.412654], [-1.938536, 48.413044], [-1.9381, 48.413167], [-1.937804, 48.413306], [-1.937677, 48.413434], [-1.937628, 48.413597], [-1.937523, 48.413698], [-1.937178, 48.414364], [-1.936812, 48.41461], [-1.936788, 48.414867], [-1.936904, 48.41495], [-1.936947, 48.415306], [-1.936947, 48.415728], [-1.936822, 48.416473], [-1.936692, 48.416711], [-1.936386, 48.416979], [-1.936196, 48.417216], [-1.936195, 48.417377], [-1.936141, 48.41752], [-1.936089, 48.417831], [-1.93621, 48.418012], [-1.936183, 48.418488], [-1.936255, 48.418717], [-1.936334, 48.418845], [-1.936269, 48.418932], [-1.93639, 48.419293], [-1.936383, 48.419604], [-1.93631, 48.419837], [-1.937112, 48.420054], [-1.93812, 48.420477], [-1.938737, 48.420748], [-1.939191, 48.420912], [-1.939557, 48.420989], [-1.940134, 48.421158], [-1.940725, 48.421305], [-1.941089, 48.421416], [-1.941579, 48.421631], [-1.942198, 48.42198], [-1.94264, 48.422206], [-1.942959, 48.422319], [-1.943291, 48.422336], [-1.944002, 48.422272], [-1.944243, 48.422237], [-1.944262, 48.422368], [-1.944439, 48.422812], [-1.944617, 48.423094], [-1.944885, 48.42329], [-1.945658, 48.423679], [-1.946182, 48.424022], [-1.946454, 48.424226], [-1.946937, 48.424516], [-1.947215, 48.424714], [-1.948038, 48.425088], [-1.948195, 48.425228], [-1.948736, 48.425985], [-1.949012, 48.4265], [-1.949125, 48.426658], [-1.949283, 48.426784], [-1.950272, 48.427273], [-1.950588, 48.427442], [-1.950366, 48.427611], [-1.950396, 48.427804], [-1.950579, 48.427977], [-1.951209, 48.428383], [-1.951413, 48.428818], [-1.951599, 48.429026], [-1.951717, 48.429055], [-1.952324, 48.43029], [-1.952408, 48.430402], [-1.952429, 48.43056], [-1.951948, 48.431126], [-1.951792, 48.431257], [-1.951846, 48.431353], [-1.951618, 48.431493], [-1.951065, 48.431636], [-1.950889, 48.431725], [-1.950687, 48.431933], [-1.950626, 48.432253], [-1.950435, 48.432697], [-1.950226, 48.433049], [-1.950122, 48.433374], [-1.950114, 48.433517], [-1.9497, 48.433982], [-1.94938, 48.434264], [-1.949169, 48.43452], [-1.949263, 48.434818], [-1.949266, 48.435291], [-1.948866, 48.436208], [-1.94869, 48.436661], [-1.949149, 48.436799], [-1.949838, 48.436978], [-1.950708, 48.437228], [-1.9506, 48.437328], [-1.950079, 48.438144], [-1.951057, 48.438432], [-1.951343, 48.43854], [-1.95158, 48.438682], [-1.951702, 48.438846], [-1.951763, 48.439013], [-1.95174, 48.439782], [-1.950584, 48.439904], [-1.950712, 48.440082], [-1.950847, 48.440651], [-1.949863, 48.440887], [-1.949963, 48.441072], [-1.950483, 48.441607], [-1.950789, 48.442001], [-1.950821, 48.442116], [-1.950418, 48.442519], [-1.949352, 48.445216], [-1.948664, 48.44642], [-1.947166, 48.446328], [-1.947131, 48.446485], [-1.947286, 48.446508], [-1.94751, 48.447074], [-1.947126, 48.447237], [-1.946506, 48.447463], [-1.946244, 48.44751], [-1.945949, 48.447602], [-1.945573, 48.447765], [-1.945426, 48.447891], [-1.944648, 48.448206], [-1.944179, 48.448307], [-1.943858, 48.448327], [-1.943491, 48.44839], [-1.943103, 48.448516], [-1.942426, 48.448763], [-1.941937, 48.44884], [-1.941504, 48.448789], [-1.940946, 48.448607], [-1.940806, 48.448511], [-1.940618, 48.448203], [-1.940465, 48.44784], [-1.940232, 48.44758], [-1.939938, 48.447378], [-1.939652, 48.447306], [-1.938963, 48.447358], [-1.938701, 48.447348], [-1.938441, 48.447557], [-1.937996, 48.447733], [-1.93776, 48.448007], [-1.937367, 48.448194], [-1.936428, 48.448678], [-1.936275, 48.448845], [-1.936033, 48.449239], [-1.935844, 48.449402], [-1.935618, 48.449507], [-1.934984, 48.449597], [-1.934765, 48.449702], [-1.93436, 48.449951], [-1.934022, 48.450045], [-1.933639, 48.450275], [-1.932501, 48.45107], [-1.932174, 48.451157], [-1.931671, 48.451383], [-1.931495, 48.4515], [-1.931004, 48.451654], [-1.930843, 48.451731], [-1.930399, 48.451847], [-1.929938, 48.452099], [-1.929269, 48.452247], [-1.928951, 48.452343], [-1.928823, 48.452419], [-1.928617, 48.452641], [-1.928321, 48.45279], [-1.928161, 48.453023], [-1.927981, 48.453038], [-1.927838, 48.453132], [-1.927834, 48.453391], [-1.927721, 48.453762], [-1.927564, 48.453751], [-1.927608, 48.453957], [-1.927533, 48.454092], [-1.927329, 48.454794], [-1.927326, 48.454922], [-1.927253, 48.45507], [-1.927127, 48.455191], [-1.926962, 48.45547], [-1.926813, 48.455551], [-1.926781, 48.455701], [-1.926645, 48.45585], [-1.926482, 48.455964], [-1.926339, 48.4562], [-1.926326, 48.456311], [-1.926435, 48.456553], [-1.92629, 48.45662], [-1.925951, 48.456646], [-1.925893, 48.456683], [-1.925906, 48.45694], [-1.926067, 48.457226], [-1.926051, 48.457379], [-1.925945, 48.457497], [-1.925658, 48.458057], [-1.925628, 48.458237], [-1.92552, 48.458397], [-1.925192, 48.458644], [-1.925301, 48.458883], [-1.925198, 48.459126], [-1.925037, 48.459323], [-1.924962, 48.459604], [-1.924982, 48.459843], [-1.924951, 48.460147], [-1.924992, 48.46039], [-1.92484, 48.460643], [-1.924657, 48.460863], [-1.924466, 48.461151], [-1.924163, 48.461354], [-1.924091, 48.461443], [-1.923844, 48.461612], [-1.923764, 48.461874], [-1.923809, 48.46231], [-1.923923, 48.462297], [-1.924013, 48.462454], [-1.92416, 48.462489], [-1.924402, 48.462657], [-1.924556, 48.462868], [-1.92479, 48.463006], [-1.924998, 48.463232], [-1.925082, 48.463408], [-1.925093, 48.46367], [-1.925271, 48.463889], [-1.925482, 48.464087], [-1.925458, 48.464686], [-1.925707, 48.464857], [-1.925872, 48.465004], [-1.925699, 48.465066], [-1.925583, 48.46521], [-1.925693, 48.465755], [-1.925836, 48.466557], [-1.926092, 48.466874], [-1.926243, 48.467124], [-1.926409, 48.467665], [-1.926698, 48.467845], [-1.926869, 48.467875], [-1.927591, 48.467893], [-1.928299, 48.468002], [-1.92859, 48.468081], [-1.929101, 48.468284], [-1.929801, 48.468642], [-1.930296, 48.468934], [-1.930731, 48.469244], [-1.931043, 48.469527], [-1.931324, 48.469738], [-1.931499, 48.469921], [-1.931839, 48.470346], [-1.930866, 48.470694], [-1.930585, 48.470778], [-1.930319, 48.470895], [-1.93005, 48.471103], [-1.929914, 48.471294], [-1.928716, 48.475701], [-1.929133, 48.475782], [-1.92906, 48.47598], [-1.928777, 48.476437], [-1.927668, 48.476263], [-1.927055, 48.476743], [-1.925032, 48.477129], [-1.925022, 48.477203], [-1.92277, 48.477469], [-1.92211, 48.477601], [-1.921241, 48.477861], [-1.920658, 48.478078], [-1.919989, 48.478228], [-1.919662, 48.478328], [-1.918939, 48.478656], [-1.918287, 48.478644], [-1.918149, 48.478603], [-1.917811, 48.478699], [-1.916939, 48.479019], [-1.916301, 48.479279], [-1.916029, 48.479416], [-1.915523, 48.479577], [-1.914785, 48.479856], [-1.913436, 48.48034], [-1.913256, 48.480426], [-1.912051, 48.480756], [-1.91091, 48.481096], [-1.909585, 48.481476], [-1.909049, 48.48162], [-1.911692, 48.486508], [-1.911903, 48.486895], [-1.914011, 48.490791], [-1.915088, 48.491592], [-1.915168, 48.491664], [-1.91621, 48.492308], [-1.917711, 48.493219], [-1.917984, 48.493066], [-1.918572, 48.492814], [-1.918876, 48.492708], [-1.920752, 48.492125], [-1.920966, 48.492641], [-1.921081, 48.492874], [-1.921072, 48.493653], [-1.921213, 48.493673], [-1.921248, 48.494078], [-1.921465, 48.494432], [-1.921431, 48.494721], [-1.921496, 48.494992], [-1.92164, 48.495204], [-1.922082, 48.496414], [-1.922349, 48.496992], [-1.922364, 48.497088], [-1.922846, 48.497674], [-1.922966, 48.497887], [-1.923042, 48.498186], [-1.923143, 48.498716], [-1.923263, 48.499645], [-1.923363, 48.499857], [-1.923021, 48.500029], [-1.922991, 48.500382], [-1.923549, 48.501052], [-1.923577, 48.501224], [-1.923185, 48.501191], [-1.923148, 48.501483], [-1.923072, 48.501754], [-1.923067, 48.502062], [-1.923117, 48.502201], [-1.922979, 48.502225], [-1.922962, 48.50245], [-1.922909, 48.502521], [-1.923011, 48.502605], [-1.923088, 48.502924], [-1.923091, 48.503443], [-1.922986, 48.504308], [-1.922935, 48.50483], [-1.922826, 48.505126], [-1.922476, 48.505216], [-1.921165, 48.50538], [-1.920917, 48.505492], [-1.920422, 48.505582], [-1.919869, 48.505638], [-1.9198, 48.505624], [-1.919169, 48.505751], [-1.917822, 48.505878], [-1.916862, 48.50598], [-1.91584, 48.505986], [-1.915583, 48.505938], [-1.91516, 48.505941], [-1.914755, 48.506014], [-1.914257, 48.506203], [-1.913879, 48.506265], [-1.913319, 48.506279], [-1.912984, 48.506258], [-1.912165, 48.506126], [-1.911557, 48.506057], [-1.911725, 48.507393], [-1.911721, 48.507601], [-1.911665, 48.507972], [-1.911571, 48.508311], [-1.911269, 48.509604], [-1.911154, 48.510062], [-1.910756, 48.510905], [-1.910607, 48.511108], [-1.910664, 48.511331], [-1.910692, 48.512036], [-1.91063, 48.512469], [-1.91056, 48.51262], [-1.910615, 48.515262], [-1.910674, 48.515764], [-1.910751, 48.516092], [-1.911011, 48.516759], [-1.911045, 48.516983], [-1.911618, 48.517544], [-1.912125, 48.518076], [-1.912514, 48.518607], [-1.91288, 48.519225], [-1.913275, 48.519715], [-1.913664, 48.520007], [-1.914134, 48.520442], [-1.914282, 48.520467], [-1.914563, 48.521049], [-1.91461, 48.521239], [-1.915039, 48.521689], [-1.915348, 48.52236], [-1.915359, 48.522465], [-1.91588, 48.523451], [-1.916175, 48.524276], [-1.916398, 48.524804], [-1.916337, 48.52493], [-1.916524, 48.525306], [-1.916605, 48.525607], [-1.916897, 48.526075], [-1.917215, 48.526795], [-1.917179, 48.526998], [-1.917135, 48.527644], [-1.917144, 48.527905], [-1.917232, 48.529105], [-1.917289, 48.529755], [-1.917361, 48.530369], [-1.917441, 48.530758], [-1.917621, 48.531153], [-1.917744, 48.531553], [-1.918086, 48.532178], [-1.918127, 48.532586], [-1.918227, 48.533007], [-1.918241, 48.533576], [-1.918269, 48.533974], [-1.91824, 48.534324], [-1.918247, 48.534636], [-1.91843, 48.534974], [-1.918672, 48.535554], [-1.919172, 48.535413], [-1.919799, 48.535256], [-1.920359, 48.535145], [-1.921468, 48.534947], [-1.921948, 48.534892], [-1.922465, 48.534858], [-1.922766, 48.534885], [-1.922835, 48.535049], [-1.922744, 48.53585], [-1.922752, 48.536116], [-1.922826, 48.536537], [-1.922901, 48.536839], [-1.922962, 48.536956], [-1.923096, 48.536981], [-1.922975, 48.53739], [-1.923146, 48.53744], [-1.924347, 48.537464], [-1.925222, 48.5375], [-1.925685, 48.537548], [-1.92608, 48.53764], [-1.926271, 48.53779], [-1.926728, 48.538236], [-1.926844, 48.538401], [-1.926937, 48.538608], [-1.926976, 48.538837], [-1.926948, 48.539358], [-1.926879, 48.53951], [-1.926985, 48.539808], [-1.927158, 48.540009], [-1.926957, 48.540512], [-1.926529, 48.540477], [-1.925614, 48.54057], [-1.925153, 48.540594], [-1.925085, 48.540651], [-1.924975, 48.541426], [-1.92494, 48.541972], [-1.925097, 48.542118], [-1.924321, 48.542517], [-1.923811, 48.542797], [-1.923176, 48.543195], [-1.921842, 48.543808], [-1.922328, 48.544802], [-1.922939, 48.544807], [-1.923258, 48.54484], [-1.923728, 48.544924], [-1.924009, 48.545077], [-1.924612, 48.545317], [-1.925623, 48.545807], [-1.925732, 48.545888], [-1.926408, 48.546603], [-1.926681, 48.5468], [-1.927219, 48.547071], [-1.927812, 48.547488], [-1.928237, 48.547882], [-1.928702, 48.548432], [-1.928933, 48.548651], [-1.929734, 48.549346], [-1.930807, 48.550217], [-1.931574, 48.550737], [-1.931821, 48.550881], [-1.932403, 48.550614], [-1.932923, 48.550472], [-1.933223, 48.550425], [-1.933273, 48.550197], [-1.933442, 48.550177], [-1.933916, 48.549777], [-1.934445, 48.549088], [-1.934938, 48.548624], [-1.935527, 48.548152], [-1.935999, 48.547862], [-1.936315, 48.547644], [-1.936645, 48.547498], [-1.937514, 48.546995], [-1.9384, 48.546573], [-1.93852, 48.546473], [-1.939108, 48.545892], [-1.93948, 48.545595], [-1.939724, 48.545357], [-1.940233, 48.545039], [-1.940522, 48.544931], [-1.940843, 48.544657], [-1.94112, 48.544471], [-1.941948, 48.544087], [-1.942324, 48.543886], [-1.942481, 48.543773], [-1.942696, 48.543552], [-1.942877, 48.5433], [-1.943202, 48.543065], [-1.94363, 48.542817], [-1.943857, 48.54264], [-1.944187, 48.542483], [-1.944997, 48.541803], [-1.945167, 48.54188], [-1.945328, 48.541768], [-1.945594, 48.541381], [-1.945812, 48.540864], [-1.946032, 48.540591], [-1.946174, 48.540307], [-1.946251, 48.540008], [-1.946372, 48.540025], [-1.946514, 48.539724], [-1.94664, 48.539563], [-1.947031, 48.539363], [-1.947317, 48.539329], [-1.947611, 48.539356], [-1.947937, 48.539261], [-1.948262, 48.539111], [-1.948462, 48.53905], [-1.949006, 48.538966], [-1.949268, 48.538997], [-1.949606, 48.538984], [-1.94988, 48.538931], [-1.950411, 48.538762], [-1.950645, 48.538642], [-1.950873, 48.538587], [-1.951168, 48.538603], [-1.951705, 48.538559], [-1.952308, 48.538479], [-1.95276, 48.538387], [-1.952907, 48.538331], [-1.953579, 48.538154], [-1.953831, 48.538018], [-1.954189, 48.537629], [-1.954553, 48.537454], [-1.95498, 48.53731], [-1.955523, 48.537238], [-1.956275, 48.537248], [-1.956753, 48.537195], [-1.957001, 48.53711], [-1.957191, 48.536952], [-1.957624, 48.536833], [-1.958414, 48.536718], [-1.959219, 48.536566], [-1.959333, 48.536324], [-1.959753, 48.536359], [-1.960233, 48.536435], [-1.961165, 48.536547], [-1.961741, 48.536595], [-1.962229, 48.536602], [-1.962455, 48.536557], [-1.962814, 48.536614], [-1.96372, 48.536585], [-1.964647, 48.536483], [-1.964851, 48.536493], [-1.964912, 48.536562], [-1.966161, 48.53642], [-1.967505, 48.536283], [-1.967554, 48.536226], [-1.967899, 48.53614], [-1.968173, 48.536309], [-1.968368, 48.536219], [-1.968506, 48.536105], [-1.968668, 48.53609], [-1.968962, 48.535766], [-1.969249, 48.535662], [-1.969628, 48.535607], [-1.969791, 48.535679], [-1.969777, 48.53578], [-1.969562, 48.536026], [-1.96955, 48.536232], [-1.969445, 48.536312], [-1.969404, 48.536491], [-1.969475, 48.536644], [-1.969352, 48.536897], [-1.96936, 48.537017], [-1.969516, 48.537177], [-1.969417, 48.537416], [-1.969516, 48.537574], [-1.969491, 48.537665], [-1.969541, 48.537943], [-1.969495, 48.538215], [-1.969518, 48.538426], [-1.969424, 48.538599], [-1.969189, 48.538834], [-1.968803, 48.539018], [-1.968595, 48.539139], [-1.968374, 48.539189], [-1.968039, 48.539446], [-1.967828, 48.53968], [-1.967503, 48.53991], [-1.967397, 48.540051], [-1.967154, 48.540237], [-1.967087, 48.540345], [-1.966805, 48.540443], [-1.966705, 48.540569], [-1.966369, 48.54082], [-1.9662, 48.540994], [-1.96612, 48.5413], [-1.966144, 48.541425], [-1.966028, 48.541674], [-1.965904, 48.542067], [-1.965939, 48.542202], [-1.966061, 48.542396], [-1.966052, 48.542613], [-1.965878, 48.542872], [-1.965675, 48.542998], [-1.965259, 48.543172], [-1.965132, 48.543303], [-1.964786, 48.543565], [-1.964557, 48.543784], [-1.964276, 48.544157], [-1.964701, 48.544214], [-1.964695, 48.544296], [-1.964381, 48.544273], [-1.96421, 48.544334], [-1.964007, 48.544622], [-1.963936, 48.54488], [-1.964037, 48.545036], [-1.964262, 48.545095], [-1.9645, 48.545304], [-1.96452, 48.545596], [-1.964388, 48.545745], [-1.964006, 48.545942], [-1.963503, 48.546284], [-1.963365, 48.546361], [-1.963004, 48.546669], [-1.96262, 48.547089], [-1.962467, 48.54714], [-1.962245, 48.54729], [-1.96175, 48.547425], [-1.961551, 48.547509], [-1.961354, 48.547659], [-1.961227, 48.547699], [-1.96137, 48.547811], [-1.961368, 48.548045], [-1.961269, 48.548057], [-1.96117, 48.548222], [-1.961009, 48.548293], [-1.961036, 48.548448], [-1.960902, 48.548604], [-1.960688, 48.548633], [-1.960658, 48.548818], [-1.960517, 48.548966], [-1.960239, 48.548979], [-1.96033, 48.54928], [-1.960324, 48.549393], [-1.960402, 48.549529], [-1.960431, 48.549821], [-1.960537, 48.550151], [-1.960372, 48.550314], [-1.960422, 48.550437], [-1.960844, 48.550434], [-1.961005, 48.550457], [-1.961385, 48.550801], [-1.961532, 48.55102], [-1.961539, 48.551371], [-1.961466, 48.551469], [-1.961617, 48.551645], [-1.961642, 48.551951], [-1.961552, 48.552614], [-1.961491, 48.552725], [-1.961592, 48.552978], [-1.961947, 48.55344], [-1.962233, 48.55406], [-1.962279, 48.554248], [-1.962156, 48.554689], [-1.962212, 48.554821], [-1.962437, 48.555023], [-1.962566, 48.555371], [-1.962591, 48.555667], [-1.962676, 48.555733], [-1.962731, 48.555933], [-1.962939, 48.556003], [-1.963392, 48.556249], [-1.96406, 48.556649], [-1.964616, 48.556905], [-1.964808, 48.556974], [-1.965236, 48.55707], [-1.966163, 48.557209], [-1.967323, 48.557358], [-1.967999, 48.557478], [-1.96865, 48.557535], [-1.96991, 48.557558], [-1.97009, 48.557594], [-1.97026, 48.55757], [-1.97054, 48.557602], [-1.970772, 48.557595], [-1.971164, 48.557544], [-1.971858, 48.557323], [-1.972581, 48.557146], [-1.972975, 48.557087], [-1.973798, 48.556934], [-1.974309, 48.556795], [-1.974884, 48.556589], [-1.975102, 48.556471], [-1.975428, 48.556439], [-1.975801, 48.556308], [-1.976056, 48.556281], [-1.976719, 48.556283], [-1.977079, 48.556243], [-1.977324, 48.55612], [-1.977399, 48.556121], [-1.977512, 48.556289], [-1.977561, 48.556671], [-1.977458, 48.556712], [-1.977287, 48.55689], [-1.977249, 48.557084], [-1.976994, 48.557281], [-1.976911, 48.557446], [-1.976604, 48.557602], [-1.976282, 48.557876], [-1.976121, 48.558063], [-1.97588, 48.558238], [-1.975616, 48.55852], [-1.97524, 48.558837], [-1.974912, 48.559161], [-1.974693, 48.559339], [-1.974464, 48.559588], [-1.974283, 48.559824], [-1.974131, 48.559972], [-1.973894, 48.560365], [-1.973703, 48.560611], [-1.973648, 48.560747], [-1.973379, 48.561042], [-1.973102, 48.561445], [-1.972936, 48.561799], [-1.972766, 48.562106], [-1.972589, 48.562721], [-1.972585, 48.562974], [-1.972517, 48.56333], [-1.972452, 48.563865], [-1.972348, 48.564318], [-1.972401, 48.564526], [-1.97243, 48.564836], [-1.972534, 48.565203], [-1.972919, 48.565277], [-1.972999, 48.565409], [-1.973086, 48.565892], [-1.973223, 48.566337], [-1.973343, 48.566449], [-1.973271, 48.566552], [-1.973282, 48.566668], [-1.973453, 48.567184], [-1.973654, 48.567581], [-1.973927, 48.568165], [-1.974068, 48.568366], [-1.974035, 48.568448], [-1.974713, 48.56915], [-1.975062, 48.569532], [-1.975934, 48.57028], [-1.976168, 48.570459], [-1.976527, 48.570661], [-1.976754, 48.570759], [-1.976704, 48.570806], [-1.97699, 48.570957], [-1.977442, 48.571145], [-1.978061, 48.571371], [-1.978675, 48.571544], [-1.978671, 48.571615], [-1.979072, 48.571701], [-1.979287, 48.57172], [-1.979723, 48.571707], [-1.979878, 48.571556], [-1.980148, 48.571463], [-1.980318, 48.571531], [-1.980513, 48.571776], [-1.980705, 48.571883], [-1.980928, 48.571883], [-1.980996, 48.571927], [-1.981033, 48.572211], [-1.981305, 48.572503], [-1.981387, 48.572754], [-1.981306, 48.572938], [-1.98131, 48.573192], [-1.981374, 48.573403], [-1.981525, 48.573677], [-1.981681, 48.573855], [-1.981803, 48.573882], [-1.981984, 48.574053], [-1.98184, 48.574356], [-1.981661, 48.574471], [-1.981553, 48.574675], [-1.981514, 48.574895], [-1.981592, 48.575172], [-1.981846, 48.575543], [-1.981955, 48.575746], [-1.982099, 48.575906], [-1.982437, 48.576175], [-1.983018, 48.57656], [-1.983259, 48.576659], [-1.983142, 48.576744], [-1.982926, 48.577012], [-1.982863, 48.577336], [-1.982957, 48.577743], [-1.983037, 48.577927], [-1.983473, 48.578415], [-1.983869, 48.578707], [-1.984064, 48.578781], [-1.984146, 48.578904], [-1.984126, 48.579138], [-1.984203, 48.579256], [-1.984274, 48.579634], [-1.984143, 48.579778], [-1.984186, 48.58006], [-1.984374, 48.580328], [-1.984557, 48.58046], [-1.984658, 48.580794], [-1.984869, 48.581021], [-1.985036, 48.581142], [-1.984918, 48.581242], [-1.984875, 48.581389], [-1.985053, 48.581722], [-1.985336, 48.581973], [-1.985563, 48.582224], [-1.985649, 48.582376], [-1.985715, 48.582668], [-1.985808, 48.5828], [-1.985792, 48.58302], [-1.985892, 48.583235], [-1.986052, 48.583399], [-1.986134, 48.583746], [-1.986288, 48.58392], [-1.986602, 48.584094], [-1.986743, 48.584131], [-1.987141, 48.584568], [-1.987081, 48.584622], [-1.98663, 48.5846], [-1.986453, 48.584778], [-1.986211, 48.58489], [-1.985987, 48.585066], [-1.98585, 48.585235], [-1.985366, 48.585246], [-1.984991, 48.585104], [-1.984487, 48.585032], [-1.984296, 48.585057], [-1.983891, 48.585207], [-1.983705, 48.585421], [-1.983716, 48.585538], [-1.98386, 48.585766], [-1.983901, 48.585908], [-1.983852, 48.585974], [-1.982535, 48.586552], [-1.982375, 48.586576], [-1.982178, 48.586503], [-1.982155, 48.586414], [-1.982278, 48.586274], [-1.981956, 48.586359], [-1.981559, 48.586372], [-1.981387, 48.586345], [-1.981289, 48.586232], [-1.980971, 48.586174], [-1.980809, 48.585998], [-1.980323, 48.585775], [-1.979992, 48.58567], [-1.979833, 48.585649], [-1.979335, 48.585526], [-1.978976, 48.585379], [-1.978812, 48.585346], [-1.978656, 48.585259], [-1.978105, 48.585034], [-1.977701, 48.584937], [-1.977394, 48.584776], [-1.977198, 48.5846], [-1.976409, 48.584117], [-1.975881, 48.58359], [-1.975686, 48.583431], [-1.975543, 48.583267], [-1.975443, 48.583056], [-1.975211, 48.582717], [-1.975085, 48.58249], [-1.974902, 48.582337], [-1.974777, 48.582317], [-1.974556, 48.582361], [-1.97429, 48.582492], [-1.973195, 48.582859], [-1.973036, 48.582893], [-1.972845, 48.582867], [-1.971607, 48.582102], [-1.970294, 48.581313], [-1.970223, 48.581248], [-1.969677, 48.580938], [-1.969227, 48.580621], [-1.96858, 48.580245], [-1.967906, 48.579808], [-1.967639, 48.579658], [-1.966598, 48.579021], [-1.966502, 48.578946], [-1.965913, 48.578613], [-1.965401, 48.578301], [-1.965222, 48.578164], [-1.964961, 48.57802], [-1.964055, 48.577434], [-1.963187, 48.576741], [-1.963062, 48.576488], [-1.962907, 48.576383], [-1.962307, 48.576384], [-1.962172, 48.576398], [-1.961977, 48.576343], [-1.961507, 48.576055], [-1.961475, 48.575721], [-1.961544, 48.575377], [-1.961738, 48.574996], [-1.961882, 48.57477], [-1.961875, 48.574637], [-1.961771, 48.574556], [-1.961542, 48.574536], [-1.961254, 48.57464], [-1.959315, 48.575914], [-1.957769, 48.575947], [-1.957402, 48.57594], [-1.957106, 48.576114], [-1.956843, 48.576206], [-1.956559, 48.576218], [-1.95635, 48.576164], [-1.955595, 48.576078], [-1.955462, 48.576096], [-1.955022, 48.576048], [-1.955057, 48.575992], [-1.954699, 48.575944], [-1.954528, 48.575996], [-1.954202, 48.576603], [-1.954073, 48.576915], [-1.953988, 48.577256], [-1.953992, 48.57744], [-1.953924, 48.577805], [-1.953954, 48.578071], [-1.9539, 48.578423], [-1.953973, 48.578629], [-1.954146, 48.578866], [-1.954284, 48.57894], [-1.954476, 48.578961], [-1.954519, 48.579143], [-1.954685, 48.579373], [-1.954789, 48.57946], [-1.955062, 48.579603], [-1.955276, 48.579679], [-1.955523, 48.579724], [-1.955971, 48.579849], [-1.956526, 48.579917], [-1.956628, 48.579801], [-1.956731, 48.579865], [-1.95754, 48.580131], [-1.957796, 48.580239], [-1.957955, 48.580446], [-1.958469, 48.580619], [-1.958783, 48.580652], [-1.959666, 48.580949], [-1.960253, 48.581129], [-1.960629, 48.581212], [-1.961014, 48.581263], [-1.961285, 48.581338], [-1.961495, 48.581451], [-1.961697, 48.581712], [-1.96226, 48.582125], [-1.962859, 48.582482], [-1.963033, 48.582557], [-1.963336, 48.582781], [-1.96357, 48.583112], [-1.963838, 48.583253], [-1.964182, 48.58351], [-1.964779, 48.583863], [-1.964986, 48.58392], [-1.965302, 48.584133], [-1.965679, 48.584463], [-1.965807, 48.584625], [-1.965884, 48.584796], [-1.965967, 48.585154], [-1.965933, 48.585446], [-1.965796, 48.585574], [-1.965206, 48.585925], [-1.964925, 48.586024], [-1.96467, 48.586171], [-1.964598, 48.5863], [-1.964286, 48.586391], [-1.963382, 48.586616], [-1.963203, 48.586609], [-1.962519, 48.586857], [-1.961736, 48.587268], [-1.961704, 48.587515], [-1.961426, 48.587693], [-1.961237, 48.587921], [-1.961028, 48.588013], [-1.960843, 48.588221], [-1.960775, 48.588396], [-1.960633, 48.58862], [-1.960648, 48.588861], [-1.960729, 48.588917], [-1.960424, 48.589093], [-1.96049, 48.589334], [-1.960594, 48.589385], [-1.96069, 48.589635], [-1.960907, 48.589645], [-1.960762, 48.589789], [-1.960597, 48.590098], [-1.960688, 48.59016], [-1.960588, 48.590267], [-1.9608, 48.590273], [-1.960902, 48.590524], [-1.961111, 48.590836], [-1.961212, 48.591352], [-1.961275, 48.591866], [-1.961524, 48.592198], [-1.961426, 48.59249], [-1.961512, 48.592571], [-1.962285, 48.592931], [-1.962521, 48.592968], [-1.962608, 48.592779], [-1.962893, 48.592614], [-1.963176, 48.592555], [-1.963598, 48.592615], [-1.96412, 48.592798], [-1.964328, 48.592832], [-1.964773, 48.592803], [-1.965042, 48.592805], [-1.965517, 48.592684], [-1.965705, 48.592538], [-1.966083, 48.592449], [-1.966333, 48.592416], [-1.966514, 48.592339], [-1.966793, 48.592127], [-1.966948, 48.591936], [-1.966909, 48.591811], [-1.9675, 48.592174], [-1.967775, 48.592208], [-1.967815, 48.592087], [-1.968181, 48.592047], [-1.968339, 48.591963], [-1.968521, 48.591734], [-1.968681, 48.591636], [-1.969222, 48.59123], [-1.969841, 48.590889], [-1.970303, 48.590671], [-1.971497, 48.590073], [-1.971724, 48.590016], [-1.972149, 48.589834], [-1.972499, 48.589564], [-1.972942, 48.589363], [-1.973175, 48.589307], [-1.973416, 48.58916], [-1.973901, 48.589235], [-1.973959, 48.589385], [-1.973922, 48.589742], [-1.974118, 48.590028], [-1.974175, 48.590214], [-1.974327, 48.590341], [-1.974568, 48.590418], [-1.974602, 48.590615], [-1.974892, 48.590947], [-1.97523, 48.591258], [-1.975379, 48.591357], [-1.975582, 48.59142], [-1.975853, 48.591699], [-1.976131, 48.591921], [-1.976498, 48.592118], [-1.97708, 48.592608], [-1.977185, 48.592715], [-1.977797, 48.593056], [-1.978181, 48.593234], [-1.978439, 48.59333], [-1.978823, 48.593335], [-1.97891, 48.593427], [-1.979776, 48.593526], [-1.980313, 48.593603], [-1.980445, 48.593561], [-1.980535, 48.593648], [-1.981468, 48.593888], [-1.981689, 48.593933], [-1.982183, 48.593984], [-1.982368, 48.593922], [-1.982567, 48.594013], [-1.98312, 48.593972], [-1.98372, 48.594136], [-1.983771, 48.594242], [-1.984192, 48.594316], [-1.985375, 48.594471], [-1.986168, 48.594502], [-1.987084, 48.594439], [-1.987379, 48.594356], [-1.987795, 48.594328], [-1.98825, 48.594125], [-1.988434, 48.593906], [-1.98868, 48.593745], [-1.989084, 48.593578], [-1.989384, 48.593395], [-1.989688, 48.593319], [-1.990074, 48.593175], [-1.990301, 48.59295], [-1.990569, 48.592935], [-1.990762, 48.593093], [-1.991014, 48.593229], [-1.991445, 48.593255], [-1.991705, 48.59344], [-1.991878, 48.593516], [-1.992058, 48.593773], [-1.992104, 48.593968], [-1.992316, 48.594069], [-1.99246, 48.594312], [-1.992742, 48.594126], [-1.992903, 48.594111], [-1.993202, 48.593791], [-1.993438, 48.593624], [-1.993819, 48.593474], [-1.993966, 48.593482], [-1.994142, 48.593403], [-1.994341, 48.593189], [-1.994538, 48.593033], [-1.994722, 48.592757], [-1.994951, 48.592556], [-1.995263, 48.592205], [-1.995222, 48.59203], [-1.995258, 48.591885], [-1.995236, 48.591656], [-1.995341, 48.591542], [-1.995599, 48.591509], [-1.995747, 48.59137], [-1.995989, 48.591256], [-1.996036, 48.59118], [-1.996372, 48.591145], [-1.996575, 48.590947], [-1.996687, 48.590653], [-1.996983, 48.590464], [-1.997392, 48.590384], [-1.997548, 48.590313], [-1.997676, 48.590181], [-1.997815, 48.590178], [-1.998113, 48.590497], [-1.998229, 48.590737], [-1.998564, 48.590875], [-1.998655, 48.591135], [-1.998865, 48.591326], [-1.999064, 48.591676], [-1.999158, 48.591747], [-1.999261, 48.591932], [-1.999283, 48.592121], [-1.999399, 48.59223], [-1.999782, 48.592318], [-2.000118, 48.592422], [-2.000322, 48.59259], [-2.000363, 48.59278], [-2.000971, 48.593453], [-2.00121, 48.593658], [-2.001313, 48.593869], [-2.001475, 48.594106], [-2.001508, 48.594275], [-2.001406, 48.594543], [-2.001229, 48.594731], [-2.000978, 48.594926], [-2.000575, 48.595146], [-2.000471, 48.595349], [-2.000475, 48.595619], [-2.00038, 48.59585], [-2.00043, 48.59603], [-2.000664, 48.59612], [-2.000704, 48.596293], [-2.000532, 48.596569], [-2.000354, 48.5967], [-2.000338, 48.596789], [-2.000421, 48.596924], [-2.00056, 48.597027], [-2.000526, 48.597192], [-2.000596, 48.597448], [-2.000632, 48.598036], [-2.000721, 48.598234], [-2.000673, 48.598397], [-2.0004, 48.598572], [-2.00004, 48.598675], [-1.999878, 48.598758], [-1.999737, 48.598928], [-1.999727, 48.599104], [-1.999632, 48.599209], [-1.999497, 48.599464], [-1.999218, 48.599739], [-1.999051, 48.600035], [-1.998789, 48.600185], [-1.998691, 48.600278], [-1.998442, 48.600679], [-1.998303, 48.600761], [-1.998154, 48.60078], [-1.99803, 48.60086], [-1.9977, 48.601319], [-1.9973, 48.601751], [-1.996845, 48.602094], [-1.997012, 48.602276], [-1.997163, 48.60272], [-1.997171, 48.60281], [-1.997008, 48.603096], [-1.997258, 48.603399], [-1.997315, 48.60357], [-1.99748, 48.603568], [-1.997818, 48.603501], [-1.99838, 48.603473], [-1.998551, 48.603421], [-1.99914, 48.603358], [-1.999734, 48.603171], [-2.000469, 48.602906], [-2.000365, 48.602565], [-2.00038, 48.602432], [-2.000295, 48.602323], [-2.000201, 48.60203], [-2.000206, 48.601925], [-2.000334, 48.601593], [-2.000492, 48.60138], [-2.001007, 48.600796], [-2.001229, 48.600446], [-2.001344, 48.600325], [-2.00144, 48.600141], [-2.001697, 48.600074], [-2.001905, 48.600171], [-2.002434, 48.600246], [-2.002574, 48.600318], [-2.002733, 48.600471], [-2.002873, 48.600499], [-2.003023, 48.600449], [-2.003212, 48.600523], [-2.00331, 48.600632], [-2.003228, 48.60076], [-2.003249, 48.60091], [-2.003449, 48.601068], [-2.003613, 48.601086], [-2.003857, 48.601284], [-2.004535, 48.601411], [-2.004853, 48.601436], [-2.005208, 48.601426], [-2.005361, 48.601474], [-2.005651, 48.601133], [-2.00599, 48.600868], [-2.006138, 48.600682], [-2.006248, 48.600452], [-2.006431, 48.599869], [-2.006476, 48.599483], [-2.006754, 48.599423], [-2.006828, 48.599204], [-2.007154, 48.599344], [-2.007352, 48.599281], [-2.007448, 48.59942], [-2.007921, 48.599544], [-2.008356, 48.599508], [-2.008844, 48.599561], [-2.009355, 48.59945], [-2.009615, 48.59928], [-2.009951, 48.599118], [-2.010116, 48.598997], [-2.010326, 48.59873], [-2.010282, 48.598525], [-2.010291, 48.598328], [-2.010404, 48.598224], [-2.010992, 48.598479], [-2.01134, 48.598398], [-2.011434, 48.598245], [-2.01184, 48.59847], [-2.012274, 48.598452], [-2.012294, 48.598523], [-2.012452, 48.598616], [-2.012399, 48.59875], [-2.012479, 48.598894], [-2.012804, 48.598966], [-2.013047, 48.599049], [-2.013188, 48.599134], [-2.013244, 48.599248], [-2.013187, 48.599386], [-2.013072, 48.599482], [-2.012777, 48.599426], [-2.012588, 48.599433], [-2.012389, 48.599357], [-2.012181, 48.599334], [-2.012081, 48.599432], [-2.012071, 48.599716], [-2.011969, 48.599896], [-2.012009, 48.60003], [-2.011946, 48.600207], [-2.011796, 48.6003], [-2.011815, 48.600441], [-2.01177, 48.600573], [-2.01161, 48.600719], [-2.011081, 48.600586], [-2.010828, 48.600485], [-2.010504, 48.600618], [-2.010319, 48.600742], [-2.010037, 48.600884], [-2.009908, 48.601076], [-2.00991, 48.601229], [-2.009989, 48.601354], [-2.010302, 48.60201], [-2.010597, 48.602213], [-2.01079, 48.602296], [-2.011221, 48.602372], [-2.011351, 48.602349], [-2.011572, 48.602395], [-2.011645, 48.60249], [-2.011697, 48.60273], [-2.011691, 48.602883], [-2.011756, 48.603047], [-2.011862, 48.603165], [-2.012195, 48.603262], [-2.012268, 48.603372], [-2.012244, 48.603706], [-2.01228, 48.603949], [-2.012079, 48.604179], [-2.012026, 48.604293], [-2.011742, 48.604438], [-2.011583, 48.604706], [-2.011357, 48.604802], [-2.011228, 48.604951], [-2.0108, 48.60509], [-2.01062, 48.605105], [-2.010414, 48.605053], [-2.01008, 48.605218], [-2.009892, 48.605355], [-2.009675, 48.605602], [-2.009697, 48.605774], [-2.009602, 48.606027], [-2.009735, 48.606422], [-2.009641, 48.60664], [-2.009541, 48.606729], [-2.009513, 48.606904], [-2.009632, 48.606999], [-2.00967, 48.607131], [-2.009792, 48.607319], [-2.009431, 48.607298], [-2.009103, 48.607402], [-2.008839, 48.607609], [-2.008737, 48.607727], [-2.008703, 48.607896], [-2.008893, 48.608089], [-2.008872, 48.608239], [-2.008692, 48.608253], [-2.008509, 48.608198], [-2.00828, 48.608186], [-2.00789, 48.608207], [-2.007774, 48.608269], [-2.007498, 48.608552], [-2.007324, 48.608824], [-2.007311, 48.608902], [-2.007457, 48.609068], [-2.007362, 48.609205], [-2.007082, 48.609294], [-2.006874, 48.609253], [-2.006711, 48.609153], [-2.006451, 48.609061], [-2.006064, 48.609019], [-2.005341, 48.60926], [-2.005211, 48.609406], [-2.004969, 48.60945], [-2.004793, 48.609649], [-2.00475, 48.609864], [-2.004581, 48.609971], [-2.004435, 48.61015], [-2.004269, 48.610432], [-2.004, 48.610714], [-2.003729, 48.611322], [-2.003696, 48.611543], [-2.00374, 48.611708], [-2.00373, 48.612041], [-2.003672, 48.612172], [-2.003711, 48.61226], [-2.00366, 48.612453], [-2.003481, 48.61257], [-2.003311, 48.612769], [-2.003351, 48.612887], [-2.003253, 48.61311], [-2.003137, 48.613177], [-2.003028, 48.613389], [-2.002944, 48.61343], [-2.002752, 48.613661], [-2.002587, 48.613803], [-2.002436, 48.613873], [-2.002437, 48.614087], [-2.002305, 48.614295], [-2.002184, 48.614368], [-2.002148, 48.614515], [-2.002048, 48.614593], [-2.001844, 48.614646], [-2.001556, 48.614835], [-2.001242, 48.614962], [-2.001049, 48.61522], [-2.00123, 48.615207], [-2.001469, 48.615261], [-2.002018, 48.61529], [-2.002292, 48.61535], [-2.002306, 48.615293], [-2.002716, 48.615251], [-2.003018, 48.615199], [-2.003485, 48.615054], [-2.003755, 48.614861], [-2.003858, 48.614841], [-2.004343, 48.614445], [-2.004959, 48.614173], [-2.006518, 48.61371], [-2.006589, 48.613879], [-2.006787, 48.613748], [-2.007046, 48.613514], [-2.007248, 48.613426], [-2.007254, 48.61337], [-2.007505, 48.613213], [-2.007833, 48.613104], [-2.007992, 48.61309], [-2.008234, 48.613131], [-2.008696, 48.613116], [-2.009287, 48.613017], [-2.009496, 48.613011], [-2.009733, 48.61317], [-2.009915, 48.613256], [-2.010471, 48.613369], [-2.010775, 48.613375], [-2.011114, 48.613584], [-2.011337, 48.613609], [-2.01162, 48.613573], [-2.01193, 48.613473], [-2.012334, 48.613247], [-2.012472, 48.613209], [-2.012745, 48.613263], [-2.013308, 48.613296], [-2.013775, 48.613446], [-2.013968, 48.613549], [-2.014303, 48.613664], [-2.014563, 48.613815], [-2.01482, 48.613999], [-2.015074, 48.614128], [-2.015144, 48.614277], [-2.015339, 48.614375], [-2.015343, 48.614505], [-2.015671, 48.614676], [-2.015682, 48.614719], [-2.01544, 48.614938], [-2.015134, 48.615064], [-2.01503, 48.615178], [-2.015034, 48.615418], [-2.015085, 48.61564], [-2.015072, 48.615813], [-2.015218, 48.615983], [-2.015399, 48.616311], [-2.017151, 48.617571], [-2.017465, 48.617864], [-2.017924, 48.618394], [-2.018328, 48.618359], [-2.018655, 48.618508], [-2.01888, 48.618724], [-2.019019, 48.619042], [-2.019022, 48.619357], [-2.018939, 48.619478], [-2.018776, 48.619485], [-2.018547, 48.619368], [-2.018376, 48.619437], [-2.01833, 48.619826], [-2.018223, 48.619944], [-2.018161, 48.620202], [-2.01794, 48.620344], [-2.01779, 48.620249], [-2.017488, 48.620138], [-2.017317, 48.620147], [-2.017064, 48.620069], [-2.016637, 48.620071], [-2.016446, 48.620109], [-2.016362, 48.620194], [-2.016433, 48.620402], [-2.016427, 48.620531], [-2.016343, 48.620703], [-2.016395, 48.62089], [-2.016284, 48.620981], [-2.016033, 48.620913], [-2.015575, 48.620874], [-2.015521, 48.620948], [-2.015595, 48.621143], [-2.015521, 48.621523], [-2.0154, 48.621614], [-2.015401, 48.621826], [-2.015457, 48.622025], [-2.015272, 48.622149], [-2.015006, 48.622212], [-2.01478, 48.622495], [-2.014684, 48.622539], [-2.014316, 48.622506], [-2.014133, 48.622615], [-2.014088, 48.622721], [-2.014155, 48.622892], [-2.014046, 48.623041], [-2.013899, 48.623079], [-2.013646, 48.623271], [-2.013581, 48.623358], [-2.013375, 48.623381], [-2.013289, 48.623502], [-2.013188, 48.623876], [-2.013126, 48.624221], [-2.012963, 48.624219], [-2.012995, 48.624342], [-2.012881, 48.624626], [-2.012878, 48.624823], [-2.012808, 48.625072], [-2.012842, 48.625256], [-2.012961, 48.625363], [-2.013183, 48.625389], [-2.01327, 48.625452], [-2.013481, 48.625781], [-2.013514, 48.6259], [-2.013386, 48.626108], [-2.013329, 48.626307], [-2.013398, 48.626457], [-2.013402, 48.626646], [-2.013561, 48.626667], [-2.013618, 48.626827], [-2.013376, 48.627012], [-2.013404, 48.627256], [-2.013537, 48.627367], [-2.013704, 48.627405], [-2.014149, 48.627657], [-2.01448, 48.627706], [-2.014969, 48.627839], [-2.015321, 48.628027], [-2.015459, 48.628169], [-2.015527, 48.628326], [-2.015685, 48.628404], [-2.015865, 48.628365], [-2.015981, 48.628284], [-2.016621, 48.628047], [-2.016837, 48.627997], [-2.017651, 48.627958], [-2.017833, 48.627998], [-2.017832, 48.628163], [-2.018038, 48.628156], [-2.018485, 48.628265], [-2.018343, 48.628338], [-2.018125, 48.628354], [-2.017872, 48.628417], [-2.01781, 48.628579], [-2.018037, 48.628678], [-2.018438, 48.628938], [-2.018578, 48.629142], [-2.01861, 48.629279], [-2.0188, 48.629493], [-2.019305, 48.629569], [-2.019489, 48.629673], [-2.019554, 48.629798], [-2.019516, 48.629977], [-2.019624, 48.630267], [-2.019585, 48.630384], [-2.019674, 48.630592], [-2.019518, 48.630605], [-2.019411, 48.630718], [-2.019639, 48.630867], [-2.019614, 48.630991], [-2.019968, 48.631484], [-2.019934, 48.631588], [-2.019985, 48.631736], [-2.0203, 48.631913], [-2.020648, 48.631952], [-2.020818, 48.631912], [-2.020966, 48.631711], [-2.021285, 48.63154], [-2.02165, 48.631572], [-2.021961, 48.631624], [-2.022115, 48.631724], [-2.022096, 48.631963], [-2.022179, 48.631978], [-2.022454, 48.6323], [-2.021246, 48.632603], [-2.021299, 48.632727], [-2.022531, 48.632531], [-2.022639, 48.632526], [-2.02281, 48.632744], [-2.022735, 48.63282], [-2.021334, 48.632807], [-2.021371, 48.632913], [-2.020892, 48.633024], [-2.02079, 48.633091], [-2.020891, 48.633862], [-2.020972, 48.633859], [-2.021117, 48.634231], [-2.021238, 48.634361], [-2.02178, 48.634762], [-2.022581, 48.635034], [-2.022655, 48.635094], [-2.023009, 48.635097], [-2.023214, 48.634972], [-2.024168, 48.634994], [-2.024725, 48.634701], [-2.024874, 48.634694], [-2.025152, 48.634475], [-2.025058, 48.634344], [-2.025148, 48.634295], [-2.025548, 48.633927], [-2.025862, 48.634031], [-2.025976, 48.633936], [-2.026372, 48.633924], [-2.026577, 48.634018], [-2.026488, 48.634085], [-2.025545, 48.634459], [-2.025985, 48.634792], [-2.026164, 48.634964], [-2.026428, 48.635016], [-2.026682, 48.634969], [-2.026914, 48.634842], [-2.027091, 48.634844], [-2.027169, 48.634949], [-2.027512, 48.634896], [-2.028027, 48.634683], [-2.028203, 48.634669], [-2.028461, 48.634551], [-2.028605, 48.634609], [-2.029259, 48.634552], [-2.029727, 48.634455], [-2.029706, 48.634339], [-2.029929, 48.634407], [-2.03022, 48.634366], [-2.030321, 48.6343], [-2.030343, 48.634168], [-2.030537, 48.634091], [-2.030926, 48.634166], [-2.031097, 48.634249], [-2.031106, 48.63448], [-2.031308, 48.634719], [-2.031356, 48.634901], [-2.031187, 48.635167], [-2.031166, 48.635287], [-2.030999, 48.6355], [-2.030831, 48.635592], [-2.030556, 48.635907], [-2.030586, 48.63613], [-2.030701, 48.636293], [-2.030674, 48.636409], [-2.030968, 48.636735], [-2.03094, 48.63688], [-2.031048, 48.637033], [-2.031091, 48.637352], [-2.031248, 48.63753], [-2.03125, 48.637691], [-2.031043, 48.637813], [-2.030951, 48.638056], [-2.030832, 48.638203], [-2.030637, 48.638316], [-2.03055, 48.638426], [-2.030407, 48.638452], [-2.030192, 48.638409], [-2.030024, 48.638318], [-2.029659, 48.638323], [-2.029541, 48.638244], [-2.029356, 48.638328], [-2.029126, 48.638485], [-2.028906, 48.638589], [-2.028564, 48.639694], [-2.028343, 48.64037], [-2.028124, 48.640352], [-2.028141, 48.640244], [-2.028258, 48.640049], [-2.028559, 48.639216], [-2.02831, 48.638893], [-2.027459, 48.638524], [-2.026353, 48.638057], [-2.025447, 48.637689], [-2.025256, 48.637679], [-2.02491, 48.637757], [-2.024839, 48.637589], [-2.024665, 48.637614], [-2.024444, 48.637155], [-2.023943, 48.637032], [-2.023179, 48.636731], [-2.022778, 48.636513], [-2.022504, 48.636218], [-2.022267, 48.636156], [-2.021974, 48.636214], [-2.021941, 48.636161], [-2.02155, 48.636331], [-2.020829, 48.636758], [-2.020134, 48.63731], [-2.019726, 48.637733], [-2.019291, 48.638157], [-2.018998, 48.638502], [-2.018865, 48.638824], [-2.018897, 48.639156], [-2.019089, 48.639878], [-2.019359, 48.640165], [-2.019821, 48.640349], [-2.020501, 48.640592], [-2.021076, 48.640761], [-2.021861, 48.640874], [-2.022591, 48.640965], [-2.022996, 48.64096], [-2.023646, 48.640884], [-2.02366, 48.641028], [-2.023931, 48.641026], [-2.025715, 48.640971], [-2.026365, 48.640939], [-2.026557, 48.641008], [-2.026627, 48.64113], [-2.0267, 48.641385], [-2.026351, 48.641631], [-2.025292, 48.642203], [-2.025313, 48.642271], [-2.025549, 48.642391], [-2.025018, 48.642685], [-2.025166, 48.6427], [-2.025914, 48.642304], [-2.025539, 48.642658], [-2.026032, 48.642372], [-2.026141, 48.642388], [-2.025759, 48.642623], [-2.025393, 48.642792], [-2.024534, 48.643013], [-2.024705, 48.643085], [-2.024697, 48.643214], [-2.025202, 48.64309], [-2.025487, 48.643051], [-2.025879, 48.643069], [-2.025863, 48.64314], [-2.025532, 48.643122], [-2.025282, 48.643158], [-2.02535, 48.643302], [-2.025865, 48.643206], [-2.02588, 48.643249], [-2.024632, 48.643492], [-2.024581, 48.64353], [-2.024695, 48.643724], [-2.024823, 48.64407], [-2.02492, 48.644228], [-2.024947, 48.644362], [-2.025147, 48.644327], [-2.025234, 48.644521], [-2.025061, 48.644565], [-2.025145, 48.644732], [-2.024197, 48.644917], [-2.02418, 48.644881], [-2.023739, 48.644963], [-2.023953, 48.645909], [-2.024069, 48.645986], [-2.024858, 48.645844], [-2.024836, 48.645764], [-2.025464, 48.645638], [-2.025605, 48.645695], [-2.025697, 48.645944], [-2.025884, 48.645909], [-2.025949, 48.646014], [-2.027883, 48.645617], [-2.028476, 48.645421], [-2.028838, 48.645225], [-2.02923, 48.64492], [-2.031784, 48.642063], [-2.031911, 48.642112], [-2.031621, 48.64235], [-2.031426, 48.642583], [-2.030971, 48.64308], [-2.030406, 48.643717], [-2.029361, 48.64487], [-2.029075, 48.645143], [-2.028573, 48.645444], [-2.028417, 48.645514], [-2.028214, 48.645666], [-2.02815, 48.645849], [-2.02822, 48.646009], [-2.028131, 48.646075], [-2.028701, 48.646908], [-2.028705, 48.646953], [-2.029191, 48.646914], [-2.029291, 48.646964], [-2.029109, 48.64762], [-2.02903, 48.647786], [-2.029069, 48.647911], [-2.028949, 48.647934], [-2.028771, 48.648915], [-2.028682, 48.648972], [-2.028408, 48.648957], [-2.028276, 48.649422], [-2.028433, 48.649776], [-2.028508, 48.650133], [-2.028732, 48.650142], [-2.028825, 48.650368], [-2.028748, 48.650455], [-2.028947, 48.650669], [-2.029013, 48.650858], [-2.028842, 48.650909], [-2.02866, 48.650722], [-2.02856, 48.650672], [-2.027896, 48.650565], [-2.026059, 48.651409], [-2.025999, 48.651627], [-2.025488, 48.65155], [-2.02549, 48.651433], [-2.023723, 48.651724], [-2.02296, 48.651855], [-2.022865, 48.651859], [-2.022637, 48.652031], [-2.022507, 48.65209], [-2.021187, 48.651948], [-2.021078, 48.651799], [-2.020969, 48.651804], [-2.021011, 48.651955], [-2.02056, 48.651938], [-2.019573, 48.651998], [-2.016677, 48.652291], [-2.015128, 48.652456], [-2.014873, 48.652493], [-2.009644, 48.654138], [-2.009695, 48.654244], [-2.009126, 48.654412], [-2.00855, 48.654643], [-2.007544, 48.655073], [-2.005926, 48.655799], [-2.004333, 48.656497], [-2.001682, 48.657645], [-1.999423, 48.658632], [-1.999357, 48.658809], [-1.999156, 48.658926], [-1.998923, 48.659001], [-1.99881, 48.659078], [-1.998604, 48.659138], [-1.998444, 48.659234], [-1.998084, 48.659362], [-1.997967, 48.659486], [-1.997864, 48.659401], [-1.997586, 48.659484], [-1.997529, 48.65946], [-1.996721, 48.659827], [-1.995544, 48.660327], [-1.994931, 48.660596], [-1.994491, 48.66084], [-1.994132, 48.661062], [-1.992918, 48.661888], [-1.991565, 48.662819], [-1.990975, 48.663196], [-1.990756, 48.663178], [-1.990585, 48.663248], [-1.990216, 48.663507], [-1.989994, 48.663606], [-1.989598, 48.66374], [-1.989647, 48.663819], [-1.98924, 48.664116], [-1.989211, 48.664243], [-1.989058, 48.664493], [-1.988824, 48.664755], [-1.989049, 48.664971], [-1.98923, 48.665017], [-1.98928, 48.665105], [-1.989178, 48.665182], [-1.989303, 48.665348], [-1.989359, 48.665508], [-1.989497, 48.665529], [-1.989628, 48.665902], [-1.989743, 48.666113], [-1.989682, 48.666179], [-1.989146, 48.666274], [-1.989025, 48.666408], [-1.988868, 48.666469], [-1.988732, 48.666588], [-1.98872, 48.666682], [-1.988518, 48.666833], [-1.988413, 48.66683], [-1.988346, 48.666951], [-1.988196, 48.667021], [-1.9878, 48.667036], [-1.98774, 48.667167], [-1.987635, 48.667216], [-1.987504, 48.667364], [-1.987358, 48.667394], [-1.987104, 48.667614], [-1.986948, 48.667617], [-1.986717, 48.667763], [-1.986546, 48.668007], [-1.986325, 48.668156], [-1.986176, 48.668341], [-1.98627, 48.668469], [-1.985752, 48.668784], [-1.985664, 48.668929], [-1.985328, 48.669204], [-1.985225, 48.669395], [-1.984871, 48.669694], [-1.98479, 48.669829], [-1.984616, 48.669959], [-1.98458, 48.670069], [-1.984298, 48.670407], [-1.984128, 48.67055], [-1.984049, 48.670763], [-1.983961, 48.670792], [-1.983918, 48.670945], [-1.983801, 48.67098], [-1.983316, 48.671539], [-1.983193, 48.671615], [-1.983063, 48.671807], [-1.983122, 48.671997], [-1.983119, 48.672163], [-1.982921, 48.672314], [-1.982774, 48.672477], [-1.982745, 48.672585], [-1.982619, 48.672644], [-1.982474, 48.672636], [-1.982215, 48.673206], [-1.982053, 48.673501], [-1.982, 48.673657], [-1.98212, 48.67379], [-1.981989, 48.673828], [-1.981779, 48.674342], [-1.981782, 48.675225], [-1.981901, 48.675905], [-1.982172, 48.67675], [-1.982311, 48.676915], [-1.982912, 48.677233], [-1.983042, 48.677164], [-1.983194, 48.677185], [-1.983669, 48.677174], [-1.983859, 48.677022], [-1.98394, 48.677018], [-1.984254, 48.676888], [-1.984453, 48.676864], [-1.984644, 48.676992], [-1.984973, 48.676959], [-1.985377, 48.67699], [-1.985359, 48.676887], [-1.985447, 48.676826], [-1.985673, 48.677009], [-1.985973, 48.677172], [-1.986134, 48.67715], [-1.986221, 48.677207], [-1.98645, 48.677225], [-1.986558, 48.677087], [-1.98698, 48.677118], [-1.987382, 48.677291], [-1.987494, 48.677451], [-1.987411, 48.677525], [-1.987398, 48.677669], [-1.987318, 48.677772], [-1.986868, 48.677592], [-1.986768, 48.677627], [-1.986804, 48.677765], [-1.986656, 48.677974], [-1.986517, 48.678065], [-1.986563, 48.678138], [-1.986794, 48.678306], [-1.986919, 48.678489], [-1.98693, 48.678648], [-1.987006, 48.678747], [-1.9872, 48.678835], [-1.987306, 48.678972], [-1.987561, 48.679167], [-1.987648, 48.679325], [-1.987854, 48.679285], [-1.987987, 48.679323], [-1.988102, 48.679462], [-1.988135, 48.679653], [-1.988329, 48.679642], [-1.988445, 48.67973], [-1.988516, 48.679899], [-1.988761, 48.679993], [-1.98884, 48.680121], [-1.988975, 48.680195], [-1.989054, 48.680404], [-1.989152, 48.680479], [-1.98909, 48.680585], [-1.989316, 48.680802], [-1.989499, 48.680833], [-1.989686, 48.681019], [-1.989645, 48.681133], [-1.989843, 48.68114], [-1.989927, 48.681201], [-1.990246, 48.681254], [-1.990371, 48.681572], [-1.989905, 48.681824], [-1.990106, 48.681931], [-1.990237, 48.682066], [-1.990235, 48.682202], [-1.990379, 48.682235], [-1.990475, 48.68239], [-1.990641, 48.68251], [-1.990787, 48.682464], [-1.990962, 48.682668], [-1.99111, 48.682719], [-1.990917, 48.683082], [-1.990828, 48.683174], [-1.990644, 48.683218], [-1.990487, 48.683441], [-1.990378, 48.683507], [-1.990006, 48.683576], [-1.989805, 48.683492], [-1.989812, 48.683725], [-1.98957, 48.683865], [-1.989442, 48.684006], [-1.98948, 48.684068], [-1.98905, 48.684292], [-1.988931, 48.684165], [-1.98871, 48.684142], [-1.988646, 48.684275], [-1.988161, 48.684249], [-1.987889, 48.684084], [-1.987841, 48.683911], [-1.987929, 48.683779], [-1.987922, 48.683634], [-1.987985, 48.68351], [-1.988279, 48.683277], [-1.98832, 48.683136], [-1.988216, 48.682916], [-1.98824, 48.682824], [-1.988045, 48.682813], [-1.988184, 48.682559], [-1.988075, 48.682472], [-1.988021, 48.682296], [-1.987925, 48.682146], [-1.987678, 48.682214], [-1.98743, 48.682238], [-1.987363, 48.682105], [-1.987433, 48.681988], [-1.987369, 48.681735], [-1.987099, 48.681473], [-1.986674, 48.681395], [-1.986609, 48.681274], [-1.98648, 48.681285], [-1.986057, 48.681245], [-1.985767, 48.681369], [-1.985628, 48.681357], [-1.985384, 48.681455], [-1.98544, 48.681572], [-1.985593, 48.681647], [-1.985641, 48.681875], [-1.985347, 48.68198], [-1.985296, 48.681819], [-1.985389, 48.681692], [-1.985125, 48.681502], [-1.985265, 48.681344], [-1.985011, 48.681248], [-1.984621, 48.681257], [-1.984531, 48.68132], [-1.984553, 48.681578], [-1.984798, 48.68182], [-1.984771, 48.682007], [-1.984856, 48.682151], [-1.984824, 48.682272], [-1.98466, 48.682354], [-1.984547, 48.682479], [-1.984353, 48.68237], [-1.984211, 48.682157], [-1.983966, 48.682179], [-1.983845, 48.682055], [-1.983668, 48.682017], [-1.983527, 48.681929], [-1.983326, 48.681992], [-1.983202, 48.682209], [-1.983059, 48.682282], [-1.983156, 48.682622], [-1.983049, 48.682628], [-1.982869, 48.682473], [-1.982722, 48.682296], [-1.982459, 48.682177], [-1.982456, 48.681953], [-1.982393, 48.681843], [-1.98221, 48.68204], [-1.982092, 48.682061], [-1.981876, 48.682016], [-1.981894, 48.681906], [-1.981651, 48.68189], [-1.981557, 48.681685], [-1.981391, 48.681532], [-1.981364, 48.681357], [-1.981113, 48.681221], [-1.980859, 48.681486], [-1.980604, 48.681542], [-1.98048, 48.681711], [-1.980449, 48.681857], [-1.9803, 48.682016], [-1.980345, 48.682179], [-1.980572, 48.682278], [-1.980561, 48.682433], [-1.980407, 48.682483], [-1.980272, 48.68227], [-1.980162, 48.682317], [-1.979834, 48.682316], [-1.979593, 48.68223], [-1.979333, 48.682197], [-1.97919, 48.682092], [-1.979068, 48.68217], [-1.979188, 48.682404], [-1.979067, 48.682573], [-1.979145, 48.682826], [-1.979236, 48.682933], [-1.979159, 48.682987], [-1.978987, 48.682968], [-1.978834, 48.683112], [-1.978842, 48.683201], [-1.97865, 48.683227], [-1.978331, 48.68338], [-1.978071, 48.683337], [-1.977656, 48.683338], [-1.97742, 48.683429], [-1.977362, 48.683819], [-1.978028, 48.683953], [-1.978256, 48.683925], [-1.978263, 48.683997], [-1.97866, 48.684017], [-1.978602, 48.684118], [-1.978837, 48.6842], [-1.979137, 48.684184], [-1.979189, 48.684258], [-1.97903, 48.684388], [-1.978843, 48.684425], [-1.978686, 48.684379], [-1.978033, 48.684538], [-1.977798, 48.684524], [-1.97773, 48.684574], [-1.977505, 48.684581], [-1.977348, 48.684394], [-1.977126, 48.684284], [-1.977011, 48.684312], [-1.976906, 48.684435], [-1.976929, 48.684519], [-1.976795, 48.684569], [-1.976553, 48.684343], [-1.976388, 48.683987], [-1.976158, 48.683789], [-1.975967, 48.68372], [-1.976309, 48.683539], [-1.976298, 48.683408], [-1.975902, 48.683213], [-1.975826, 48.683135], [-1.975576, 48.683073], [-1.97546, 48.683141], [-1.975253, 48.683148], [-1.974951, 48.68309], [-1.974136, 48.683106], [-1.973847, 48.683257], [-1.973627, 48.68328], [-1.973213, 48.68342], [-1.973001, 48.683448], [-1.972646, 48.683594], [-1.972431, 48.683643], [-1.972223, 48.683761], [-1.971983, 48.683809], [-1.971866, 48.683894], [-1.971336, 48.684131], [-1.97116, 48.684157], [-1.971026, 48.684307], [-1.971048, 48.6845], [-1.970982, 48.684608], [-1.971023, 48.684819], [-1.970889, 48.68501], [-1.970925, 48.685073], [-1.970866, 48.685353], [-1.970945, 48.685533], [-1.97089, 48.685598], [-1.970677, 48.685672], [-1.970732, 48.685778], [-1.970366, 48.685752], [-1.970242, 48.685592], [-1.97013, 48.685618], [-1.970053, 48.685942], [-1.969928, 48.686], [-1.969891, 48.686112], [-1.969965, 48.686258], [-1.970127, 48.686388], [-1.970086, 48.68649], [-1.970185, 48.686671], [-1.97003, 48.686673], [-1.969847, 48.686553], [-1.969726, 48.686412], [-1.969575, 48.686347], [-1.969398, 48.686347], [-1.969247, 48.686423], [-1.969038, 48.686406], [-1.968978, 48.68646], [-1.968761, 48.686447], [-1.968584, 48.686366], [-1.968407, 48.686347], [-1.968312, 48.686495], [-1.968377, 48.68672], [-1.968266, 48.686815], [-1.96812, 48.686771], [-1.96788, 48.686559], [-1.967901, 48.686787], [-1.967418, 48.68686], [-1.967182, 48.68677], [-1.966832, 48.686735], [-1.966621, 48.686808], [-1.966533, 48.686921], [-1.96625, 48.687012], [-1.965952, 48.6869], [-1.965991, 48.687023], [-1.965841, 48.687165], [-1.965787, 48.687292], [-1.965553, 48.68731], [-1.965401, 48.687189], [-1.965219, 48.687173], [-1.965081, 48.687098], [-1.964798, 48.687164], [-1.964753, 48.687262], [-1.964342, 48.687393], [-1.963986, 48.687241], [-1.963552, 48.687171], [-1.96337, 48.687085], [-1.963272, 48.687128], [-1.963119, 48.687085], [-1.962962, 48.687136], [-1.962827, 48.687115], [-1.962547, 48.686936], [-1.962439, 48.68666], [-1.962484, 48.686526], [-1.962217, 48.686498], [-1.962094, 48.686302], [-1.962098, 48.686136], [-1.96201, 48.68605], [-1.961791, 48.685973], [-1.961777, 48.685676], [-1.962007, 48.685667], [-1.962159, 48.685543], [-1.962347, 48.685518], [-1.96267, 48.685333], [-1.963164, 48.684943], [-1.963211, 48.684725], [-1.963316, 48.68454], [-1.963468, 48.684425], [-1.963603, 48.684267], [-1.963597, 48.684204], [-1.963753, 48.683846], [-1.963923, 48.683767], [-1.963979, 48.683494], [-1.963893, 48.683452], [-1.963859, 48.683237], [-1.963747, 48.683206], [-1.963667, 48.683083], [-1.96367, 48.682966], [-1.963545, 48.6828], [-1.963719, 48.682621], [-1.963476, 48.682636], [-1.96329, 48.682595], [-1.963205, 48.682499], [-1.96343, 48.682021], [-1.963359, 48.681843], [-1.963375, 48.681581], [-1.963086, 48.681548], [-1.962937, 48.681699], [-1.962628, 48.681594], [-1.962385, 48.681334], [-1.962079, 48.681122], [-1.961869, 48.681231], [-1.961729, 48.681124], [-1.961818, 48.680952], [-1.961496, 48.68077], [-1.961181, 48.680699], [-1.961087, 48.680712], [-1.960023, 48.68054], [-1.959894, 48.680474], [-1.959572, 48.680514], [-1.958937, 48.680423], [-1.958437, 48.680462], [-1.957658, 48.680567], [-1.95689, 48.680653], [-1.95622, 48.680762], [-1.955645, 48.680876], [-1.955587, 48.680934], [-1.954145, 48.68143], [-1.953957, 48.681442], [-1.953914, 48.681521], [-1.95413, 48.681605], [-1.954351, 48.681506], [-1.95446, 48.681519], [-1.954558, 48.681633], [-1.954578, 48.68186], [-1.954476, 48.68218], [-1.9546, 48.682307], [-1.954832, 48.6824], [-1.954785, 48.682533], [-1.954634, 48.68257], [-1.954551, 48.682684], [-1.954445, 48.682696], [-1.954275, 48.682614], [-1.954147, 48.682708], [-1.953952, 48.68262], [-1.953893, 48.682465], [-1.953794, 48.682395], [-1.953575, 48.682365], [-1.953324, 48.682384], [-1.95316, 48.682476], [-1.952989, 48.682483], [-1.952593, 48.682714], [-1.952344, 48.682959], [-1.952314, 48.683287], [-1.952216, 48.683378], [-1.95193, 48.683402], [-1.951712, 48.683456], [-1.951506, 48.683571], [-1.951145, 48.683626], [-1.951101, 48.683419], [-1.950842, 48.683064], [-1.950603, 48.682901], [-1.950356, 48.682832], [-1.950184, 48.68284], [-1.949906, 48.682801], [-1.949726, 48.682883], [-1.949622, 48.682872], [-1.949369, 48.682746], [-1.94926, 48.682747], [-1.949103, 48.682652], [-1.948732, 48.682715], [-1.948364, 48.682703], [-1.948019, 48.682721], [-1.947662, 48.682819], [-1.947511, 48.682885], [-1.947228, 48.682947], [-1.946728, 48.683159], [-1.946424, 48.683452], [-1.946175, 48.6836], [-1.946095, 48.68372], [-1.945743, 48.684055], [-1.945488, 48.68434], [-1.945262, 48.684401], [-1.945106, 48.68456], [-1.944969, 48.684806], [-1.944831, 48.68487], [-1.944555, 48.684785], [-1.944363, 48.684873], [-1.944178, 48.685057], [-1.94393, 48.685143], [-1.943558, 48.685181], [-1.943377, 48.685316], [-1.943083, 48.685381], [-1.94297, 48.685366], [-1.942852, 48.685217], [-1.942677, 48.685149], [-1.942313, 48.685113], [-1.942075, 48.68519], [-1.941591, 48.685195], [-1.94146, 48.685221], [-1.941134, 48.685431], [-1.940953, 48.685452], [-1.940633, 48.685259], [-1.94032, 48.684957], [-1.939939, 48.684764], [-1.939745, 48.68463], [-1.939619, 48.684591], [-1.93895, 48.68446], [-1.93858, 48.684288], [-1.938219, 48.684165], [-1.938002, 48.684042], [-1.937842, 48.683911], [-1.937722, 48.683909], [-1.937023, 48.684146], [-1.936935, 48.6842], [-1.937, 48.684297], [-1.937158, 48.684357], [-1.937289, 48.684509], [-1.937606, 48.684726], [-1.938062, 48.685066], [-1.93822, 48.685156], [-1.938828, 48.685385], [-1.938979, 48.685578], [-1.939096, 48.685628], [-1.939418, 48.686019], [-1.939718, 48.686263], [-1.939853, 48.686318], [-1.940031, 48.68649], [-1.94056, 48.686856], [-1.94092, 48.686922], [-1.94137, 48.686684], [-1.941482, 48.686685], [-1.941754, 48.686801], [-1.941975, 48.686825], [-1.941981, 48.686609], [-1.942072, 48.686397], [-1.942164, 48.686371], [-1.942615, 48.686349], [-1.942897, 48.68644], [-1.943212, 48.686419], [-1.943427, 48.686286], [-1.943682, 48.686287], [-1.943937, 48.686219], [-1.94406, 48.686263], [-1.944505, 48.686219], [-1.944763, 48.686217], [-1.944917, 48.68617], [-1.945316, 48.686244], [-1.945515, 48.686487], [-1.945557, 48.68673], [-1.94565, 48.686864], [-1.945777, 48.686939], [-1.945864, 48.687196], [-1.946143, 48.687228], [-1.946184, 48.687544], [-1.946327, 48.687703], [-1.946351, 48.687967], [-1.946263, 48.688131], [-1.946336, 48.688348], [-1.946501, 48.688509], [-1.946702, 48.688629], [-1.946695, 48.688761], [-1.946833, 48.689095], [-1.946766, 48.689207], [-1.946871, 48.689335], [-1.947178, 48.689544], [-1.947953, 48.689976], [-1.94852, 48.690272], [-1.948898, 48.690389], [-1.949429, 48.690607], [-1.949908, 48.690727], [-1.950569, 48.690835], [-1.951155, 48.690879], [-1.952099, 48.690872], [-1.952357, 48.690845], [-1.952569, 48.690784], [-1.953255, 48.690509], [-1.953493, 48.690162], [-1.953591, 48.689939], [-1.953662, 48.689683], [-1.953939, 48.689133], [-1.953941, 48.688934], [-1.953841, 48.68868], [-1.953882, 48.688552], [-1.95387, 48.688327], [-1.953813, 48.688139], [-1.953936, 48.688044], [-1.954059, 48.688107], [-1.954309, 48.687908], [-1.954603, 48.687905], [-1.954549, 48.687772], [-1.954671, 48.687706], [-1.954806, 48.687726], [-1.955104, 48.687504], [-1.955423, 48.687593], [-1.955664, 48.687624], [-1.955984, 48.687626], [-1.956098, 48.687669], [-1.956113, 48.687384], [-1.956319, 48.687384], [-1.956333, 48.687571], [-1.956716, 48.687799], [-1.95688, 48.687814], [-1.957061, 48.687944], [-1.957508, 48.688033], [-1.957687, 48.687986], [-1.957846, 48.688037], [-1.958029, 48.687922], [-1.958138, 48.687789], [-1.958254, 48.687854], [-1.958394, 48.687835], [-1.958508, 48.687918], [-1.958725, 48.687954], [-1.958922, 48.688251], [-1.959094, 48.688412], [-1.959235, 48.688693], [-1.959489, 48.688871], [-1.959501, 48.688988], [-1.959301, 48.689033], [-1.959633, 48.689156], [-1.959721, 48.689267], [-1.959866, 48.689313], [-1.960023, 48.689455], [-1.959891, 48.689506], [-1.95975, 48.689701], [-1.959598, 48.689674], [-1.959584, 48.689832], [-1.959459, 48.689857], [-1.959685, 48.690263], [-1.959557, 48.690308], [-1.959581, 48.690444], [-1.959448, 48.690576], [-1.959257, 48.690571], [-1.959011, 48.690486], [-1.958978, 48.690555], [-1.959086, 48.690704], [-1.959042, 48.69085], [-1.958882, 48.690921], [-1.959031, 48.691061], [-1.959066, 48.691256], [-1.958957, 48.691282], [-1.958688, 48.691451], [-1.9582, 48.691512], [-1.957907, 48.691455], [-1.95774, 48.691469], [-1.957609, 48.691378], [-1.957487, 48.691433], [-1.957456, 48.69155], [-1.957229, 48.69154], [-1.957067, 48.691494], [-1.956772, 48.691494], [-1.956597, 48.691734], [-1.956559, 48.691944], [-1.956492, 48.692036], [-1.956292, 48.69208], [-1.956487, 48.692169], [-1.956387, 48.69226], [-1.956143, 48.692199], [-1.955955, 48.692072], [-1.955631, 48.692254], [-1.95518, 48.692321], [-1.95514, 48.692449], [-1.95522, 48.692598], [-1.955196, 48.692675], [-1.954966, 48.692779], [-1.954918, 48.692711], [-1.954624, 48.692626], [-1.954386, 48.692649], [-1.954153, 48.692516], [-1.954161, 48.692317], [-1.95405, 48.692172], [-1.953765, 48.692062], [-1.953331, 48.692057], [-1.953126, 48.692019], [-1.952565, 48.691987], [-1.952241, 48.691918], [-1.951628, 48.691824], [-1.950803, 48.691759], [-1.950205, 48.691725], [-1.949711, 48.69172], [-1.949022, 48.69175], [-1.948084, 48.691755], [-1.947914, 48.691779], [-1.947102, 48.691774], [-1.946417, 48.691801], [-1.946071, 48.691845], [-1.945244, 48.691921], [-1.945005, 48.691979], [-1.94472, 48.692001], [-1.944307, 48.692073], [-1.9441, 48.692138], [-1.943906, 48.692152], [-1.943299, 48.692284], [-1.942438, 48.692521], [-1.941584, 48.692788], [-1.941377, 48.692827], [-1.940998, 48.692941], [-1.940788, 48.693067], [-1.940498, 48.693147], [-1.940239, 48.693299], [-1.940036, 48.693355], [-1.9395, 48.693622], [-1.939277, 48.693699], [-1.939057, 48.693835], [-1.938815, 48.693919], [-1.938739, 48.694008], [-1.93841, 48.69417], [-1.938104, 48.69428], [-1.937939, 48.694704], [-1.937745, 48.694803], [-1.937576, 48.694838], [-1.937621, 48.695056], [-1.937772, 48.695158], [-1.937853, 48.69534], [-1.937568, 48.695545], [-1.937624, 48.695832], [-1.937592, 48.695928], [-1.937379, 48.696122], [-1.937465, 48.696213], [-1.937481, 48.696358], [-1.93778, 48.696561], [-1.937677, 48.696687], [-1.937751, 48.696873], [-1.937959, 48.697001], [-1.937754, 48.697128], [-1.937892, 48.69716], [-1.938186, 48.697377], [-1.938032, 48.697536], [-1.938083, 48.697654], [-1.937837, 48.697805], [-1.937933, 48.698143], [-1.937889, 48.698253], [-1.937766, 48.698314], [-1.937806, 48.698408], [-1.937753, 48.698587], [-1.937978, 48.698587], [-1.937881, 48.69873], [-1.937704, 48.698758], [-1.937696, 48.698891], [-1.93742, 48.698829], [-1.937237, 48.699002], [-1.937062, 48.698929], [-1.937133, 48.699215], [-1.937084, 48.699352], [-1.93709, 48.699793], [-1.937332, 48.699876], [-1.937291, 48.700045], [-1.937321, 48.700145], [-1.937517, 48.70016], [-1.93756, 48.700256], [-1.937526, 48.700404], [-1.937565, 48.700567], [-1.937831, 48.700773], [-1.937681, 48.700986], [-1.937672, 48.701212], [-1.937349, 48.70132], [-1.937448, 48.70143], [-1.93745, 48.701544], [-1.937308, 48.701602], [-1.937335, 48.70183], [-1.937177, 48.701973], [-1.937235, 48.702158], [-1.937144, 48.702216], [-1.937176, 48.702328], [-1.937019, 48.702515], [-1.937108, 48.702613], [-1.937031, 48.702684], [-1.936834, 48.702716], [-1.936712, 48.702649], [-1.936338, 48.702639], [-1.936214, 48.702609], [-1.936116, 48.70249], [-1.935777, 48.702476], [-1.935733, 48.702368], [-1.935382, 48.702348], [-1.935241, 48.702283], [-1.935137, 48.702134], [-1.935184, 48.701992], [-1.934953, 48.701915], [-1.93493, 48.701744], [-1.934716, 48.701709], [-1.934359, 48.701562], [-1.934109, 48.701626], [-1.933706, 48.701584], [-1.933334, 48.701651], [-1.933321, 48.70156], [-1.93298, 48.70152], [-1.932818, 48.701177], [-1.932835, 48.700949], [-1.932769, 48.700894], [-1.932913, 48.700603], [-1.932846, 48.700426], [-1.93294, 48.700304], [-1.932954, 48.70014], [-1.933027, 48.699976], [-1.93275, 48.699915], [-1.932638, 48.699824], [-1.932414, 48.699754], [-1.932235, 48.699793], [-1.93212, 48.699668], [-1.93239, 48.699445], [-1.93221, 48.699194], [-1.932294, 48.699023], [-1.932467, 48.698903], [-1.932402, 48.698733], [-1.932205, 48.698539], [-1.931929, 48.698467], [-1.932135, 48.698243], [-1.932102, 48.698172], [-1.931904, 48.698172], [-1.931909, 48.698046], [-1.932272, 48.697702], [-1.932486, 48.697647], [-1.932845, 48.697615], [-1.932922, 48.697464], [-1.933104, 48.697461], [-1.933386, 48.697393], [-1.933672, 48.697008], [-1.933594, 48.696898], [-1.93366, 48.6968], [-1.933871, 48.696657], [-1.933793, 48.696487], [-1.933719, 48.696447], [-1.933471, 48.69646], [-1.933296, 48.696299], [-1.933373, 48.696085], [-1.933067, 48.696002], [-1.933009, 48.695854], [-1.932877, 48.695776], [-1.932559, 48.695875], [-1.932363, 48.695856], [-1.932226, 48.695777], [-1.93212, 48.695649], [-1.932021, 48.69539], [-1.932168, 48.695316], [-1.932263, 48.695184], [-1.93244, 48.695059], [-1.932678, 48.694981], [-1.932812, 48.694588], [-1.932973, 48.694464], [-1.933024, 48.694342], [-1.932704, 48.693993], [-1.932585, 48.693931], [-1.932321, 48.693934], [-1.932298, 48.693719], [-1.931988, 48.693628], [-1.931439, 48.693423], [-1.930546, 48.693143], [-1.929946, 48.692988], [-1.929458, 48.692877], [-1.928294, 48.692639], [-1.927615, 48.692443], [-1.927304, 48.692655], [-1.926865, 48.692593], [-1.926712, 48.692511], [-1.926594, 48.692542], [-1.92649, 48.692712], [-1.926259, 48.692889], [-1.926102, 48.692894], [-1.925861, 48.692654], [-1.925772, 48.692606], [-1.925751, 48.69245], [-1.925478, 48.692587], [-1.925202, 48.692576], [-1.924838, 48.692328], [-1.92466, 48.692336], [-1.924514, 48.692397], [-1.924324, 48.692391], [-1.924034, 48.692449], [-1.923503, 48.692479], [-1.922999, 48.692559], [-1.922787, 48.692559], [-1.922602, 48.69261], [-1.922194, 48.692638], [-1.921986, 48.692699], [-1.921772, 48.692697], [-1.921296, 48.692814], [-1.921054, 48.692804], [-1.920846, 48.692872], [-1.920812, 48.693191], [-1.92051, 48.693491], [-1.92045, 48.693651], [-1.920346, 48.693769], [-1.920174, 48.69412], [-1.919625, 48.694098], [-1.919233, 48.694246], [-1.919367, 48.694364], [-1.919466, 48.694587], [-1.919301, 48.69478], [-1.919405, 48.695084], [-1.919398, 48.695271], [-1.919317, 48.695495], [-1.919121, 48.695653], [-1.919022, 48.695861], [-1.919064, 48.696044], [-1.918841, 48.696125], [-1.91875, 48.695902], [-1.918836, 48.695276], [-1.918683, 48.695161], [-1.918417, 48.695213], [-1.918278, 48.695345], [-1.918133, 48.695263], [-1.917977, 48.695516], [-1.917859, 48.695783], [-1.917551, 48.695819], [-1.917662, 48.695584], [-1.917459, 48.695602], [-1.917256, 48.695518], [-1.917288, 48.695312], [-1.917263, 48.695087], [-1.917176, 48.694939], [-1.916644, 48.694736], [-1.916575, 48.694575], [-1.916274, 48.694432], [-1.916011, 48.694358], [-1.915941, 48.694269], [-1.915941, 48.693953], [-1.915896, 48.693845], [-1.915746, 48.693799], [-1.915455, 48.693617], [-1.915579, 48.693503], [-1.915537, 48.693276], [-1.91532, 48.693035], [-1.915294, 48.692873], [-1.915415, 48.692756], [-1.915329, 48.692682], [-1.91554, 48.692503], [-1.915447, 48.692464], [-1.915267, 48.692515], [-1.915025, 48.692517], [-1.91488, 48.692371], [-1.915026, 48.692227], [-1.915214, 48.691955], [-1.915157, 48.691913], [-1.914865, 48.69196], [-1.914769, 48.691893], [-1.914584, 48.691915], [-1.914309, 48.691877], [-1.914007, 48.691655], [-1.913802, 48.69154], [-1.913722, 48.691361], [-1.913561, 48.69143], [-1.913257, 48.691322], [-1.91331, 48.691132], [-1.913025, 48.691044], [-1.913084, 48.690969], [-1.913405, 48.690914], [-1.91354, 48.690802], [-1.913381, 48.69071], [-1.913063, 48.690704], [-1.913022, 48.690584], [-1.912868, 48.690553], [-1.912798, 48.690636], [-1.912465, 48.690846], [-1.912216, 48.690923], [-1.91176, 48.690924], [-1.911515, 48.691137], [-1.911357, 48.691103], [-1.911045, 48.69094], [-1.910912, 48.690929], [-1.91086, 48.690805], [-1.91067, 48.690772], [-1.910657, 48.690673], [-1.910472, 48.690508], [-1.910002, 48.690316], [-1.909835, 48.690385], [-1.909444, 48.690786], [-1.909197, 48.690735], [-1.908921, 48.69081], [-1.908552, 48.690862], [-1.908161, 48.690802], [-1.908065, 48.690682], [-1.907475, 48.690601], [-1.907312, 48.690531], [-1.907261, 48.690435], [-1.90697, 48.690627], [-1.90684, 48.690638], [-1.906686, 48.690533], [-1.906445, 48.690528], [-1.906149, 48.69041], [-1.905955, 48.690289], [-1.905777, 48.690447], [-1.905329, 48.690373], [-1.90518, 48.690278], [-1.905157, 48.690123], [-1.90506, 48.690006], [-1.904772, 48.689877], [-1.904645, 48.689877], [-1.904391, 48.689982], [-1.904369, 48.690196], [-1.90424, 48.690273], [-1.90399, 48.69032], [-1.903883, 48.690155], [-1.902736, 48.690347], [-1.902252, 48.690539], [-1.901947, 48.690588], [-1.901765, 48.690673], [-1.901429, 48.690725], [-1.901254, 48.690824], [-1.900968, 48.690861], [-1.900778, 48.690961], [-1.900647, 48.690964], [-1.900236, 48.691146], [-1.899967, 48.691196], [-1.899616, 48.691373], [-1.899329, 48.691429], [-1.898951, 48.691629], [-1.89872, 48.691676], [-1.898227, 48.691918], [-1.898054, 48.691951], [-1.897845, 48.692081], [-1.897458, 48.69224], [-1.897158, 48.692324], [-1.89688, 48.692474], [-1.896658, 48.692635], [-1.896316, 48.692752], [-1.895975, 48.693017], [-1.895574, 48.693236], [-1.895236, 48.69354], [-1.894531, 48.694091], [-1.894324, 48.694127], [-1.893738, 48.694692], [-1.893471, 48.694892], [-1.892991, 48.695299], [-1.892255, 48.695954], [-1.892367, 48.696175], [-1.892258, 48.696329], [-1.892255, 48.696534], [-1.892067, 48.696737], [-1.891906, 48.696752], [-1.892126, 48.697164], [-1.892218, 48.69722], [-1.892191, 48.697489], [-1.891918, 48.69741], [-1.891835, 48.69753], [-1.89154, 48.697448], [-1.89128, 48.697217], [-1.891213, 48.697302], [-1.891003, 48.697365], [-1.891027, 48.697479], [-1.890913, 48.697687], [-1.890663, 48.697774], [-1.89052, 48.697666], [-1.890412, 48.697899], [-1.89042, 48.69816], [-1.890511, 48.698292], [-1.890546, 48.698504], [-1.890468, 48.698543], [-1.890587, 48.698856], [-1.890534, 48.69907], [-1.890428, 48.69909], [-1.890294, 48.699305], [-1.890107, 48.699331], [-1.889976, 48.699237], [-1.889658, 48.699154], [-1.889369, 48.699196], [-1.889228, 48.699255], [-1.888893, 48.699311], [-1.888599, 48.699312], [-1.888547, 48.69898], [-1.888239, 48.699153], [-1.888034, 48.699216], [-1.887912, 48.699207], [-1.887815, 48.699068], [-1.887663, 48.699077], [-1.887438, 48.699185], [-1.886997, 48.69934], [-1.886916, 48.699283], [-1.886974, 48.699174], [-1.886919, 48.699084], [-1.886858, 48.698793], [-1.886657, 48.698745], [-1.886527, 48.698591], [-1.886494, 48.698428], [-1.886348, 48.698365], [-1.886314, 48.698137], [-1.886138, 48.698023], [-1.88598, 48.698189], [-1.885838, 48.698181], [-1.885588, 48.697964], [-1.88551, 48.697853], [-1.885295, 48.697735], [-1.885151, 48.697711], [-1.885065, 48.697619], [-1.885064, 48.697461], [-1.884948, 48.697308], [-1.884937, 48.696972], [-1.884677, 48.696884], [-1.884169, 48.696902], [-1.883694, 48.697014], [-1.883681, 48.697255], [-1.883437, 48.69744], [-1.883231, 48.697513], [-1.883153, 48.697585], [-1.882869, 48.69767], [-1.882594, 48.697786], [-1.882782, 48.697947], [-1.882951, 48.69816], [-1.88313, 48.698278], [-1.882939, 48.698338], [-1.882718, 48.698242], [-1.882464, 48.697999], [-1.882201, 48.698043], [-1.882061, 48.697973], [-1.881777, 48.698118], [-1.8816, 48.698121], [-1.881425, 48.698026], [-1.881351, 48.698069], [-1.881651, 48.698377], [-1.881653, 48.698525], [-1.881561, 48.698707], [-1.881323, 48.698768], [-1.881254, 48.698729], [-1.881242, 48.698558], [-1.881166, 48.698491], [-1.880985, 48.698559], [-1.880732, 48.698546], [-1.880528, 48.698655], [-1.880482, 48.698588], [-1.88064, 48.698441], [-1.880655, 48.698234], [-1.880603, 48.698133], [-1.880661, 48.698024], [-1.880397, 48.697876], [-1.880128, 48.697792], [-1.879841, 48.697805], [-1.879681, 48.697732], [-1.879617, 48.697544], [-1.879642, 48.69739], [-1.879804, 48.697306], [-1.879737, 48.697129], [-1.879743, 48.69701], [-1.879645, 48.696713], [-1.879827, 48.69653], [-1.880068, 48.696126], [-1.880113, 48.695944], [-1.880028, 48.695864], [-1.879845, 48.695806], [-1.879636, 48.695838], [-1.879028, 48.695734], [-1.87827, 48.695669], [-1.877386, 48.695691], [-1.876492, 48.695817], [-1.876071, 48.6959], [-1.875983, 48.695944], [-1.875716, 48.695967], [-1.875584, 48.696046], [-1.875369, 48.696062], [-1.875165, 48.696152], [-1.874852, 48.696218], [-1.874775, 48.696264], [-1.874338, 48.696385], [-1.87392, 48.696573], [-1.873567, 48.696653], [-1.873435, 48.696745], [-1.872946, 48.696912], [-1.872744, 48.697008], [-1.872457, 48.697084], [-1.872453, 48.697211], [-1.872327, 48.697247], [-1.872135, 48.697224], [-1.871933, 48.697319], [-1.871866, 48.697421], [-1.871631, 48.697535], [-1.871533, 48.697662], [-1.8713, 48.697701], [-1.871089, 48.697667], [-1.870771, 48.69785], [-1.870568, 48.697926], [-1.870209, 48.698176], [-1.870194, 48.698275], [-1.87004, 48.698391], [-1.870004, 48.698527], [-1.870248, 48.698778], [-1.869946, 48.698942], [-1.86966, 48.699001], [-1.86919, 48.699022], [-1.868983, 48.699372], [-1.869189, 48.699442], [-1.869464, 48.699678], [-1.869411, 48.699808], [-1.869124, 48.699957], [-1.869178, 48.700079], [-1.869122, 48.700351], [-1.869178, 48.70056], [-1.869025, 48.700654], [-1.869325, 48.700771], [-1.869492, 48.700789], [-1.869651, 48.700746], [-1.869895, 48.700868], [-1.869913, 48.700959], [-1.869733, 48.701094], [-1.869276, 48.700987], [-1.868934, 48.701102], [-1.86877, 48.701205], [-1.868506, 48.701134], [-1.868516, 48.700956], [-1.868184, 48.701009], [-1.867816, 48.700954], [-1.867515, 48.700947], [-1.867231, 48.700886], [-1.867119, 48.700809], [-1.867148, 48.70068], [-1.867083, 48.700531], [-1.866863, 48.700498], [-1.866754, 48.700589], [-1.866689, 48.700732], [-1.866255, 48.700872], [-1.866409, 48.700953], [-1.866027, 48.701067], [-1.865865, 48.700994], [-1.865709, 48.700779], [-1.865485, 48.700775], [-1.865066, 48.70063], [-1.864695, 48.700532], [-1.864536, 48.700323], [-1.864403, 48.700394], [-1.864293, 48.700255], [-1.864399, 48.700158], [-1.864289, 48.699975], [-1.864053, 48.699913], [-1.863455, 48.699852], [-1.863293, 48.699894], [-1.863113, 48.699843], [-1.862943, 48.699865], [-1.862645, 48.699981], [-1.862218, 48.700094], [-1.861939, 48.700196], [-1.86157, 48.700445], [-1.861397, 48.700536], [-1.861195, 48.700701], [-1.861083, 48.700942], [-1.861155, 48.70107], [-1.861081, 48.701346], [-1.860945, 48.701446], [-1.860714, 48.701529], [-1.860645, 48.701657], [-1.860379, 48.701818], [-1.860227, 48.70185], [-1.860003, 48.702036], [-1.85994, 48.702346], [-1.859527, 48.702524], [-1.859406, 48.702482], [-1.859129, 48.702645], [-1.858701, 48.702698], [-1.858518, 48.702648], [-1.858455, 48.702754], [-1.858199, 48.702854], [-1.858197, 48.703003], [-1.85799, 48.703162], [-1.858001, 48.703285], [-1.858089, 48.703377], [-1.857906, 48.703569], [-1.857924, 48.703734], [-1.857622, 48.703836], [-1.857569, 48.704007], [-1.857367, 48.704007], [-1.857255, 48.703927], [-1.857072, 48.703935], [-1.856595, 48.704097], [-1.856458, 48.704233], [-1.856234, 48.70434], [-1.856137, 48.704443], [-1.855996, 48.70478], [-1.856135, 48.705049], [-1.855981, 48.705147], [-1.855855, 48.70537], [-1.855852, 48.70553], [-1.855999, 48.70562], [-1.855956, 48.705731], [-1.856119, 48.706072], [-1.856116, 48.706144], [-1.856248, 48.706257], [-1.855988, 48.706265], [-1.855719, 48.706312], [-1.855752, 48.706489], [-1.85596, 48.706608], [-1.855929, 48.706708], [-1.855621, 48.706756], [-1.855443, 48.70665], [-1.855276, 48.706631], [-1.855097, 48.706539], [-1.855146, 48.706445], [-1.854773, 48.706355], [-1.85442, 48.70613], [-1.854185, 48.706093], [-1.854015, 48.705986], [-1.853857, 48.706026], [-1.853555, 48.70604], [-1.85329, 48.705962], [-1.853025, 48.705985], [-1.852311, 48.706103], [-1.852087, 48.706184], [-1.851942, 48.706196], [-1.85159, 48.706381], [-1.851524, 48.706527], [-1.85136, 48.706468], [-1.850796, 48.706578], [-1.850923, 48.706744], [-1.850924, 48.706891], [-1.850636, 48.707022], [-1.850408, 48.706988], [-1.850307, 48.707218], [-1.850163, 48.707387], [-1.849932, 48.707408], [-1.849775, 48.707238], [-1.849633, 48.707239], [-1.849748, 48.70739], [-1.849634, 48.707556], [-1.849317, 48.707747], [-1.849183, 48.707753], [-1.848994, 48.707862], [-1.84863, 48.707927], [-1.84843, 48.707892], [-1.8484, 48.707989], [-1.848075, 48.708055], [-1.848025, 48.70817], [-1.847838, 48.708258], [-1.847626, 48.708295], [-1.847425, 48.708409], [-1.84721, 48.708454], [-1.847174, 48.708748], [-1.847093, 48.708841], [-1.846884, 48.708878], [-1.846718, 48.708971], [-1.846423, 48.708961], [-1.845979, 48.709222], [-1.846072, 48.709373], [-1.84595, 48.709476], [-1.84569, 48.709566], [-1.845847, 48.709702], [-1.845639, 48.709959], [-1.845723, 48.710098], [-1.845617, 48.710253], [-1.845591, 48.710527], [-1.845455, 48.710703], [-1.845454, 48.710915], [-1.845282, 48.711041], [-1.844943, 48.711115], [-1.845165, 48.711204], [-1.845217, 48.711268], [-1.845226, 48.71146], [-1.845021, 48.711657], [-1.844928, 48.711881], [-1.845068, 48.712048], [-1.844981, 48.712326], [-1.84465, 48.712566], [-1.844486, 48.712659], [-1.844443, 48.712548], [-1.844323, 48.712507], [-1.844178, 48.712614], [-1.843973, 48.712648], [-1.843654, 48.712555], [-1.843588, 48.712489], [-1.843864, 48.711972], [-1.843748, 48.711863], [-1.843733, 48.711681], [-1.843643, 48.711569], [-1.843736, 48.711504], [-1.84374, 48.711177], [-1.843861, 48.711115], [-1.843785, 48.711038], [-1.843726, 48.710776], [-1.843761, 48.710703], [-1.84372, 48.710233], [-1.843543, 48.710096], [-1.843456, 48.709956], [-1.843163, 48.709889], [-1.843002, 48.709788], [-1.842914, 48.709596], [-1.842503, 48.709629], [-1.842586, 48.709465], [-1.842758, 48.709436], [-1.84319, 48.709495], [-1.843221, 48.709427], [-1.843101, 48.709299], [-1.842934, 48.709229], [-1.842981, 48.709057], [-1.843338, 48.709003], [-1.843743, 48.708811], [-1.843839, 48.708623], [-1.844038, 48.708468], [-1.843893, 48.708335], [-1.843788, 48.708058], [-1.844079, 48.707889], [-1.844345, 48.707634], [-1.844356, 48.707323], [-1.844291, 48.707268], [-1.844267, 48.707092], [-1.84435, 48.706898], [-1.844633, 48.706693], [-1.844862, 48.706563], [-1.845096, 48.706366], [-1.845211, 48.706169], [-1.845222, 48.70607], [-1.845456, 48.705841], [-1.845409, 48.705589], [-1.845247, 48.705415], [-1.845149, 48.705367], [-1.84523, 48.705127], [-1.845366, 48.70504], [-1.845303, 48.704869], [-1.84516, 48.704737], [-1.845022, 48.704672], [-1.844968, 48.70447], [-1.845074, 48.704351], [-1.845226, 48.704309], [-1.845333, 48.704135], [-1.845246, 48.703992], [-1.845056, 48.703928], [-1.844739, 48.703696], [-1.844379, 48.703553], [-1.844125, 48.703521], [-1.843905, 48.703271], [-1.843591, 48.703267], [-1.843403, 48.703092], [-1.84356, 48.702884], [-1.843646, 48.70266], [-1.843827, 48.702595], [-1.844151, 48.702347], [-1.844238, 48.702342], [-1.844468, 48.702538], [-1.844703, 48.702584], [-1.84515, 48.702553], [-1.845431, 48.702598], [-1.845829, 48.702513], [-1.846169, 48.70258], [-1.846561, 48.702501], [-1.846737, 48.702517], [-1.846976, 48.702599], [-1.847218, 48.702738], [-1.84739, 48.702731], [-1.847627, 48.702779], [-1.847962, 48.702676], [-1.848096, 48.702605], [-1.848419, 48.70264], [-1.848604, 48.702459], [-1.848828, 48.702442], [-1.849131, 48.702287], [-1.849278, 48.702256], [-1.849428, 48.702154], [-1.849691, 48.702062], [-1.849805, 48.701544], [-1.850073, 48.700163], [-1.849941, 48.700059], [-1.850099, 48.699856], [-1.850081, 48.699658], [-1.849971, 48.699654], [-1.849907, 48.699404], [-1.850029, 48.69939], [-1.849959, 48.699077], [-1.849829, 48.699011], [-1.849709, 48.698614], [-1.849637, 48.698541], [-1.849482, 48.698543], [-1.849377, 48.698357], [-1.849247, 48.698273], [-1.848877, 48.698265], [-1.848793, 48.698206], [-1.848761, 48.698065], [-1.84866, 48.69799], [-1.848609, 48.697824], [-1.848624, 48.697693], [-1.848392, 48.697541], [-1.848127, 48.697541], [-1.847909, 48.697614], [-1.847442, 48.697495], [-1.847273, 48.697516], [-1.847125, 48.69763], [-1.846937, 48.697699], [-1.846297, 48.697531], [-1.846122, 48.697375], [-1.846115, 48.697197], [-1.845997, 48.697158], [-1.845854, 48.696965], [-1.84573, 48.696903], [-1.845499, 48.696964], [-1.845441, 48.697118], [-1.845183, 48.697194], [-1.844912, 48.697136], [-1.844925, 48.696879], [-1.845072, 48.696401], [-1.845251, 48.696291], [-1.8452, 48.696105], [-1.845351, 48.69605], [-1.845685, 48.696095], [-1.84601, 48.696219], [-1.846144, 48.696196], [-1.846364, 48.696091], [-1.846472, 48.69595], [-1.846589, 48.695904], [-1.846706, 48.695704], [-1.847034, 48.695565], [-1.847265, 48.695617], [-1.847523, 48.695776], [-1.847794, 48.695787], [-1.848033, 48.695714], [-1.848244, 48.695607], [-1.848441, 48.695589], [-1.848869, 48.695401], [-1.849032, 48.695258], [-1.849181, 48.69481], [-1.849098, 48.694498], [-1.848915, 48.694322], [-1.848695, 48.694164], [-1.848409, 48.694175], [-1.848044, 48.694315], [-1.84779, 48.694271], [-1.847713, 48.693976], [-1.847889, 48.693768], [-1.847855, 48.693401], [-1.847802, 48.693309], [-1.84777, 48.693031], [-1.847562, 48.692863], [-1.84755, 48.692726], [-1.84737, 48.692518], [-1.847319, 48.691895], [-1.847234, 48.691843], [-1.847075, 48.691892], [-1.846948, 48.691829], [-1.846743, 48.69165], [-1.846895, 48.691461], [-1.846734, 48.691279], [-1.846707, 48.691134], [-1.846752, 48.69092], [-1.847081, 48.690705], [-1.847133, 48.690609], [-1.847102, 48.690332], [-1.847009, 48.690177], [-1.846509, 48.689927], [-1.846112, 48.689752], [-1.84604, 48.68959], [-1.845801, 48.689415], [-1.845497, 48.689248], [-1.845308, 48.689188], [-1.845094, 48.689271], [-1.844814, 48.689215], [-1.844743, 48.689069], [-1.844298, 48.689026], [-1.844141, 48.688797], [-1.843949, 48.688595], [-1.843816, 48.688684], [-1.843586, 48.68866], [-1.843412, 48.688529], [-1.843166, 48.688484], [-1.842857, 48.688285], [-1.842595, 48.68836], [-1.842444, 48.68829], [-1.842247, 48.688262], [-1.842093, 48.688392], [-1.841771, 48.688206], [-1.841516, 48.687955], [-1.841496, 48.68769], [-1.841361, 48.68766], [-1.841229, 48.687726], [-1.841087, 48.687558], [-1.840843, 48.687393], [-1.840878, 48.687294], [-1.840864, 48.686986], [-1.841138, 48.686623], [-1.84129, 48.686571], [-1.841397, 48.6866], [-1.841611, 48.686414], [-1.842037, 48.686215], [-1.842088, 48.686084], [-1.84195, 48.685755], [-1.842105, 48.685309], [-1.842098, 48.685145], [-1.84197, 48.685014], [-1.841714, 48.684869], [-1.841551, 48.684825], [-1.841402, 48.684635], [-1.841086, 48.684419], [-1.840985, 48.684389], [-1.84081, 48.684211], [-1.840526, 48.684073], [-1.840645, 48.68389], [-1.840525, 48.683768], [-1.840277, 48.68362], [-1.840206, 48.683399], [-1.840322, 48.683307], [-1.84007, 48.683135], [-1.839805, 48.682991], [-1.839756, 48.682891], [-1.839457, 48.682895], [-1.839236, 48.682721], [-1.839374, 48.682617], [-1.839312, 48.682371], [-1.83914, 48.68225], [-1.839078, 48.682148], [-1.838862, 48.682172], [-1.838698, 48.68203], [-1.838646, 48.681859], [-1.83855, 48.681725], [-1.838429, 48.681653], [-1.838229, 48.681692], [-1.837719, 48.681421], [-1.837361, 48.681365], [-1.837148, 48.681306], [-1.837061, 48.681212], [-1.836784, 48.681097], [-1.836675, 48.680945], [-1.836542, 48.680905], [-1.836343, 48.681004], [-1.836297, 48.680873], [-1.836149, 48.680735], [-1.835983, 48.680725], [-1.835716, 48.68059], [-1.835808, 48.680436], [-1.83619, 48.680205], [-1.83613, 48.680116], [-1.836269, 48.679958], [-1.836792, 48.679843], [-1.836908, 48.679684], [-1.83713, 48.679542], [-1.837518, 48.679339], [-1.837782, 48.679309], [-1.838026, 48.679186], [-1.838183, 48.679161], [-1.83844, 48.678922], [-1.838907, 48.679042], [-1.839451, 48.678909], [-1.839788, 48.678873], [-1.840169, 48.678723], [-1.840382, 48.678609], [-1.840759, 48.67848], [-1.84102, 48.678343], [-1.841552, 48.678144], [-1.841733, 48.678138], [-1.84233, 48.678068], [-1.842796, 48.677962], [-1.84309, 48.677802], [-1.843181, 48.677848], [-1.843429, 48.677788], [-1.843689, 48.677768], [-1.844125, 48.677694], [-1.844593, 48.677488], [-1.845249, 48.677069], [-1.846065, 48.67642], [-1.84627, 48.676312], [-1.846714, 48.675976], [-1.847073, 48.675621], [-1.84703, 48.675595], [-1.847504, 48.674903], [-1.847597, 48.674689], [-1.847628, 48.674229], [-1.847601, 48.674126], [-1.847603, 48.673753], [-1.847658, 48.673698], [-1.847545, 48.673596], [-1.847565, 48.673518], [-1.847734, 48.673497], [-1.847917, 48.673556], [-1.848191, 48.673434], [-1.848182, 48.673318], [-1.8483, 48.673238], [-1.848386, 48.673448], [-1.848721, 48.673421], [-1.848926, 48.673447], [-1.849065, 48.673405], [-1.849402, 48.673196], [-1.849847, 48.673012], [-1.850207, 48.672735], [-1.850299, 48.672552], [-1.851298, 48.670862], [-1.851062, 48.670808], [-1.851494, 48.670484], [-1.851626, 48.669992], [-1.851721, 48.668528], [-1.851705, 48.668358], [-1.851828, 48.668362], [-1.851722, 48.670006], [-1.851622, 48.670398], [-1.85189, 48.670783], [-1.852933, 48.671029], [-1.853272, 48.671016], [-1.853411, 48.671046], [-1.853939, 48.670871], [-1.85397, 48.670915], [-1.854973, 48.670577], [-1.855206, 48.670603], [-1.855082, 48.670437], [-1.855518, 48.670293], [-1.856013, 48.670057], [-1.857489, 48.669104], [-1.857499, 48.669068], [-1.856973, 48.668098], [-1.857042, 48.668104], [-1.857585, 48.669109], [-1.85773, 48.669067], [-1.857821, 48.669163], [-1.859297, 48.668796], [-1.860148, 48.668734], [-1.860904, 48.668668], [-1.861131, 48.668622], [-1.86167, 48.668276], [-1.862253, 48.667955], [-1.862385, 48.667913], [-1.862604, 48.667778], [-1.862863, 48.667497], [-1.863221, 48.666816], [-1.863514, 48.666308], [-1.863623, 48.666159], [-1.863835, 48.665664], [-1.863938, 48.665164], [-1.863915, 48.664624], [-1.863786, 48.664436], [-1.863983, 48.664212], [-1.86422, 48.664042], [-1.864365, 48.663784], [-1.864657, 48.663486], [-1.864786, 48.663309], [-1.864759, 48.663063], [-1.864702, 48.662884], [-1.864672, 48.662596], [-1.864586, 48.662446], [-1.864431, 48.662414], [-1.864365, 48.66229], [-1.864269, 48.661852], [-1.864455, 48.661773], [-1.864358, 48.661459], [-1.864226, 48.661124], [-1.86408, 48.660852], [-1.863786, 48.660168], [-1.863479, 48.659649], [-1.863193, 48.659266], [-1.862849, 48.658864], [-1.862809, 48.658659], [-1.862878, 48.658576], [-1.86318, 48.658469], [-1.863321, 48.658367], [-1.863459, 48.658129], [-1.86377, 48.657872], [-1.86384, 48.657732], [-1.863981, 48.657639], [-1.864051, 48.657509], [-1.864261, 48.657288], [-1.864416, 48.657087], [-1.864646, 48.656697], [-1.864716, 48.65644], [-1.864855, 48.656209], [-1.864882, 48.655797], [-1.864778, 48.655651], [-1.864737, 48.655474], [-1.864612, 48.655229], [-1.864717, 48.655086], [-1.865011, 48.654838], [-1.865245, 48.654694], [-1.865413, 48.654645], [-1.86578, 48.654351], [-1.866313, 48.654232], [-1.866434, 48.654155], [-1.8665, 48.653979], [-1.866806, 48.653752], [-1.866946, 48.653606], [-1.867487, 48.653244], [-1.867749, 48.652885], [-1.867925, 48.652772], [-1.868319, 48.652603], [-1.868418, 48.652644], [-1.868681, 48.652552], [-1.86877, 48.652188], [-1.868663, 48.652026], [-1.868762, 48.651886], [-1.868936, 48.651759], [-1.869032, 48.651502], [-1.868956, 48.65143], [-1.86907, 48.651195], [-1.869069, 48.651065], [-1.869199, 48.650755], [-1.869136, 48.650717], [-1.869063, 48.650444], [-1.869037, 48.650164], [-1.868864, 48.64998], [-1.868795, 48.649685], [-1.868678, 48.649529], [-1.868517, 48.649156], [-1.868612, 48.648947], [-1.868905, 48.648704], [-1.869126, 48.648609], [-1.869387, 48.648584], [-1.869694, 48.648448], [-1.870037, 48.64835], [-1.870205, 48.648264], [-1.870677, 48.648125], [-1.871014, 48.648108], [-1.8713, 48.647924], [-1.871439, 48.647782], [-1.871639, 48.647642], [-1.87187, 48.647555], [-1.872033, 48.64736], [-1.872183, 48.646984], [-1.87218, 48.646714], [-1.872134, 48.646404], [-1.871583, 48.645874], [-1.871503, 48.645746], [-1.871293, 48.645267], [-1.870951, 48.644713], [-1.870648, 48.644343], [-1.870408, 48.644093], [-1.870043, 48.643665], [-1.870225, 48.643288], [-1.870243, 48.643044], [-1.870165, 48.642794], [-1.870103, 48.642778], [-1.869853, 48.642521], [-1.869506, 48.642078], [-1.869181, 48.641599], [-1.869527, 48.641928], [-1.869606, 48.641898], [-1.869268, 48.641191], [-1.869225, 48.640877], [-1.869139, 48.640538], [-1.86905, 48.640308], [-1.869007, 48.639994], [-1.868924, 48.639682], [-1.868245, 48.639845], [-1.86819, 48.639957], [-1.868022, 48.64002], [-1.86763, 48.63996], [-1.8673, 48.639766], [-1.867061, 48.639244], [-1.866892, 48.639035], [-1.866559, 48.638382], [-1.866403, 48.638028], [-1.865933, 48.637209], [-1.865662, 48.636787], [-1.865104, 48.636044], [-1.864827, 48.635695], [-1.86433, 48.635039], [-1.864038, 48.634673], [-1.86365, 48.634157], [-1.863296, 48.633712], [-1.863031, 48.633344], [-1.862755, 48.633013], [-1.862731, 48.632897], [-1.863484, 48.632668], [-1.864405, 48.632333], [-1.864385, 48.63227], [-1.863889, 48.631615], [-1.863667, 48.631272], [-1.863139, 48.630564], [-1.862846, 48.630189], [-1.862224, 48.629502], [-1.861736, 48.628927], [-1.861259, 48.628325], [-1.86091, 48.627942], [-1.860202, 48.627341], [-1.859563, 48.626763], [-1.858951, 48.626166], [-1.857941, 48.625252], [-1.857744, 48.625035], [-1.857432, 48.624741], [-1.857375, 48.624716], [-1.857146, 48.624794], [-1.856609, 48.625029], [-1.856341, 48.625026], [-1.856193, 48.624956], [-1.855612, 48.624562], [-1.85535, 48.624312], [-1.855029, 48.623911], [-1.854863, 48.623574], [-1.854727, 48.623363], [-1.854505, 48.623116], [-1.854241, 48.622915], [-1.853587, 48.622513], [-1.853083, 48.622121], [-1.852815, 48.621949], [-1.852255, 48.621662], [-1.851026, 48.621097], [-1.850231, 48.620702], [-1.849526, 48.620269], [-1.849132, 48.61997], [-1.848881, 48.619755], [-1.848743, 48.619733], [-1.848502, 48.619626], [-1.848383, 48.619523], [-1.847922, 48.619235], [-1.847626, 48.618977], [-1.847443, 48.618768], [-1.847424, 48.618562], [-1.847517, 48.618242], [-1.847508, 48.617999], [-1.847439, 48.61784], [-1.847439, 48.617696], [-1.847526, 48.617534], [-1.847355, 48.617423], [-1.847127, 48.617411], [-1.847039, 48.617487], [-1.846649, 48.617232], [-1.846412, 48.617026], [-1.845857, 48.61676], [-1.845769, 48.616691], [-1.845842, 48.616598], [-1.845582, 48.61639], [-1.845244, 48.616451], [-1.845099, 48.616349], [-1.844874, 48.616268], [-1.844139, 48.616551], [-1.843642, 48.61676], [-1.843102, 48.616953], [-1.843001, 48.617014], [-1.842727, 48.617014], [-1.84221, 48.616773], [-1.841847, 48.616684], [-1.841533, 48.616359], [-1.841392, 48.61626], [-1.841196, 48.616213], [-1.840972, 48.616223], [-1.840879, 48.616017], [-1.840655, 48.61583], [-1.840552, 48.615698], [-1.840499, 48.615498], [-1.840343, 48.615335], [-1.839976, 48.615188], [-1.839962, 48.614891], [-1.840039, 48.614257], [-1.840009, 48.613925], [-1.839823, 48.613824], [-1.838927, 48.613545], [-1.838564, 48.613443], [-1.837651, 48.613264], [-1.83624, 48.613006], [-1.835302, 48.612855], [-1.833055, 48.61236], [-1.831873, 48.612075], [-1.831652, 48.612039], [-1.831626, 48.612124], [-1.831319, 48.612138], [-1.831143, 48.612025], [-1.83098, 48.612023], [-1.830769, 48.611948], [-1.830508, 48.611905], [-1.830081, 48.611754], [-1.829957, 48.611797], [-1.829721, 48.61173], [-1.829521, 48.611729], [-1.829528, 48.611598], [-1.82914, 48.611734], [-1.828709, 48.611641], [-1.828559, 48.611519], [-1.828274, 48.611454], [-1.828226, 48.611536], [-1.827634, 48.611397], [-1.827258, 48.611324], [-1.827086, 48.611351], [-1.826359, 48.611214], [-1.826247, 48.611145], [-1.826004, 48.611135], [-1.825906, 48.611049], [-1.825673, 48.610951], [-1.825531, 48.61078], [-1.825354, 48.610902], [-1.824676, 48.610918], [-1.824456, 48.610891], [-1.823884, 48.610756], [-1.823354, 48.610595], [-1.823367, 48.610534], [-1.823725, 48.610649], [-1.824142, 48.610739], [-1.824338, 48.610686], [-1.825028, 48.610782], [-1.825179, 48.61067], [-1.824348, 48.610497], [-1.822441, 48.61016], [-1.820669, 48.609808], [-1.82023, 48.609754], [-1.818534, 48.609498], [-1.817228, 48.609181], [-1.816396, 48.609008], [-1.814684, 48.608708], [-1.813737, 48.608611], [-1.811422, 48.608263], [-1.81091, 48.608157], [-1.809368, 48.60794], [-1.808133, 48.60781], [-1.807437, 48.607784], [-1.80636, 48.607602], [-1.805405, 48.607551], [-1.804034, 48.607426], [-1.802973, 48.607262], [-1.802211, 48.607103], [-1.801553, 48.60704], [-1.80116, 48.607055], [-1.800762, 48.607008], [-1.80058, 48.606953], [-1.800295, 48.606964], [-1.799721, 48.606924], [-1.796759, 48.606629], [-1.795759, 48.606543], [-1.793017, 48.606284], [-1.791851, 48.60616], [-1.791399, 48.606124], [-1.790873, 48.606164], [-1.790569, 48.606113], [-1.789552, 48.605983], [-1.788464, 48.605828], [-1.787518, 48.605731], [-1.786307, 48.605563], [-1.785703, 48.605498], [-1.784625, 48.605298], [-1.782839, 48.604937], [-1.782721, 48.604987], [-1.782613, 48.605289], [-1.782394, 48.605721], [-1.782345, 48.60593], [-1.782213, 48.605971], [-1.7821, 48.605922], [-1.780675, 48.605646], [-1.780773, 48.605381], [-1.78098, 48.604967], [-1.781099, 48.604637], [-1.781021, 48.604523], [-1.780453, 48.604411], [-1.78016, 48.604324], [-1.779134, 48.604104], [-1.776275, 48.603597], [-1.775671, 48.603522], [-1.775016, 48.603494], [-1.773069, 48.603455], [-1.772962, 48.603468], [-1.772889, 48.603715], [-1.772618, 48.604167], [-1.772148, 48.604528], [-1.77161, 48.604433], [-1.771384, 48.604343], [-1.771242, 48.604421], [-1.770774, 48.604214], [-1.770426, 48.604273], [-1.769158, 48.60363], [-1.76927, 48.603517], [-1.769056, 48.603256], [-1.76893, 48.602909], [-1.768897, 48.602703], [-1.768763, 48.602276], [-1.768632, 48.602225], [-1.768489, 48.602252], [-1.768389, 48.602345], [-1.768254, 48.602371], [-1.768095, 48.602402], [-1.768131, 48.602491], [-1.768028, 48.602558], [-1.767786, 48.602441], [-1.767638, 48.602409], [-1.767523, 48.602533], [-1.767433, 48.603041], [-1.767456, 48.60314], [-1.767942, 48.603553], [-1.768287, 48.603755], [-1.768744, 48.603998], [-1.769343, 48.604163], [-1.769597, 48.604414], [-1.769748, 48.604733], [-1.769948, 48.604833], [-1.770002, 48.604984], [-1.769963, 48.605148], [-1.76969, 48.605438], [-1.769315, 48.605642], [-1.767697, 48.605933], [-1.766773, 48.606087], [-1.765995, 48.605748], [-1.762993, 48.604418], [-1.762872, 48.604125], [-1.762738, 48.603707], [-1.762359, 48.603722], [-1.760761, 48.603624], [-1.760149, 48.603622], [-1.759623, 48.603661], [-1.758855, 48.603736], [-1.758215, 48.603726], [-1.757723, 48.603692], [-1.75729, 48.603709], [-1.756752, 48.603766], [-1.75564, 48.603946], [-1.754406, 48.604275], [-1.753644, 48.604404], [-1.753137, 48.604506], [-1.751733, 48.60476], [-1.75093, 48.604891], [-1.750057, 48.605007], [-1.749005, 48.605094], [-1.748332, 48.605166], [-1.747651, 48.605302], [-1.747456, 48.6054], [-1.747172, 48.605411], [-1.747281, 48.605109], [-1.747206, 48.60504], [-1.745415, 48.605211], [-1.743614, 48.605283], [-1.741382, 48.60539], [-1.738792, 48.605448], [-1.736394, 48.605534], [-1.732224, 48.6057], [-1.729582, 48.605778], [-1.728022, 48.605813], [-1.724744, 48.605926], [-1.724651, 48.605947], [-1.723675, 48.605977], [-1.723525, 48.606271], [-1.723411, 48.606213], [-1.723372, 48.606079], [-1.723268, 48.605975], [-1.722995, 48.605968], [-1.721601, 48.606023], [-1.720803, 48.606064], [-1.719074, 48.606187], [-1.717516, 48.606231], [-1.715295, 48.606319], [-1.711993, 48.606468], [-1.710869, 48.606503], [-1.71081, 48.606451], [-1.710611, 48.606504], [-1.709488, 48.606567], [-1.708084, 48.606658], [-1.707016, 48.606719], [-1.706018, 48.606803], [-1.705504, 48.606833], [-1.70436, 48.60695], [-1.702931, 48.607079], [-1.701207, 48.607255], [-1.698337, 48.607675], [-1.69748, 48.607808], [-1.696557, 48.60797], [-1.694148, 48.608381], [-1.691234, 48.608928], [-1.689622, 48.60928], [-1.689435, 48.609315], [-1.689571, 48.609467], [-1.68975, 48.609319], [-1.689863, 48.609412], [-1.689962, 48.609347], [-1.690336, 48.609421], [-1.689884, 48.609539], [-1.689387, 48.60963], [-1.688495, 48.609842], [-1.687591, 48.609944], [-1.687152, 48.610025], [-1.686543, 48.610106], [-1.685887, 48.610215], [-1.685012, 48.610276], [-1.684331, 48.610353], [-1.683679, 48.610385], [-1.683378, 48.610437], [-1.682589, 48.610624], [-1.682411, 48.610652], [-1.681697, 48.610645], [-1.681174, 48.610668], [-1.680436, 48.610725], [-1.680044, 48.610713], [-1.679778, 48.610729], [-1.679229, 48.610813], [-1.678813, 48.610949], [-1.678761, 48.610911], [-1.678326, 48.610971], [-1.677339, 48.611026], [-1.67725, 48.610984], [-1.67698, 48.610977], [-1.676278, 48.611121], [-1.675802, 48.611148], [-1.675011, 48.611172], [-1.674487, 48.611254], [-1.674255, 48.611246], [-1.674068, 48.611193], [-1.67406, 48.611082], [-1.67345, 48.611058], [-1.673018, 48.611083], [-1.672542, 48.61108], [-1.672201, 48.611058], [-1.671875, 48.611104], [-1.671652, 48.611186], [-1.671528, 48.611349], [-1.671268, 48.611469], [-1.671091, 48.611462], [-1.670952, 48.611321], [-1.670897, 48.611652], [-1.670694, 48.611721], [-1.670624, 48.611636], [-1.670691, 48.611266], [-1.670695, 48.61111], [-1.670618, 48.611015], [-1.670342, 48.611003], [-1.669457, 48.611111], [-1.668859, 48.611159], [-1.66844, 48.611166], [-1.668285, 48.611147], [-1.66762, 48.611142], [-1.667192, 48.611036], [-1.667145, 48.610926], [-1.667528, 48.611058], [-1.66775, 48.611078], [-1.668451, 48.611071], [-1.668809, 48.611004], [-1.669532, 48.610973], [-1.669574, 48.610902], [-1.669219, 48.610732], [-1.668471, 48.610571], [-1.667683, 48.610414], [-1.667121, 48.61021], [-1.666124, 48.610006], [-1.665661, 48.609988], [-1.665118, 48.609992], [-1.662668, 48.610403], [-1.660675, 48.61076], [-1.656417, 48.611468], [-1.655347, 48.611663], [-1.652777, 48.612106], [-1.649832, 48.612608], [-1.647064, 48.613104], [-1.643784, 48.613665], [-1.640932, 48.614145], [-1.637427, 48.614769], [-1.634937, 48.61519], [-1.631108, 48.615844], [-1.624818, 48.616936], [-1.622487, 48.617324], [-1.615675, 48.618507], [-1.612221, 48.619101], [-1.60937, 48.619599], [-1.605742, 48.620226], [-1.602129, 48.62087], [-1.598384, 48.621547], [-1.591245, 48.622741], [-1.588648, 48.623194], [-1.574364, 48.625689], [-1.570911, 48.626299], [-1.570037, 48.625473], [-1.569209, 48.624794], [-1.568101, 48.623868], [-1.56797, 48.623676], [-1.566351, 48.620886], [-1.566041, 48.620384], [-1.565594, 48.619622], [-1.565642, 48.619514], [-1.565718, 48.618394], [-1.565941, 48.614395], [-1.565549, 48.614358], [-1.562533, 48.612965], [-1.561081, 48.612311], [-1.559076, 48.611374], [-1.55599, 48.609948], [-1.554638, 48.609335], [-1.554807, 48.609192], [-1.553544, 48.608817], [-1.550455, 48.60792], [-1.547329, 48.607036], [-1.545962, 48.606631], [-1.544014, 48.606077], [-1.544392, 48.605616], [-1.546155, 48.603396], [-1.546841, 48.601466], [-1.544595, 48.601031], [-1.543739, 48.600853], [-1.539234, 48.599969], [-1.538347, 48.599789], [-1.538022, 48.599688], [-1.537799, 48.599578], [-1.537661, 48.599439], [-1.537255, 48.598926], [-1.537513, 48.598438], [-1.538899, 48.59613], [-1.539111, 48.595755], [-1.539539, 48.595061], [-1.542176, 48.590644], [-1.542494, 48.590129], [-1.54304, 48.589205], [-1.544274, 48.587133], [-1.544288, 48.58706], [-1.544066, 48.585799], [-1.543425, 48.581861], [-1.543108, 48.579933], [-1.542896, 48.579988], [-1.542667, 48.579912], [-1.542397, 48.579685], [-1.542154, 48.579637], [-1.540984, 48.579562], [-1.540198, 48.579544], [-1.539476, 48.579654], [-1.538958, 48.579753], [-1.538325, 48.579834], [-1.537415, 48.580004], [-1.536835, 48.580173], [-1.536168, 48.580337], [-1.535479, 48.580649], [-1.534923, 48.580802], [-1.534553, 48.580927], [-1.53428, 48.580983], [-1.533928, 48.581009], [-1.533456, 48.580979], [-1.532598, 48.581043], [-1.532378, 48.581034], [-1.531626, 48.580929], [-1.53142, 48.580776], [-1.531329, 48.580659], [-1.53043, 48.580034], [-1.529797, 48.579478], [-1.529039, 48.579167], [-1.528775, 48.579018], [-1.528537, 48.578921], [-1.528164, 48.578859], [-1.527936, 48.578821], [-1.527396, 48.577059], [-1.527643, 48.576981], [-1.528329, 48.576592], [-1.528436, 48.576388], [-1.528585, 48.576003], [-1.528538, 48.575665], [-1.528347, 48.574954], [-1.527761, 48.574345], [-1.527574, 48.574095], [-1.527133, 48.573429], [-1.526759, 48.572958], [-1.526443, 48.572617], [-1.52619, 48.572392], [-1.525503, 48.571952], [-1.524496, 48.57166], [-1.524159, 48.57149], [-1.523936, 48.571343], [-1.522785, 48.570857], [-1.522686, 48.570641], [-1.522418, 48.570163], [-1.521935, 48.569523], [-1.521511, 48.569095], [-1.521015, 48.568722], [-1.520471, 48.568286], [-1.519906, 48.567779], [-1.519417, 48.567258], [-1.518967, 48.56667], [-1.519326, 48.566385], [-1.519717, 48.566112], [-1.52009, 48.565886], [-1.520556, 48.565497], [-1.520635, 48.565319], [-1.521222, 48.565009], [-1.521434, 48.564776], [-1.521741, 48.564536], [-1.522094, 48.564059], [-1.522207, 48.563779], [-1.522297, 48.563657], [-1.52243, 48.563581], [-1.52305, 48.563869], [-1.523346, 48.564038], [-1.523877, 48.56442], [-1.524245, 48.564798], [-1.524507, 48.565143], [-1.524983, 48.565298], [-1.525307, 48.56543], [-1.525852, 48.565549], [-1.526348, 48.565751], [-1.526782, 48.565738], [-1.526981, 48.565637], [-1.527278, 48.5654], [-1.527347, 48.565184], [-1.527355, 48.564788], [-1.527401, 48.564636], [-1.527355, 48.564481], [-1.527185, 48.564167], [-1.527122, 48.56388], [-1.526956, 48.563579], [-1.526845, 48.563452], [-1.526224, 48.563135], [-1.52601, 48.56306], [-1.525198, 48.563005], [-1.524807, 48.563062], [-1.524451, 48.563269], [-1.524274, 48.563304], [-1.524053, 48.563257], [-1.523812, 48.563149], [-1.523645, 48.563027], [-1.523463, 48.562818], [-1.5234, 48.562631], [-1.523502, 48.562379], [-1.523683, 48.56223], [-1.524316, 48.56202], [-1.524601, 48.562041], [-1.525023, 48.562163], [-1.525462, 48.56222], [-1.526054, 48.562192], [-1.52726, 48.561896], [-1.527414, 48.561733], [-1.527976, 48.561212], [-1.528769, 48.560715], [-1.529377, 48.560223], [-1.529491, 48.56008], [-1.529491, 48.559928], [-1.529345, 48.559704], [-1.528695, 48.559358], [-1.528658, 48.559269], [-1.529045, 48.55912], [-1.528884, 48.558902], [-1.528046, 48.558041], [-1.527486, 48.557415], [-1.527256, 48.557239], [-1.52642, 48.556722], [-1.526561, 48.556656], [-1.52715, 48.556233], [-1.528531, 48.555326], [-1.528795, 48.55521], [-1.528986, 48.55517], [-1.529389, 48.555165], [-1.529625, 48.555117], [-1.529724, 48.55503], [-1.530283, 48.554118], [-1.530395, 48.554018], [-1.530588, 48.553956], [-1.531466, 48.553799], [-1.531977, 48.553724], [-1.532286, 48.553661], [-1.532937, 48.553426], [-1.533513, 48.553244], [-1.533599, 48.552474], [-1.533596, 48.552174], [-1.533643, 48.551871], [-1.533697, 48.551743], [-1.534085, 48.551239], [-1.534182, 48.551002], [-1.534451, 48.550778], [-1.534601, 48.550536], [-1.534633, 48.550243], [-1.534245, 48.550274], [-1.534104, 48.549713], [-1.534018, 48.549303], [-1.533418, 48.547595], [-1.532959, 48.546156], [-1.532821, 48.54618], [-1.531666, 48.54659], [-1.531352, 48.546732], [-1.531009, 48.54665], [-1.530728, 48.546554], [-1.530357, 48.546525], [-1.529868, 48.546411], [-1.529755, 48.546343], [-1.529375, 48.546007], [-1.5296, 48.544716], [-1.52975, 48.544355], [-1.529886, 48.544128], [-1.529761, 48.54406], [-1.527098, 48.542884], [-1.526432, 48.54261], [-1.52602, 48.542648], [-1.52481, 48.542457], [-1.523783, 48.542241], [-1.522958, 48.541988], [-1.522547, 48.54178], [-1.522237, 48.541645], [-1.522035, 48.541427], [-1.521929, 48.541411], [-1.521133, 48.541612], [-1.521231, 48.541286], [-1.521289, 48.540886], [-1.521059, 48.540843], [-1.521173, 48.540409], [-1.521127, 48.540249], [-1.520911, 48.540031], [-1.520288, 48.539936], [-1.520122, 48.539926], [-1.520222, 48.539704], [-1.520436, 48.539068], [-1.520554, 48.538784], [-1.520444, 48.538691], [-1.520102, 48.538651], [-1.519865, 48.53853], [-1.519563, 48.538603], [-1.519367, 48.538535], [-1.519217, 48.53859], [-1.518894, 48.538593], [-1.518754, 48.538432], [-1.518631, 48.538373], [-1.518292, 48.538421], [-1.517843, 48.538196], [-1.51778, 48.53807], [-1.517528, 48.538104], [-1.517363, 48.538059], [-1.51713, 48.53786], [-1.51668, 48.537617], [-1.516463, 48.537683], [-1.516233, 48.537704], [-1.515815, 48.537657], [-1.515669, 48.537492], [-1.516309, 48.5374], [-1.516491, 48.537347], [-1.5167, 48.537207], [-1.517115, 48.536793], [-1.517288, 48.536424], [-1.517443, 48.536224], [-1.517894, 48.535724], [-1.518194, 48.535487], [-1.5187, 48.535124], [-1.518877, 48.534856], [-1.518957, 48.534493], [-1.518874, 48.534047], [-1.518808, 48.533521], [-1.518812, 48.533265], [-1.518762, 48.533097], [-1.518676, 48.533031], [-1.518365, 48.532916], [-1.517686, 48.532831], [-1.517171, 48.532779], [-1.517001, 48.532728], [-1.51678, 48.53259], [-1.516746, 48.532418], [-1.516826, 48.532138], [-1.516936, 48.531936], [-1.517358, 48.531329], [-1.517767, 48.530852], [-1.517895, 48.530468], [-1.5179, 48.529931], [-1.517863, 48.5298], [-1.517726, 48.529573], [-1.517455, 48.529317], [-1.517293, 48.529274], [-1.51688, 48.529278], [-1.516479, 48.529395], [-1.516285, 48.529531], [-1.516188, 48.529692], [-1.516102, 48.529952], [-1.515965, 48.530236], [-1.515858, 48.530368], [-1.51565, 48.530454], [-1.515455, 48.530439], [-1.515303, 48.530335], [-1.514532, 48.529234], [-1.514206, 48.528825], [-1.514144, 48.528558], [-1.51415, 48.528344], [-1.514113, 48.528168], [-1.513986, 48.528071], [-1.513466, 48.527794], [-1.513291, 48.527742], [-1.51276, 48.527645], [-1.512268, 48.527479], [-1.511925, 48.527312], [-1.511524, 48.52719], [-1.510962, 48.527086], [-1.510703, 48.526975], [-1.510601, 48.526735], [-1.510623, 48.526605], [-1.51093, 48.526248], [-1.511704, 48.525577], [-1.512247, 48.525232], [-1.512478, 48.524918], [-1.512418, 48.524696], [-1.512092, 48.524225], [-1.511881, 48.523836], [-1.511745, 48.523715], [-1.5116, 48.523674], [-1.510924, 48.523571], [-1.510538, 48.523488], [-1.510063, 48.523153], [-1.509831, 48.523056], [-1.509444, 48.522986], [-1.50924, 48.523035], [-1.508431, 48.523358], [-1.508246, 48.523354], [-1.508075, 48.523256], [-1.507968, 48.523139], [-1.507849, 48.522834], [-1.507641, 48.521824], [-1.507533, 48.521527], [-1.507294, 48.521094], [-1.507183, 48.520718], [-1.507316, 48.520156], [-1.507219, 48.519894], [-1.50696, 48.51966], [-1.506583, 48.519371], [-1.506296, 48.519108], [-1.506044, 48.51902], [-1.505653, 48.519037], [-1.505519, 48.519084], [-1.505017, 48.519349], [-1.504647, 48.519347], [-1.504434, 48.519293], [-1.504147, 48.519136], [-1.503973, 48.518964], [-1.503968, 48.518865], [-1.504046, 48.518656], [-1.50436, 48.518323], [-1.504953, 48.517937], [-1.505603, 48.517422], [-1.505831, 48.517207], [-1.505985, 48.516994], [-1.506042, 48.516409], [-1.505973, 48.51621], [-1.505425, 48.515919], [-1.505144, 48.515658], [-1.50493, 48.515313], [-1.504755, 48.515194], [-1.504462, 48.515183], [-1.50419, 48.515204], [-1.503962, 48.515279], [-1.503838, 48.515367], [-1.503768, 48.515514], [-1.503757, 48.515735], [-1.504044, 48.516199], [-1.504034, 48.516433], [-1.503969, 48.516525], [-1.50378, 48.516633], [-1.503553, 48.516611], [-1.503321, 48.516469], [-1.502951, 48.515934], [-1.502703, 48.515653], [-1.502153, 48.515106], [-1.501999, 48.514862], [-1.501944, 48.514639], [-1.502151, 48.514046], [-1.502022, 48.513839], [-1.50179, 48.513771], [-1.501088, 48.513704], [-1.500884, 48.513612], [-1.50068, 48.513417], [-1.500521, 48.513117], [-1.500568, 48.512758], [-1.500623, 48.512538], [-1.500513, 48.512246], [-1.500113, 48.511725], [-1.49972, 48.5114], [-1.499386, 48.511203], [-1.499072, 48.511088], [-1.498802, 48.511033], [-1.498394, 48.51083], [-1.498085, 48.510546], [-1.497936, 48.510326], [-1.4978, 48.509896], [-1.497417, 48.509386], [-1.497328, 48.50922], [-1.497365, 48.508732], [-1.497084, 48.508573], [-1.496766, 48.508624], [-1.495979, 48.509035], [-1.495799, 48.509033], [-1.495611, 48.508917], [-1.495558, 48.508684], [-1.495634, 48.508659], [-1.495794, 48.508327], [-1.495856, 48.508135], [-1.495844, 48.507854], [-1.495775, 48.507556], [-1.495621, 48.507425], [-1.495127, 48.507141], [-1.495102, 48.506954], [-1.495168, 48.506854], [-1.495516, 48.506638], [-1.495697, 48.506379], [-1.495644, 48.505982], [-1.495522, 48.505399], [-1.495526, 48.50524], [-1.495606, 48.504861], [-1.495669, 48.504403], [-1.495561, 48.504141], [-1.494893, 48.503358], [-1.494593, 48.502959], [-1.49438, 48.502647], [-1.494258, 48.502405], [-1.494085, 48.501971], [-1.493899, 48.501417], [-1.493855, 48.501153], [-1.493848, 48.500744], [-1.493812, 48.500529], [-1.493719, 48.500338], [-1.493017, 48.499374], [-1.492398, 48.498722], [-1.491844, 48.498216], [-1.491814, 48.497774], [-1.491766, 48.497655], [-1.491593, 48.497416], [-1.491177, 48.497037], [-1.490893, 48.496848], [-1.49066, 48.496729], [-1.490242, 48.496582], [-1.48991, 48.496425], [-1.489722, 48.496177], [-1.489784, 48.495902], [-1.489892, 48.495647], [-1.490091, 48.495263], [-1.490144, 48.494873], [-1.490367, 48.49446], [-1.490387, 48.49425], [-1.490227, 48.493984], [-1.489723, 48.493573], [-1.489617, 48.493437], [-1.489476, 48.493166], [-1.489455, 48.492918], [-1.489878, 48.492579], [-1.489988, 48.492368], [-1.490247, 48.492293], [-1.490717, 48.492313], [-1.49088, 48.492142], [-1.490854, 48.492064], [-1.490568, 48.491679], [-1.490503, 48.491432], [-1.490451, 48.490476], [-1.49042, 48.490193], [-1.490293, 48.489893], [-1.489992, 48.489482], [-1.489922, 48.489316], [-1.487876, 48.490042], [-1.484253, 48.491344], [-1.483987, 48.49126], [-1.483833, 48.491061], [-1.483665, 48.490921], [-1.483644, 48.49081], [-1.483702, 48.490699], [-1.483922, 48.490469], [-1.48392, 48.490298], [-1.483827, 48.490155], [-1.483506, 48.489991], [-1.483366, 48.489962], [-1.483195, 48.489833], [-1.48319, 48.489657], [-1.483397, 48.489237], [-1.483375, 48.488951], [-1.483171, 48.488259], [-1.483082, 48.488084], [-1.482993, 48.487801], [-1.482704, 48.487378], [-1.482484, 48.487146], [-1.482278, 48.486844], [-1.481571, 48.486884], [-1.481101, 48.48682], [-1.480511, 48.486938], [-1.480333, 48.48717], [-1.48015, 48.487219], [-1.47988, 48.487186], [-1.479631, 48.487203], [-1.479361, 48.487113], [-1.478897, 48.486924], [-1.478674, 48.486909], [-1.478353, 48.486751], [-1.478091, 48.486698], [-1.477836, 48.486583], [-1.477872, 48.486352], [-1.477466, 48.486175], [-1.477087, 48.486069], [-1.47695, 48.485991], [-1.476833, 48.486024], [-1.476519, 48.485928], [-1.476224, 48.485914], [-1.476028, 48.485839], [-1.47573, 48.485806], [-1.475568, 48.485871], [-1.475333, 48.485714], [-1.475093, 48.48567], [-1.474696, 48.485544], [-1.474346, 48.485486], [-1.474127, 48.485382], [-1.473823, 48.48537], [-1.473639, 48.485287], [-1.473433, 48.485372], [-1.473178, 48.485402], [-1.472579, 48.485579], [-1.472278, 48.485766], [-1.472017, 48.485853], [-1.471722, 48.48603], [-1.471555, 48.486177], [-1.471385, 48.486203], [-1.470967, 48.486324], [-1.470859, 48.486453], [-1.47051, 48.486638], [-1.470373, 48.486679], [-1.469906, 48.486747], [-1.469556, 48.486848], [-1.468978, 48.487111], [-1.468773, 48.487183], [-1.468575, 48.487521], [-1.468127, 48.487762], [-1.466994, 48.488232], [-1.46686, 48.488256], [-1.466385, 48.488462], [-1.466174, 48.488471], [-1.465945, 48.488406], [-1.465384, 48.488165], [-1.46515, 48.488093], [-1.464622, 48.487747], [-1.463887, 48.4874], [-1.463711, 48.487176], [-1.463369, 48.486927], [-1.463262, 48.486807], [-1.462884, 48.486555], [-1.462762, 48.486509], [-1.462497, 48.486081], [-1.462502, 48.485936], [-1.462425, 48.485872], [-1.462162, 48.485805], [-1.461967, 48.485558], [-1.461867, 48.485499], [-1.461554, 48.485455], [-1.461044, 48.485217], [-1.460539, 48.485194], [-1.459913, 48.485025], [-1.459867, 48.484909], [-1.459743, 48.484831], [-1.459425, 48.48475], [-1.458769, 48.484832], [-1.458498, 48.484898], [-1.457888, 48.485123], [-1.457397, 48.485381], [-1.45713, 48.485628], [-1.45677, 48.485916], [-1.456472, 48.486191], [-1.456047, 48.486515], [-1.455756, 48.486577], [-1.455426, 48.486728], [-1.455241, 48.486846], [-1.455143, 48.486969], [-1.455118, 48.487113], [-1.455011, 48.487369], [-1.454867, 48.487535], [-1.454475, 48.487652], [-1.454339, 48.487622], [-1.453964, 48.487686], [-1.453815, 48.487641], [-1.452614, 48.487602], [-1.452313, 48.487611], [-1.451984, 48.487567], [-1.451719, 48.487565], [-1.451263, 48.487691], [-1.450691, 48.487633], [-1.450296, 48.487655], [-1.449762, 48.487546], [-1.449427, 48.487353], [-1.449239, 48.487129], [-1.449216, 48.486665], [-1.449126, 48.486546], [-1.448865, 48.486301], [-1.448845, 48.486197], [-1.44893, 48.486022], [-1.448802, 48.485972], [-1.448595, 48.485703], [-1.448411, 48.485507], [-1.448102, 48.485325], [-1.447364, 48.485025], [-1.447243, 48.484879], [-1.447104, 48.484798], [-1.44662, 48.484685], [-1.446188, 48.484538], [-1.446095, 48.48447], [-1.445732, 48.48439], [-1.445445, 48.484175], [-1.445324, 48.484136], [-1.444964, 48.484112], [-1.44436, 48.484199], [-1.444125, 48.484218], [-1.443498, 48.484096], [-1.442829, 48.484008], [-1.442764, 48.484025], [-1.442067, 48.48375], [-1.441816, 48.483596], [-1.441754, 48.483351], [-1.441769, 48.482826], [-1.441749, 48.482591], [-1.441482, 48.48175], [-1.441406, 48.481564], [-1.440983, 48.480869], [-1.440746, 48.480686], [-1.439685, 48.480219], [-1.439037, 48.479917], [-1.437753, 48.479269], [-1.437597, 48.479165], [-1.436572, 48.47865], [-1.436053, 48.478311], [-1.43488, 48.477918], [-1.434975, 48.477808], [-1.435536, 48.477311], [-1.436542, 48.476305], [-1.438869, 48.47392], [-1.439339, 48.473426], [-1.439682, 48.473089], [-1.440545, 48.47237], [-1.44098, 48.471986], [-1.440924, 48.471935], [-1.440717, 48.47163], [-1.440627, 48.471405], [-1.440659, 48.471346], [-1.4409, 48.471298], [-1.440535, 48.471148], [-1.440322, 48.471219], [-1.440218, 48.471085], [-1.4402, 48.470966], [-1.439929, 48.470954], [-1.439942, 48.470814], [-1.439427, 48.470542], [-1.439176, 48.470567], [-1.438946, 48.470336], [-1.438823, 48.470323], [-1.438534, 48.470093], [-1.438107, 48.470016], [-1.438065, 48.469869], [-1.437914, 48.469872], [-1.437808, 48.469791], [-1.437553, 48.469842], [-1.4374, 48.470063], [-1.437198, 48.469954], [-1.437013, 48.469699], [-1.436967, 48.469436], [-1.436795, 48.469225], [-1.436872, 48.469166], [-1.436731, 48.469085], [-1.436953, 48.468962], [-1.436877, 48.468848], [-1.436687, 48.468761], [-1.436619, 48.468859], [-1.436459, 48.468824], [-1.436385, 48.468679], [-1.43623, 48.468615], [-1.436121, 48.468474], [-1.436149, 48.468325], [-1.43585, 48.468239], [-1.436026, 48.468002], [-1.435996, 48.467867], [-1.435834, 48.467663], [-1.435823, 48.467566], [-1.435562, 48.467481], [-1.435409, 48.467377], [-1.435228, 48.467421], [-1.435186, 48.467273], [-1.434833, 48.467144], [-1.434654, 48.467138], [-1.434375, 48.467071], [-1.434463, 48.466929], [-1.434424, 48.466857], [-1.434239, 48.466846], [-1.434008, 48.466729], [-1.433819, 48.466863], [-1.433638, 48.466845], [-1.433332, 48.466723], [-1.433372, 48.466604], [-1.433229, 48.466503], [-1.432977, 48.466534], [-1.432894, 48.466379], [-1.433115, 48.466309], [-1.432986, 48.466169], [-1.432781, 48.466151], [-1.432619, 48.466053], [-1.432108, 48.465965], [-1.431775, 48.465798], [-1.431424, 48.465684], [-1.431328, 48.465522], [-1.431172, 48.465408], [-1.431071, 48.465395], [-1.43091, 48.465261], [-1.430768, 48.465212], [-1.430794, 48.465107], [-1.430591, 48.465062], [-1.430381, 48.464898], [-1.430302, 48.464768], [-1.430325, 48.464525], [-1.430234, 48.464418], [-1.430189, 48.464242], [-1.430038, 48.464225], [-1.429859, 48.464009], [-1.429937, 48.463922], [-1.429925, 48.463776], [-1.42972, 48.463796], [-1.42966, 48.463637], [-1.429512, 48.463461], [-1.429689, 48.463397], [-1.429664, 48.463283], [-1.429502, 48.46317], [-1.429597, 48.463007], [-1.429859, 48.462928], [-1.42974, 48.462842], [-1.429754, 48.462739], [-1.429645, 48.462571], [-1.429332, 48.46237], [-1.429265, 48.462241], [-1.429105, 48.462217], [-1.429, 48.462133], [-1.428787, 48.462094], [-1.428721, 48.461984], [-1.428525, 48.461956], [-1.428206, 48.461788], [-1.427999, 48.461735], [-1.427459, 48.461725], [-1.426967, 48.461686], [-1.426743, 48.461727], [-1.426237, 48.461722], [-1.425967, 48.461623], [-1.425548, 48.461504], [-1.425074, 48.461421], [-1.424854, 48.461306], [-1.424703, 48.461294], [-1.424375, 48.461173], [-1.424212, 48.461066], [-1.423908, 48.460919], [-1.423666, 48.460854], [-1.423449, 48.460754], [-1.422955, 48.460622], [-1.422542, 48.460542], [-1.422145, 48.460435], [-1.421903, 48.460344], [-1.421629, 48.460307], [-1.421251, 48.460317], [-1.420453, 48.46027], [-1.420201, 48.460298], [-1.419617, 48.460319], [-1.419624, 48.460394], [-1.419395, 48.460636], [-1.419305, 48.460888], [-1.419403, 48.461327], [-1.419375, 48.461443], [-1.419228, 48.461452], [-1.419142, 48.46154], [-1.418847, 48.461693], [-1.418742, 48.461797], [-1.418552, 48.461859], [-1.418159, 48.461919], [-1.417674, 48.461931], [-1.417449, 48.462035], [-1.417225, 48.462222], [-1.416685, 48.462257], [-1.416418, 48.462447], [-1.416057, 48.462577], [-1.415981, 48.462762], [-1.415718, 48.462725], [-1.415522, 48.462825], [-1.41534, 48.462825], [-1.41526, 48.462885], [-1.415043, 48.462841], [-1.414872, 48.462886], [-1.414518, 48.462712], [-1.41448, 48.462552], [-1.414382, 48.462528], [-1.414377, 48.462343], [-1.414278, 48.462263], [-1.414112, 48.462256], [-1.414012, 48.462093], [-1.413922, 48.462057], [-1.414005, 48.461938], [-1.413872, 48.461821], [-1.413914, 48.461723], [-1.413644, 48.461541], [-1.4138, 48.461464], [-1.413751, 48.461382], [-1.413475, 48.461346], [-1.413348, 48.461384], [-1.413091, 48.461265], [-1.412864, 48.461266], [-1.412736, 48.461162], [-1.412598, 48.461194], [-1.412237, 48.461106], [-1.412218, 48.460998], [-1.412095, 48.460985], [-1.411882, 48.461043], [-1.41165, 48.460859], [-1.41136, 48.460739], [-1.411239, 48.46065], [-1.411053, 48.460594], [-1.410908, 48.460648], [-1.410713, 48.460504], [-1.410412, 48.460561], [-1.41014, 48.460665], [-1.409972, 48.460611], [-1.409829, 48.460647], [-1.409715, 48.460538], [-1.409411, 48.460381], [-1.409221, 48.460336], [-1.409128, 48.46039], [-1.408204, 48.460046], [-1.40812, 48.460033], [-1.407678, 48.460157], [-1.407556, 48.460089], [-1.407277, 48.460284], [-1.407075, 48.46036], [-1.407115, 48.460472], [-1.406989, 48.460495], [-1.406754, 48.460612], [-1.406713, 48.460725], [-1.406795, 48.460883], [-1.406598, 48.460979], [-1.406284, 48.460949], [-1.405875, 48.460963], [-1.405664, 48.460891], [-1.405535, 48.460915], [-1.40554, 48.461036], [-1.4054, 48.461197], [-1.405189, 48.461218], [-1.405075, 48.461306], [-1.404659, 48.461266], [-1.404665, 48.461423], [-1.404356, 48.461465], [-1.404445, 48.46162], [-1.404308, 48.461699], [-1.404148, 48.461713], [-1.403871, 48.461608], [-1.403637, 48.461644], [-1.403708, 48.461487], [-1.403506, 48.461503], [-1.403386, 48.461459], [-1.403404, 48.461266], [-1.403092, 48.461201], [-1.403088, 48.461377], [-1.402771, 48.461327], [-1.40236, 48.461328], [-1.40223, 48.461247], [-1.401909, 48.461192], [-1.401693, 48.461078], [-1.401628, 48.460964], [-1.401264, 48.460974], [-1.40102, 48.461082], [-1.401215, 48.461148], [-1.400974, 48.461229], [-1.400798, 48.461177], [-1.400554, 48.461192], [-1.400397, 48.461146], [-1.400426, 48.46107], [-1.400602, 48.461004], [-1.400462, 48.460925], [-1.400232, 48.460896], [-1.399891, 48.460965], [-1.399934, 48.461072], [-1.399733, 48.461096], [-1.399695, 48.461016], [-1.399479, 48.461018], [-1.399501, 48.461192], [-1.399305, 48.46142], [-1.399122, 48.461516], [-1.39906, 48.461616], [-1.398898, 48.461724], [-1.39854, 48.461745], [-1.398458, 48.461609], [-1.398299, 48.46162], [-1.398115, 48.462027], [-1.398213, 48.462199], [-1.397986, 48.462314], [-1.397733, 48.462324], [-1.397672, 48.462211], [-1.397274, 48.462191], [-1.39716, 48.462269], [-1.397025, 48.462227], [-1.396364, 48.461683], [-1.396134, 48.461135], [-1.395242, 48.460761], [-1.394872, 48.460838], [-1.394212, 48.461264], [-1.393888, 48.461286], [-1.393596, 48.461356], [-1.39332, 48.46129], [-1.393034, 48.461133], [-1.392616, 48.461132], [-1.392466, 48.461048], [-1.392246, 48.46083], [-1.391911, 48.460635], [-1.391806, 48.460536], [-1.391525, 48.460514], [-1.39139, 48.460387], [-1.391387, 48.460266], [-1.391533, 48.460158], [-1.391426, 48.460031], [-1.391064, 48.459907], [-1.390903, 48.459788], [-1.390697, 48.45977], [-1.390596, 48.459809], [-1.390435, 48.459765], [-1.390255, 48.459784], [-1.390221, 48.459669], [-1.389999, 48.459663], [-1.389643, 48.459506], [-1.389395, 48.459297], [-1.389247, 48.459131], [-1.389007, 48.459037], [-1.388814, 48.458829], [-1.38873, 48.458668], [-1.388594, 48.458578], [-1.388522, 48.45846], [-1.38827, 48.458352], [-1.388006, 48.458173], [-1.387905, 48.457982], [-1.387761, 48.457922], [-1.387379, 48.457993], [-1.387503, 48.458115], [-1.387317, 48.458243], [-1.387139, 48.458179], [-1.387, 48.458212], [-1.386984, 48.458082], [-1.386884, 48.457973], [-1.386704, 48.457877], [-1.386463, 48.457839], [-1.386465, 48.457716], [-1.386136, 48.457486], [-1.386039, 48.457591], [-1.385715, 48.457639], [-1.385242, 48.45754], [-1.385037, 48.457434], [-1.38463, 48.457409], [-1.384624, 48.457336], [-1.384418, 48.457332], [-1.384361, 48.457188], [-1.384253, 48.457216], [-1.384103, 48.457154], [-1.384225, 48.457081], [-1.384082, 48.456991], [-1.383658, 48.456795], [-1.383325, 48.456852], [-1.383255, 48.456749], [-1.383129, 48.456742], [-1.382756, 48.456801], [-1.382375, 48.456768], [-1.382232, 48.45679], [-1.381963, 48.456716], [-1.381798, 48.456769], [-1.381716, 48.456693], [-1.381544, 48.456769], [-1.38141, 48.45676], [-1.381277, 48.456581], [-1.381131, 48.456592], [-1.381076, 48.456399], [-1.380894, 48.456376], [-1.38085, 48.456282], [-1.38089, 48.456126], [-1.380699, 48.455986], [-1.380374, 48.455987], [-1.380367, 48.455833], [-1.38006, 48.455872], [-1.380042, 48.455977], [-1.379812, 48.456055], [-1.379689, 48.456263], [-1.379576, 48.456334], [-1.379305, 48.456271], [-1.379178, 48.456322], [-1.379292, 48.456411], [-1.379208, 48.45647], [-1.378981, 48.456475], [-1.378889, 48.456666], [-1.378955, 48.456919], [-1.378857, 48.457011], [-1.378961, 48.457155], [-1.378792, 48.457235], [-1.37879, 48.45737], [-1.378908, 48.457461], [-1.378886, 48.457611], [-1.378751, 48.457551], [-1.378533, 48.457605], [-1.378615, 48.457741], [-1.378533, 48.457838], [-1.378276, 48.457808], [-1.37817, 48.457959], [-1.377882, 48.458035], [-1.37769, 48.458007], [-1.377386, 48.458216], [-1.377255, 48.458227], [-1.377042, 48.458077], [-1.376786, 48.458125], [-1.376716, 48.458186], [-1.37643, 48.458227], [-1.376296, 48.458405], [-1.376381, 48.45847], [-1.376226, 48.458643], [-1.376193, 48.45875], [-1.376008, 48.458892], [-1.376079, 48.45901], [-1.376045, 48.459093], [-1.375875, 48.459117], [-1.375558, 48.459034], [-1.375301, 48.459032], [-1.375035, 48.459076], [-1.374778, 48.459152], [-1.374421, 48.459119], [-1.374254, 48.459149], [-1.373965, 48.459126], [-1.373379, 48.459385], [-1.373361, 48.45949], [-1.373156, 48.45958], [-1.373043, 48.459571], [-1.372674, 48.459728], [-1.372173, 48.459756], [-1.37203, 48.45989], [-1.371671, 48.459901], [-1.371454, 48.459854], [-1.371369, 48.460053], [-1.37127, 48.460136], [-1.371084, 48.46006], [-1.370973, 48.460176], [-1.370706, 48.460339], [-1.370734, 48.460413], [-1.370588, 48.460533], [-1.370417, 48.460525], [-1.370162, 48.460427], [-1.369912, 48.460453], [-1.369738, 48.460397], [-1.369617, 48.460579], [-1.369713, 48.460862], [-1.369747, 48.461098], [-1.369705, 48.461173], [-1.369296, 48.461378], [-1.369224, 48.461492], [-1.368472, 48.461664], [-1.368203, 48.461786], [-1.368103, 48.461957], [-1.367943, 48.461954], [-1.367713, 48.462072], [-1.367522, 48.462351], [-1.367451, 48.462374], [-1.367336, 48.462593], [-1.367356, 48.462732], [-1.367264, 48.462791], [-1.3673, 48.462969], [-1.367088, 48.463055], [-1.366911, 48.463058], [-1.366976, 48.463427], [-1.36703, 48.463576], [-1.366985, 48.463673], [-1.366807, 48.463782], [-1.366476, 48.464072], [-1.366367, 48.464356], [-1.366233, 48.464443], [-1.366248, 48.464517], [-1.366092, 48.464713], [-1.365994, 48.465102], [-1.366137, 48.465172], [-1.366158, 48.465441], [-1.366072, 48.465621], [-1.365927, 48.465661], [-1.365971, 48.465779], [-1.365743, 48.465989], [-1.365643, 48.46614], [-1.365484, 48.466195], [-1.365286, 48.466372], [-1.364873, 48.466449], [-1.364782, 48.466586], [-1.364554, 48.46667], [-1.364592, 48.466775], [-1.364478, 48.466848], [-1.364295, 48.466843], [-1.364076, 48.466956], [-1.363741, 48.466726], [-1.363592, 48.466703], [-1.363316, 48.466834], [-1.363137, 48.466976], [-1.362657, 48.467085], [-1.362216, 48.467222], [-1.361917, 48.46742], [-1.361973, 48.467549], [-1.361948, 48.467647], [-1.36181, 48.467706], [-1.36166, 48.467702], [-1.361489, 48.467816], [-1.3613, 48.467762], [-1.361196, 48.467911], [-1.360932, 48.467945], [-1.360568, 48.468037], [-1.360355, 48.467968], [-1.359966, 48.467754], [-1.359893, 48.467605], [-1.359773, 48.467532], [-1.359028, 48.467387], [-1.358732, 48.46728], [-1.358089, 48.467234], [-1.357981, 48.467142], [-1.358052, 48.466848], [-1.357864, 48.466794], [-1.357522, 48.466905], [-1.357287, 48.466722], [-1.356899, 48.466773], [-1.356383, 48.467089], [-1.356131, 48.467353], [-1.355953, 48.467495], [-1.355721, 48.467618], [-1.355592, 48.467643], [-1.355184, 48.467596], [-1.355062, 48.467508], [-1.354817, 48.467514], [-1.354473, 48.467571], [-1.35405, 48.467777], [-1.353681, 48.467979], [-1.353474, 48.467996], [-1.353422, 48.468162], [-1.353302, 48.468217], [-1.352928, 48.468639], [-1.352729, 48.468788], [-1.352835, 48.468965], [-1.352736, 48.468992], [-1.352801, 48.46913], [-1.352654, 48.469223], [-1.352649, 48.469377], [-1.352565, 48.46949], [-1.35243, 48.46954], [-1.352291, 48.4698], [-1.352042, 48.469738], [-1.351878, 48.469989], [-1.351984, 48.47003], [-1.351922, 48.470131], [-1.351683, 48.47019], [-1.351622, 48.4703], [-1.351444, 48.47041], [-1.351384, 48.470504], [-1.35113, 48.47062], [-1.351095, 48.470973], [-1.350892, 48.471121], [-1.350893, 48.471238], [-1.350685, 48.47139], [-1.350541, 48.471453], [-1.350464, 48.471552], [-1.350271, 48.471611], [-1.349695, 48.471495], [-1.349587, 48.471384], [-1.349453, 48.47139], [-1.349195, 48.471261], [-1.349033, 48.471229], [-1.348871, 48.471265], [-1.348562, 48.471235], [-1.348379, 48.471281], [-1.347912, 48.471272], [-1.347855, 48.471352], [-1.347638, 48.471422], [-1.347402, 48.471407], [-1.347321, 48.471493], [-1.347147, 48.471567], [-1.346955, 48.471542], [-1.346281, 48.471784], [-1.346265, 48.471907], [-1.346129, 48.472016], [-1.345847, 48.472149], [-1.345695, 48.472158], [-1.345406, 48.472288], [-1.34529, 48.47239], [-1.345088, 48.47247], [-1.345123, 48.472535], [-1.344972, 48.472615], [-1.344963, 48.472713], [-1.344837, 48.472742], [-1.344755, 48.472867], [-1.344776, 48.473004], [-1.344619, 48.473188], [-1.344735, 48.473317], [-1.344602, 48.47346], [-1.344819, 48.473573], [-1.344648, 48.473685], [-1.344781, 48.473718], [-1.344745, 48.473827], [-1.344957, 48.473883], [-1.34491, 48.474053], [-1.344966, 48.474211], [-1.345151, 48.474259], [-1.345235, 48.474381], [-1.345243, 48.474504], [-1.34511, 48.474617], [-1.345401, 48.474781], [-1.345373, 48.474929], [-1.345671, 48.475254], [-1.345564, 48.475403], [-1.345837, 48.475594], [-1.345822, 48.475685], [-1.346066, 48.475954], [-1.346227, 48.475951], [-1.346493, 48.476146], [-1.34651, 48.476308], [-1.346764, 48.476492], [-1.346694, 48.476547], [-1.346951, 48.476752], [-1.347088, 48.47678], [-1.347243, 48.476898], [-1.347139, 48.476935], [-1.347204, 48.477067], [-1.347311, 48.477109], [-1.347339, 48.477247], [-1.347197, 48.477364], [-1.347355, 48.47756], [-1.347445, 48.477806], [-1.347419, 48.477967], [-1.347578, 48.478059], [-1.347634, 48.478293], [-1.347772, 48.478422], [-1.347862, 48.478397], [-1.348107, 48.478804], [-1.348297, 48.479079], [-1.348471, 48.479216], [-1.348465, 48.479412], [-1.348615, 48.479552], [-1.348448, 48.479657], [-1.348535, 48.479904], [-1.348745, 48.48009], [-1.34873, 48.480252], [-1.348876, 48.480617], [-1.348868, 48.480702], [-1.348985, 48.481086], [-1.349147, 48.481354], [-1.349152, 48.481454], [-1.349387, 48.481458], [-1.349342, 48.481597], [-1.349454, 48.481691], [-1.349305, 48.481992], [-1.349133, 48.482222], [-1.348974, 48.482218], [-1.348935, 48.482395], [-1.348751, 48.48261], [-1.348631, 48.482827], [-1.348421, 48.482838], [-1.348295, 48.483107], [-1.34809, 48.483101], [-1.34791, 48.483197], [-1.347301, 48.483216], [-1.346972, 48.483405], [-1.346329, 48.483497], [-1.345859, 48.48361], [-1.345817, 48.483775], [-1.34571, 48.483933], [-1.345602, 48.483987], [-1.345721, 48.484121], [-1.34552, 48.484441], [-1.345337, 48.484594], [-1.345328, 48.48491], [-1.345368, 48.485113], [-1.345025, 48.485337], [-1.344687, 48.485662], [-1.344485, 48.485803], [-1.344491, 48.485923], [-1.344423, 48.486058], [-1.344499, 48.486174], [-1.344487, 48.486286], [-1.344339, 48.486558], [-1.344277, 48.486959], [-1.344163, 48.487171], [-1.344035, 48.487248], [-1.343792, 48.487532], [-1.34361, 48.487585], [-1.343536, 48.487669], [-1.343262, 48.487784], [-1.342934, 48.487986], [-1.342835, 48.488008], [-1.34268, 48.488178], [-1.342292, 48.488361], [-1.342249, 48.488463], [-1.342078, 48.488623], [-1.341819, 48.488786], [-1.341801, 48.488939], [-1.341606, 48.489094], [-1.341475, 48.48925], [-1.341349, 48.489513], [-1.341394, 48.489575], [-1.341194, 48.489916], [-1.340648, 48.490319], [-1.340536, 48.490348], [-1.340293, 48.490505], [-1.340168, 48.490535], [-1.339974, 48.490728], [-1.339385, 48.491043], [-1.339204, 48.491042], [-1.339084, 48.491108], [-1.338671, 48.491143], [-1.338534, 48.491281], [-1.338076, 48.491329], [-1.337871, 48.491287], [-1.33763, 48.491295], [-1.337124, 48.49118], [-1.336832, 48.491057], [-1.336135, 48.490838], [-1.336113, 48.490735], [-1.335899, 48.490621], [-1.335279, 48.490463], [-1.334817, 48.490286], [-1.334469, 48.490118], [-1.334281, 48.489999], [-1.333526, 48.489595], [-1.333371, 48.489489], [-1.332607, 48.489204], [-1.332366, 48.489154], [-1.332243, 48.489087], [-1.332104, 48.48894], [-1.332076, 48.488644], [-1.332111, 48.488476], [-1.332075, 48.488335], [-1.331797, 48.487677], [-1.331466, 48.487395], [-1.330885, 48.48679], [-1.330674, 48.486537], [-1.330384, 48.48614], [-1.330082, 48.486166], [-1.328742, 48.486246], [-1.32899, 48.486908], [-1.329381, 48.488031], [-1.329495, 48.488315], [-1.329899, 48.48908], [-1.330022, 48.489426], [-1.33031, 48.490389], [-1.33101, 48.491391], [-1.331191, 48.491751], [-1.331464, 48.492618], [-1.331244, 48.492669], [-1.329558, 48.492731], [-1.328632, 48.492639], [-1.328401, 48.492725], [-1.327701, 48.493832], [-1.328113, 48.494068], [-1.328526, 48.494525], [-1.328786, 48.494784], [-1.328931, 48.494996], [-1.329015, 48.495186], [-1.32916, 48.495645], [-1.329278, 48.496213], [-1.328677, 48.496597], [-1.328555, 48.496781], [-1.328552, 48.496932], [-1.328345, 48.497036], [-1.328223, 48.497173], [-1.32805, 48.497473], [-1.32764, 48.497692], [-1.32799, 48.498039], [-1.327658, 48.498178], [-1.327226, 48.498423], [-1.326967, 48.498635], [-1.3267, 48.498785], [-1.326295, 48.498958], [-1.326069, 48.498902], [-1.325565, 48.498719], [-1.32541, 48.498711], [-1.324993, 48.498888], [-1.324592, 48.499017], [-1.324101, 48.499146], [-1.323713, 48.499273], [-1.322622, 48.49948], [-1.322138, 48.499711], [-1.321849, 48.499801], [-1.321991, 48.500026], [-1.321812, 48.500066], [-1.321591, 48.500045], [-1.32139, 48.500126], [-1.321245, 48.499894], [-1.320913, 48.499682], [-1.320755, 48.499527], [-1.320653, 48.499326], [-1.320591, 48.499062], [-1.320677, 48.49869], [-1.320792, 48.498534], [-1.320654, 48.49803], [-1.320523, 48.498099], [-1.320263, 48.497898], [-1.320181, 48.497776], [-1.319905, 48.49786], [-1.319881, 48.497723], [-1.319622, 48.497672], [-1.319476, 48.497605], [-1.319605, 48.497531], [-1.319379, 48.497298], [-1.319196, 48.49722], [-1.318864, 48.496943], [-1.318659, 48.496825], [-1.318594, 48.496734], [-1.318434, 48.496724], [-1.318255, 48.496641], [-1.31827, 48.496478], [-1.31816, 48.496345], [-1.317821, 48.496165], [-1.317664, 48.496036], [-1.317076, 48.496033], [-1.316857, 48.49609], [-1.316761, 48.496182], [-1.316226, 48.496394], [-1.315817, 48.496515], [-1.3154, 48.496747], [-1.315147, 48.496852], [-1.314977, 48.496813], [-1.313687, 48.497369], [-1.313519, 48.497585], [-1.313228, 48.497757], [-1.31295, 48.49785], [-1.312707, 48.497982], [-1.312577, 48.498272], [-1.312376, 48.498293], [-1.312062, 48.498273], [-1.311525, 48.498194], [-1.310752, 48.498161], [-1.310036, 48.498169], [-1.309499, 48.498199], [-1.308899, 48.498318], [-1.307836, 48.4985], [-1.307286, 48.49867], [-1.306486, 48.498979], [-1.306085, 48.49905], [-1.305661, 48.499066], [-1.304725, 48.498997], [-1.304191, 48.4989], [-1.303839, 48.498911], [-1.303523, 48.498948], [-1.303145, 48.498886], [-1.303087, 48.498957], [-1.302713, 48.498961], [-1.302457, 48.499109], [-1.302294, 48.499146], [-1.302012, 48.499042], [-1.301501, 48.498976], [-1.301379, 48.499026], [-1.301049, 48.499015], [-1.300861, 48.498928], [-1.300638, 48.499037], [-1.30059, 48.499223], [-1.300407, 48.499286], [-1.300191, 48.499274], [-1.299997, 48.499501], [-1.299847, 48.499537], [-1.299846, 48.499658], [-1.299757, 48.499728], [-1.299379, 48.499695], [-1.29924, 48.499778], [-1.29898, 48.499843], [-1.298764, 48.499969], [-1.298361, 48.500346], [-1.298477, 48.500425], [-1.298296, 48.500679], [-1.298199, 48.500755], [-1.298211, 48.500972], [-1.298131, 48.501045], [-1.298177, 48.501145], [-1.298143, 48.501305], [-1.298005, 48.501576], [-1.297853, 48.501705], [-1.297731, 48.502018], [-1.297547, 48.502084], [-1.297608, 48.502224], [-1.297565, 48.502354], [-1.29738, 48.502307], [-1.297209, 48.502447], [-1.29708, 48.50244], [-1.296814, 48.502621], [-1.296578, 48.502629], [-1.296686, 48.502769], [-1.296526, 48.502813], [-1.296284, 48.503054], [-1.296143, 48.5034], [-1.295912, 48.503678], [-1.295817, 48.503875], [-1.295836, 48.503958], [-1.295698, 48.504142], [-1.295561, 48.504163], [-1.295321, 48.504442], [-1.295395, 48.50461], [-1.295359, 48.504753], [-1.295114, 48.504872], [-1.295045, 48.50501], [-1.294765, 48.50502], [-1.294588, 48.505119], [-1.294616, 48.505348], [-1.294459, 48.505385], [-1.294225, 48.505593], [-1.294198, 48.505721], [-1.294045, 48.505741], [-1.293767, 48.505897], [-1.293759, 48.506057], [-1.293503, 48.506192], [-1.293379, 48.506174], [-1.293019, 48.506396], [-1.292738, 48.506499], [-1.292496, 48.506526], [-1.292234, 48.506459], [-1.292132, 48.506375], [-1.291913, 48.506368], [-1.291699, 48.506514], [-1.2915, 48.506466], [-1.291353, 48.506476], [-1.291291, 48.506571], [-1.291159, 48.506578], [-1.290721, 48.507018], [-1.290482, 48.507197], [-1.290293, 48.507107], [-1.290158, 48.507098], [-1.289897, 48.507189], [-1.28937, 48.507281], [-1.289204, 48.507206], [-1.289064, 48.507209], [-1.288738, 48.50713], [-1.288541, 48.507053], [-1.288235, 48.507001], [-1.288119, 48.507027], [-1.288051, 48.507197], [-1.287959, 48.50728], [-1.288002, 48.507531], [-1.287995, 48.507692], [-1.28804, 48.508017], [-1.288098, 48.50821], [-1.28812, 48.508478], [-1.287935, 48.508682], [-1.28781, 48.508763], [-1.287891, 48.508963], [-1.287754, 48.509079], [-1.287601, 48.509124], [-1.28762, 48.509353], [-1.28745, 48.509504], [-1.2875, 48.509593], [-1.286826, 48.509757], [-1.286339, 48.509925], [-1.28605, 48.509971], [-1.285814, 48.509891], [-1.285563, 48.50976], [-1.284857, 48.509472], [-1.284892, 48.509259], [-1.284811, 48.509025], [-1.284597, 48.508884], [-1.284466, 48.508705], [-1.284166, 48.508687], [-1.28389, 48.508628], [-1.283509, 48.508579], [-1.283196, 48.508508], [-1.283036, 48.508444], [-1.282668, 48.50844], [-1.282169, 48.508405], [-1.281761, 48.508471], [-1.281522, 48.508485], [-1.28118, 48.508461], [-1.280979, 48.508381], [-1.280764, 48.508416], [-1.280313, 48.508593], [-1.280012, 48.508671], [-1.279734, 48.508837], [-1.279647, 48.509035], [-1.279435, 48.509127], [-1.279173, 48.509307], [-1.279032, 48.50929], [-1.278953, 48.509488], [-1.279007, 48.509684], [-1.278781, 48.509793], [-1.278655, 48.509904], [-1.278444, 48.510205], [-1.278421, 48.510314], [-1.278244, 48.510465], [-1.278194, 48.510899], [-1.278066, 48.51113], [-1.278152, 48.511379], [-1.278326, 48.511601], [-1.278341, 48.511707], [-1.278148, 48.511928], [-1.278041, 48.51217], [-1.277955, 48.512239], [-1.277824, 48.51246], [-1.277844, 48.512531], [-1.277734, 48.512658], [-1.277763, 48.512834], [-1.277587, 48.513064], [-1.277667, 48.513228], [-1.277511, 48.513315], [-1.277398, 48.51347], [-1.277291, 48.513693], [-1.277249, 48.513947], [-1.277157, 48.514078], [-1.27729, 48.514202], [-1.277199, 48.51426], [-1.277152, 48.514394], [-1.277196, 48.514754], [-1.277352, 48.514957], [-1.277588, 48.515151], [-1.277598, 48.515462], [-1.277542, 48.515524], [-1.277554, 48.515685], [-1.277406, 48.515936], [-1.277214, 48.516071], [-1.277107, 48.516061], [-1.276862, 48.516194], [-1.276489, 48.516347], [-1.276214, 48.516517], [-1.276104, 48.516666], [-1.275835, 48.516806], [-1.275556, 48.516909], [-1.274979, 48.517029], [-1.27487, 48.517095], [-1.274685, 48.517291], [-1.27469, 48.517513], [-1.274624, 48.51778], [-1.274507, 48.517895], [-1.274527, 48.517998], [-1.274393, 48.51829], [-1.274248, 48.518512], [-1.274212, 48.51878], [-1.274032, 48.518961], [-1.273994, 48.51914], [-1.273451, 48.519635], [-1.273391, 48.519766], [-1.273538, 48.519878], [-1.27356, 48.520035], [-1.27365, 48.520154], [-1.273517, 48.52026], [-1.273459, 48.520375], [-1.273174, 48.520695], [-1.272968, 48.520774], [-1.272918, 48.520867], [-1.27268, 48.520998], [-1.272563, 48.521112], [-1.272278, 48.5212], [-1.272075, 48.521338], [-1.271922, 48.521572], [-1.271917, 48.521659], [-1.271676, 48.52181], [-1.271687, 48.521901], [-1.271465, 48.521931], [-1.271192, 48.52205], [-1.271285, 48.522104], [-1.271073, 48.52232], [-1.270882, 48.522385], [-1.270891, 48.522725], [-1.270834, 48.522831], [-1.270624, 48.523046], [-1.270291, 48.523506], [-1.27012, 48.52362], [-1.26991, 48.523839], [-1.269689, 48.524008], [-1.269705, 48.524125], [-1.269562, 48.524466], [-1.269559, 48.524628], [-1.269637, 48.524898], [-1.269653, 48.525175], [-1.269737, 48.525267], [-1.269787, 48.525463], [-1.269549, 48.5259], [-1.269676, 48.526392], [-1.269723, 48.526739], [-1.269539, 48.527343], [-1.269543, 48.527477], [-1.269466, 48.527749], [-1.269299, 48.52811], [-1.269172, 48.528284], [-1.26912, 48.528593], [-1.269229, 48.528937], [-1.269222, 48.529075], [-1.268971, 48.529311], [-1.268876, 48.529443], [-1.268608, 48.529661], [-1.268939, 48.529914], [-1.268982, 48.53005], [-1.269174, 48.530256], [-1.269286, 48.530467], [-1.269434, 48.530661], [-1.269581, 48.530788], [-1.270006, 48.531222], [-1.270072, 48.531255], [-1.270541, 48.531815], [-1.270754, 48.532014], [-1.270957, 48.532371], [-1.271561, 48.532834], [-1.272485, 48.533353], [-1.27275, 48.533803], [-1.272765, 48.533886], [-1.272427, 48.534024], [-1.272005, 48.534253], [-1.271184, 48.534741], [-1.266212, 48.537643], [-1.26502, 48.538346], [-1.264211, 48.538882], [-1.263429, 48.539526], [-1.262856, 48.540062], [-1.262794, 48.540184], [-1.261987, 48.540464], [-1.261183, 48.540657], [-1.259811, 48.540852], [-1.259387, 48.54094], [-1.258823, 48.541141], [-1.258225, 48.541465], [-1.257749, 48.541741], [-1.256936, 48.542235], [-1.256476, 48.5425], [-1.255971, 48.542711], [-1.25519, 48.542995], [-1.25469, 48.543156], [-1.254129, 48.543315], [-1.25355, 48.543454], [-1.252786, 48.543618], [-1.251788, 48.54378], [-1.251212, 48.543786], [-1.249255, 48.543713], [-1.248929, 48.543687], [-1.248934, 48.543477], [-1.248896, 48.543219], [-1.248951, 48.542942], [-1.249061, 48.542088], [-1.249004, 48.542005], [-1.249182, 48.541688], [-1.248734, 48.54163], [-1.24826, 48.541528], [-1.247891, 48.541559], [-1.246842, 48.541228], [-1.247043, 48.540895], [-1.247049, 48.540695], [-1.246552, 48.540422], [-1.246533, 48.540318], [-1.246247, 48.540282], [-1.24544, 48.540266], [-1.244791, 48.54016], [-1.2441, 48.539997], [-1.244029, 48.540243], [-1.243761, 48.54028], [-1.242791, 48.54008], [-1.242084, 48.53996], [-1.242161, 48.539686], [-1.241683, 48.539615], [-1.240914, 48.539238], [-1.240783, 48.539054], [-1.240537, 48.538851], [-1.239552, 48.538196], [-1.238869, 48.537721], [-1.238522, 48.537801], [-1.238116, 48.537851], [-1.237768, 48.537863], [-1.237731, 48.537911], [-1.237291, 48.537927], [-1.236606, 48.538065], [-1.23657, 48.537939], [-1.23624, 48.537988], [-1.235675, 48.538263], [-1.23547, 48.538343], [-1.235275, 48.538316], [-1.235191, 48.538253], [-1.234583, 48.538282], [-1.234383, 48.538272], [-1.234042, 48.538304], [-1.233556, 48.538264], [-1.232992, 48.538105], [-1.232862, 48.538087], [-1.232401, 48.537909], [-1.232243, 48.537909], [-1.231769, 48.537728], [-1.231785, 48.537647], [-1.231434, 48.537587], [-1.231305, 48.53747], [-1.231074, 48.537588], [-1.230907, 48.53756], [-1.230356, 48.53758], [-1.229665, 48.537514], [-1.229395, 48.537819], [-1.228521, 48.537715], [-1.228128, 48.53772], [-1.227274, 48.537522], [-1.227136, 48.537714], [-1.227033, 48.53775], [-1.22617, 48.537715], [-1.22514, 48.537598], [-1.225059, 48.537733], [-1.224731, 48.538145], [-1.224274, 48.538157], [-1.223745, 48.538247], [-1.223388, 48.538368], [-1.222619, 48.538473], [-1.222214, 48.53849], [-1.221919, 48.538542], [-1.22175, 48.538445], [-1.221183, 48.538194], [-1.221051, 48.538155], [-1.220824, 48.537974], [-1.22014, 48.537642], [-1.219471, 48.537427], [-1.219002, 48.537305], [-1.218461, 48.537225], [-1.217473, 48.537056], [-1.21742, 48.536879], [-1.21733, 48.536797], [-1.217232, 48.536982], [-1.217333, 48.537039], [-1.21719, 48.537176], [-1.217246, 48.537268], [-1.217172, 48.537529], [-1.217007, 48.537622], [-1.216733, 48.537672], [-1.216714, 48.537977], [-1.216543, 48.538101], [-1.216352, 48.538108], [-1.216266, 48.538174], [-1.216073, 48.538202], [-1.215943, 48.538317], [-1.21596, 48.538397], [-1.21562, 48.53839], [-1.215518, 48.538601], [-1.215345, 48.538537], [-1.215048, 48.53863], [-1.215248, 48.538756], [-1.215184, 48.538813], [-1.214874, 48.538808], [-1.214689, 48.538972], [-1.214714, 48.539131], [-1.214453, 48.539242], [-1.214259, 48.539228], [-1.213976, 48.539384], [-1.213711, 48.53944], [-1.21352, 48.539334], [-1.213314, 48.539366], [-1.213276, 48.539439], [-1.212838, 48.539389], [-1.212582, 48.539427], [-1.212222, 48.539261], [-1.212111, 48.539306], [-1.211969, 48.539238], [-1.21167, 48.539284], [-1.211554, 48.539224], [-1.21125, 48.539153], [-1.210998, 48.539163], [-1.210817, 48.539208], [-1.210574, 48.539079], [-1.209922, 48.538888], [-1.209608, 48.538934], [-1.208896, 48.538868], [-1.208286, 48.538888], [-1.20784, 48.538761], [-1.207663, 48.538744], [-1.207638, 48.538623], [-1.20738, 48.538624], [-1.207135, 48.53854], [-1.206963, 48.5386], [-1.206845, 48.538758], [-1.206453, 48.539002], [-1.206366, 48.539116], [-1.206353, 48.539529], [-1.206502, 48.539596], [-1.206598, 48.539778], [-1.206496, 48.53991], [-1.206276, 48.540012], [-1.206215, 48.540094], [-1.20636, 48.540363], [-1.20669, 48.540732], [-1.206731, 48.540955], [-1.206919, 48.541076], [-1.207101, 48.541105], [-1.207281, 48.541394], [-1.207215, 48.541507], [-1.207399, 48.541677], [-1.207276, 48.541816], [-1.207501, 48.541882], [-1.207629, 48.542028], [-1.207557, 48.542135], [-1.207221, 48.54203], [-1.206928, 48.542183], [-1.206846, 48.542318], [-1.206445, 48.542223], [-1.206182, 48.542013], [-1.206037, 48.541991], [-1.205716, 48.542041], [-1.205604, 48.54203], [-1.205188, 48.541896], [-1.205284, 48.541792], [-1.205068, 48.541586], [-1.204608, 48.541406], [-1.204371, 48.541409], [-1.203992, 48.541303], [-1.203759, 48.541185], [-1.203725, 48.540999], [-1.203894, 48.540952], [-1.203753, 48.540713], [-1.203404, 48.540511], [-1.203362, 48.540213], [-1.203392, 48.54012], [-1.203163, 48.540048], [-1.203012, 48.539898], [-1.203042, 48.539784], [-1.202807, 48.539579], [-1.202848, 48.539295], [-1.202775, 48.539244], [-1.20254, 48.539275], [-1.202465, 48.539196], [-1.202501, 48.539035], [-1.202396, 48.538953], [-1.202103, 48.539036], [-1.201947, 48.538894], [-1.201713, 48.53883], [-1.201786, 48.538678], [-1.20209, 48.538629], [-1.202109, 48.538488], [-1.202028, 48.538354], [-1.201871, 48.538314], [-1.201937, 48.538226], [-1.201837, 48.538104], [-1.201705, 48.538149], [-1.201454, 48.53798], [-1.20164, 48.537873], [-1.201536, 48.537756], [-1.201295, 48.537709], [-1.201426, 48.537545], [-1.20135, 48.537451], [-1.201485, 48.537134], [-1.201301, 48.536955], [-1.201164, 48.53701], [-1.201029, 48.537137], [-1.200727, 48.537208], [-1.200454, 48.537133], [-1.200531, 48.537043], [-1.20047, 48.536826], [-1.200245, 48.536712], [-1.200292, 48.5366], [-1.200239, 48.536456], [-1.199923, 48.536388], [-1.199603, 48.536438], [-1.199367, 48.536383], [-1.199177, 48.536243], [-1.198965, 48.535887], [-1.199117, 48.535737], [-1.199156, 48.535483], [-1.199368, 48.535217], [-1.19933, 48.534999], [-1.199077, 48.534814], [-1.199117, 48.534711], [-1.199311, 48.534583], [-1.199295, 48.534374], [-1.199193, 48.534265], [-1.199169, 48.534134], [-1.199479, 48.533836], [-1.199478, 48.533745], [-1.199252, 48.533737], [-1.199104, 48.53381], [-1.199016, 48.533731], [-1.199044, 48.533555], [-1.198947, 48.533317], [-1.198902, 48.533088], [-1.198963, 48.532782], [-1.199136, 48.53244], [-1.19912, 48.532344], [-1.198967, 48.532172], [-1.198939, 48.532082], [-1.19921, 48.531884], [-1.198999, 48.531711], [-1.198586, 48.531435], [-1.19826, 48.53148], [-1.197886, 48.531377], [-1.197629, 48.53151], [-1.197561, 48.531488], [-1.197194, 48.531576], [-1.196856, 48.531523], [-1.196441, 48.531603], [-1.196016, 48.531558], [-1.1958, 48.531466], [-1.195537, 48.531147], [-1.195036, 48.530847], [-1.194848, 48.530767], [-1.194806, 48.530683], [-1.194875, 48.530517], [-1.194407, 48.530122], [-1.194117, 48.530097], [-1.193941, 48.530009], [-1.193665, 48.529938], [-1.193473, 48.53013], [-1.19347, 48.530361], [-1.19332, 48.530457], [-1.19314, 48.530458], [-1.193082, 48.530275], [-1.192817, 48.530241], [-1.192703, 48.530124], [-1.192824, 48.529981], [-1.192772, 48.529858], [-1.192981, 48.529777], [-1.19306, 48.529685], [-1.193042, 48.529457], [-1.193124, 48.529334], [-1.192979, 48.52931], [-1.192885, 48.52921], [-1.193052, 48.529019], [-1.193031, 48.528896], [-1.192894, 48.528811], [-1.192577, 48.528853], [-1.192205, 48.528773], [-1.191999, 48.528794], [-1.191523, 48.529003], [-1.191279, 48.528962], [-1.191289, 48.528652], [-1.191073, 48.528508], [-1.190865, 48.528456], [-1.190667, 48.528473], [-1.190411, 48.528626], [-1.190275, 48.528522], [-1.190115, 48.528475], [-1.189959, 48.528576], [-1.190001, 48.528736], [-1.189634, 48.52906], [-1.189476, 48.529119], [-1.189271, 48.529097], [-1.189171, 48.528932], [-1.188605, 48.528718], [-1.188499, 48.528749], [-1.188298, 48.528814], [-1.188027, 48.528717], [-1.187746, 48.528788], [-1.18766, 48.5289], [-1.187395, 48.528853], [-1.187254, 48.528958], [-1.187061, 48.529001], [-1.186662, 48.529198], [-1.186541, 48.529083], [-1.186513, 48.528964], [-1.186356, 48.528918], [-1.186159, 48.528962], [-1.186195, 48.52882], [-1.186134, 48.528743], [-1.185807, 48.528581], [-1.185686, 48.528646], [-1.18551, 48.528563], [-1.185381, 48.528586], [-1.185283, 48.528494], [-1.185152, 48.528482], [-1.185027, 48.528552], [-1.1849, 48.52847], [-1.184711, 48.528441], [-1.184523, 48.528577], [-1.18445, 48.528441], [-1.184305, 48.528513], [-1.184259, 48.528374], [-1.183812, 48.528343], [-1.183573, 48.528357], [-1.183457, 48.528421], [-1.183282, 48.528214], [-1.183083, 48.528269], [-1.182892, 48.52821], [-1.182931, 48.528384], [-1.182685, 48.528517], [-1.182543, 48.528648], [-1.182349, 48.528639], [-1.182048, 48.528773], [-1.182154, 48.529003], [-1.181612, 48.529182], [-1.181814, 48.529265], [-1.181801, 48.529382], [-1.181623, 48.529538], [-1.181232, 48.529615], [-1.181195, 48.529918], [-1.181065, 48.530039], [-1.1809, 48.53006], [-1.180743, 48.529908], [-1.180533, 48.530001], [-1.180297, 48.530013], [-1.180116, 48.529929], [-1.179763, 48.530041], [-1.179482, 48.529964], [-1.179316, 48.530007], [-1.179087, 48.530012], [-1.178857, 48.530058], [-1.178535, 48.530054], [-1.178308, 48.530106], [-1.178163, 48.530204], [-1.178013, 48.530237], [-1.177688, 48.530218], [-1.177032, 48.530495], [-1.176327, 48.530327], [-1.176022, 48.530292], [-1.175607, 48.530293], [-1.175437, 48.530171], [-1.175056, 48.530145], [-1.175041, 48.530254], [-1.174792, 48.530408], [-1.174666, 48.530529], [-1.174329, 48.53048], [-1.174307, 48.530319], [-1.174156, 48.530256], [-1.173897, 48.530263], [-1.173727, 48.530336], [-1.173398, 48.530331], [-1.173412, 48.530462], [-1.173335, 48.530541], [-1.173023, 48.530686], [-1.17274, 48.530698], [-1.172555, 48.530902], [-1.17246, 48.530906], [-1.172369, 48.531022], [-1.171754, 48.53081], [-1.1716, 48.530729], [-1.171503, 48.530851], [-1.171302, 48.530864], [-1.171254, 48.531031], [-1.171134, 48.531201], [-1.170959, 48.531274], [-1.170765, 48.531284], [-1.170522, 48.531247], [-1.170337, 48.531138], [-1.17008, 48.531228], [-1.169716, 48.531141], [-1.169563, 48.531036], [-1.169404, 48.531028], [-1.16927, 48.530954], [-1.169261, 48.530844], [-1.169022, 48.530772], [-1.168697, 48.530621], [-1.168636, 48.530515], [-1.168326, 48.530456], [-1.168058, 48.530314], [-1.167699, 48.530269], [-1.167452, 48.530347], [-1.167312, 48.530313], [-1.167121, 48.530362], [-1.16671, 48.530249], [-1.166616, 48.530216], [-1.166499, 48.529894], [-1.166418, 48.529825], [-1.166447, 48.529687], [-1.166258, 48.529488], [-1.166291, 48.529411], [-1.166079, 48.529398], [-1.166028, 48.529274], [-1.16574, 48.529272], [-1.165523, 48.529167], [-1.165303, 48.529123], [-1.16512, 48.528876], [-1.164911, 48.528875], [-1.164472, 48.528691], [-1.164412, 48.528482], [-1.164147, 48.528391], [-1.163712, 48.528681], [-1.163588, 48.528558], [-1.163621, 48.528378], [-1.163613, 48.528023], [-1.163492, 48.528014], [-1.163484, 48.52788], [-1.163103, 48.527727], [-1.163108, 48.527641], [-1.162994, 48.527454], [-1.163217, 48.527382], [-1.163228, 48.527281], [-1.163094, 48.52725], [-1.163137, 48.527133], [-1.163004, 48.527058], [-1.163082, 48.526949], [-1.162875, 48.526853], [-1.163024, 48.526734], [-1.162989, 48.526605], [-1.162891, 48.526494], [-1.162598, 48.526522], [-1.162409, 48.526387], [-1.162206, 48.526371], [-1.162133, 48.526275], [-1.162619, 48.526087], [-1.162492, 48.525981], [-1.162452, 48.525812], [-1.162242, 48.525669], [-1.162036, 48.525017], [-1.161908, 48.524684], [-1.161905, 48.524567], [-1.16198, 48.524325], [-1.161054, 48.52438], [-1.160781, 48.524364], [-1.160406, 48.524267], [-1.160182, 48.524336], [-1.160008, 48.52424], [-1.159814, 48.524256], [-1.159766, 48.524177], [-1.159596, 48.524094], [-1.159355, 48.523757], [-1.15938, 48.523561], [-1.159181, 48.523403], [-1.158994, 48.52341], [-1.158958, 48.523326], [-1.158801, 48.523329], [-1.158691, 48.523236], [-1.158461, 48.523334], [-1.15822, 48.523264], [-1.15804, 48.523161], [-1.158114, 48.523053], [-1.157854, 48.522955], [-1.157969, 48.522899], [-1.157958, 48.52272], [-1.157765, 48.522708], [-1.157762, 48.522601], [-1.157463, 48.522265], [-1.15713, 48.521823], [-1.156982, 48.521567], [-1.156887, 48.521297], [-1.156763, 48.521171], [-1.156761, 48.521059], [-1.156642, 48.520782], [-1.156483, 48.520623], [-1.156166, 48.520225], [-1.155755, 48.51976], [-1.154662, 48.519435], [-1.154247, 48.51918], [-1.15395, 48.519146], [-1.1537, 48.519232], [-1.153489, 48.519223], [-1.153386, 48.519158], [-1.153087, 48.519128], [-1.153028, 48.519256], [-1.152254, 48.519182], [-1.151598, 48.519168], [-1.151421, 48.519204], [-1.151248, 48.519161], [-1.150874, 48.519164], [-1.150191, 48.51912], [-1.149905, 48.519075], [-1.149991, 48.518824], [-1.149335, 48.518706], [-1.148725, 48.518465], [-1.14837, 48.518231], [-1.14823, 48.518214], [-1.147779, 48.518062], [-1.147398, 48.517837], [-1.147172, 48.517772], [-1.146838, 48.517806], [-1.146398, 48.517751], [-1.146152, 48.517742], [-1.145973, 48.517844], [-1.145761, 48.517889], [-1.145605, 48.517863], [-1.145388, 48.517897], [-1.145046, 48.517755], [-1.144854, 48.517765], [-1.144519, 48.517884], [-1.144152, 48.517956], [-1.143923, 48.517931], [-1.143506, 48.518009], [-1.143122, 48.518157], [-1.142804, 48.518045], [-1.142464, 48.517976], [-1.142193, 48.517884], [-1.142077, 48.517944], [-1.141713, 48.518024], [-1.141568, 48.518091], [-1.141198, 48.518175], [-1.141028, 48.518188], [-1.140948, 48.518426], [-1.140576, 48.518458], [-1.140356, 48.518397], [-1.140265, 48.518486], [-1.14004, 48.518534], [-1.139914, 48.51864], [-1.139791, 48.518629], [-1.139221, 48.518404], [-1.138062, 48.519157], [-1.137823, 48.518965], [-1.137359, 48.519272], [-1.137128, 48.519459], [-1.136969, 48.519515], [-1.13697, 48.519682], [-1.137036, 48.519833], [-1.136765, 48.519985], [-1.136319, 48.520167], [-1.135903, 48.520271], [-1.135824, 48.520347], [-1.135665, 48.520606], [-1.134983, 48.521051], [-1.134088, 48.521726], [-1.13345, 48.522248], [-1.13311, 48.521944], [-1.132624, 48.52214], [-1.132318, 48.522219], [-1.131884, 48.522032], [-1.131637, 48.521959], [-1.131282, 48.52189], [-1.130631, 48.521837], [-1.12977, 48.5218], [-1.129933, 48.521154], [-1.129334, 48.521085], [-1.128077, 48.520866], [-1.127325, 48.520704], [-1.127063, 48.520996], [-1.12671, 48.520987], [-1.126093, 48.520922], [-1.125598, 48.520829], [-1.125058, 48.520745], [-1.124581, 48.520691], [-1.124067, 48.520662], [-1.123592, 48.520672], [-1.123562, 48.520878], [-1.122794, 48.521098], [-1.122417, 48.521322], [-1.121846, 48.521441], [-1.121897, 48.521944], [-1.121851, 48.522238], [-1.121558, 48.522169], [-1.120909, 48.52206], [-1.120581, 48.521977], [-1.120469, 48.521889], [-1.119928, 48.521684], [-1.119629, 48.521692], [-1.119526, 48.521753], [-1.119326, 48.521776], [-1.119092, 48.521743], [-1.118717, 48.521767], [-1.117232, 48.521719], [-1.11729, 48.521476], [-1.116766, 48.521407], [-1.116588, 48.521323], [-1.116735, 48.521197], [-1.116451, 48.520825], [-1.116105, 48.520421], [-1.115951, 48.52014], [-1.115778, 48.519747], [-1.115709, 48.519371], [-1.115568, 48.519243], [-1.115635, 48.51906], [-1.115353, 48.518708], [-1.115033, 48.51834], [-1.114593, 48.518215], [-1.114316, 48.518086], [-1.1142, 48.518127], [-1.113885, 48.517994], [-1.113588, 48.517806], [-1.113408, 48.517619], [-1.113029, 48.517369], [-1.112728, 48.51734], [-1.11265, 48.517284], [-1.112177, 48.517162], [-1.111868, 48.517158], [-1.111718, 48.517128], [-1.111549, 48.5173], [-1.111498, 48.517151], [-1.111244, 48.516895], [-1.110981, 48.516843], [-1.11086, 48.516724], [-1.110366, 48.516562], [-1.110034, 48.516517], [-1.109791, 48.5163], [-1.109574, 48.516201], [-1.109389, 48.516207], [-1.109255, 48.516118], [-1.108997, 48.516113], [-1.1087, 48.51603], [-1.108655, 48.515951], [-1.108466, 48.515968], [-1.108178, 48.515929], [-1.108102, 48.515873], [-1.107775, 48.515794], [-1.107406, 48.515636], [-1.107137, 48.51532], [-1.10692, 48.515235], [-1.106702, 48.515015], [-1.10661, 48.514843], [-1.106303, 48.514578], [-1.106084, 48.514548], [-1.106096, 48.514426], [-1.105915, 48.514274], [-1.10594, 48.514215], [-1.10582, 48.514087], [-1.105083, 48.513783], [-1.104649, 48.51349], [-1.104362, 48.513349], [-1.1041, 48.513281], [-1.103907, 48.513124], [-1.103661, 48.513124], [-1.103589, 48.513018], [-1.10335, 48.513], [-1.103063, 48.512905], [-1.102907, 48.512953], [-1.102758, 48.513159], [-1.102621, 48.513126], [-1.102271, 48.513149], [-1.102215, 48.513222], [-1.101998, 48.513221], [-1.101753, 48.513171], [-1.101527, 48.51304], [-1.100986, 48.513011], [-1.100088, 48.513156], [-1.099984, 48.513046], [-1.099821, 48.512997], [-1.099325, 48.513201], [-1.099262, 48.513294], [-1.099126, 48.513343], [-1.098906, 48.513234], [-1.098574, 48.513132], [-1.098283, 48.513097], [-1.097915, 48.512977], [-1.097681, 48.512842], [-1.097683, 48.512644], [-1.09756, 48.512622], [-1.097161, 48.512448], [-1.097162, 48.512346], [-1.096989, 48.512231], [-1.096906, 48.511959], [-1.096795, 48.511979], [-1.09657, 48.511722], [-1.09656, 48.511605], [-1.096462, 48.511518], [-1.096273, 48.511494], [-1.096218, 48.511378], [-1.096012, 48.511348], [-1.095938, 48.511462], [-1.095587, 48.5115], [-1.095304, 48.511303], [-1.094933, 48.511224], [-1.0946, 48.511274], [-1.093914, 48.511217], [-1.093767, 48.511121], [-1.093382, 48.511052], [-1.093336, 48.510985], [-1.093126, 48.511033], [-1.092946, 48.511008], [-1.092637, 48.51089], [-1.092078, 48.510766], [-1.091824, 48.510806], [-1.091712, 48.510765], [-1.091426, 48.510559], [-1.091202, 48.51048], [-1.090986, 48.51056], [-1.090764, 48.510552], [-1.090507, 48.510648], [-1.090099, 48.510888], [-1.089988, 48.510895], [-1.089734, 48.511001], [-1.089491, 48.511013], [-1.08933, 48.511069], [-1.088901, 48.511037], [-1.088568, 48.51088], [-1.088402, 48.510923], [-1.088223, 48.510893], [-1.087995, 48.510972], [-1.087729, 48.510967], [-1.087582, 48.510824], [-1.087332, 48.510876], [-1.087067, 48.510861], [-1.086905, 48.510973], [-1.086521, 48.510951], [-1.086436, 48.511031], [-1.086224, 48.511128], [-1.086042, 48.511133], [-1.085891, 48.511218], [-1.085363, 48.511248], [-1.084978, 48.511165], [-1.084753, 48.511195], [-1.084385, 48.511086], [-1.083724, 48.511003], [-1.083361, 48.511004], [-1.083125, 48.511053], [-1.082974, 48.511016], [-1.082629, 48.511011], [-1.082472, 48.511036], [-1.082438, 48.511187], [-1.082238, 48.51121], [-1.082165, 48.511337], [-1.081826, 48.511407], [-1.081678, 48.511397], [-1.081603, 48.51154], [-1.081407, 48.511496], [-1.081254, 48.511316], [-1.081284, 48.511144], [-1.08117, 48.511089], [-1.080957, 48.51107], [-1.080941, 48.511006], [-1.080647, 48.510857], [-1.080536, 48.510869], [-1.080302, 48.510738], [-1.08022, 48.510629], [-1.079931, 48.51059], [-1.079886, 48.51052], [-1.079673, 48.510456], [-1.079776, 48.510223], [-1.079218, 48.509962], [-1.078863, 48.509929], [-1.078414, 48.509702], [-1.077737, 48.509431], [-1.077646, 48.509297], [-1.077459, 48.509169], [-1.077238, 48.509101], [-1.077179, 48.509147], [-1.076836, 48.509057], [-1.076806, 48.508943], [-1.076342, 48.508947], [-1.076108, 48.508848], [-1.076099, 48.508764], [-1.075141, 48.508724], [-1.07492, 48.508803], [-1.074591, 48.508774], [-1.07442, 48.508687], [-1.074253, 48.508663], [-1.074198, 48.508547], [-1.074058, 48.508494], [-1.074071, 48.508399], [-1.073784, 48.508341], [-1.073648, 48.508187], [-1.073411, 48.508136], [-1.073352, 48.508029], [-1.073207, 48.507971], [-1.073105, 48.508041], [-1.072772, 48.508041], [-1.072606, 48.50813], [-1.07245, 48.508159], [-1.072426, 48.508248], [-1.072118, 48.508248], [-1.071871, 48.508442], [-1.071356, 48.508739], [-1.071183, 48.508799], [-1.070752, 48.508871], [-1.070572, 48.508815], [-1.07008, 48.508817], [-1.070105, 48.508595], [-1.069954, 48.508381], [-1.069417, 48.508048], [-1.06937, 48.507827], [-1.06926, 48.507702], [-1.068762, 48.507349], [-1.068659, 48.507016], [-1.068469, 48.50675], [-1.068077, 48.506377], [-1.067832, 48.506109], [-1.067442, 48.50589], [-1.067284, 48.505769], [-1.06716, 48.505587], [-1.067066, 48.505372], [-1.067015, 48.505088], [-1.06692, 48.50477], [-1.067018, 48.504595], [-1.06714, 48.504512], [-1.067553, 48.504463], [-1.067779, 48.50433], [-1.067755, 48.50412], [-1.06793, 48.504037], [-1.068377, 48.504066], [-1.068624, 48.504012], [-1.068755, 48.503886], [-1.068859, 48.503706], [-1.069025, 48.503564], [-1.069126, 48.503395], [-1.069345, 48.503278], [-1.069655, 48.503207], [-1.069895, 48.503106], [-1.070053, 48.502988], [-1.070196, 48.502811], [-1.070338, 48.502715], [-1.071159, 48.502506], [-1.07194, 48.502246], [-1.072191, 48.502152], [-1.072497, 48.502112], [-1.072979, 48.501968], [-1.073326, 48.501947], [-1.07349, 48.501976], [-1.073796, 48.502103], [-1.074317, 48.502162], [-1.074591, 48.502269], [-1.074718, 48.502428], [-1.074943, 48.502479], [-1.075446, 48.5025], [-1.076121, 48.502497], [-1.076526, 48.502472], [-1.076694, 48.502431], [-1.076981, 48.502278], [-1.077044, 48.502108], [-1.076922, 48.501929], [-1.076793, 48.501547], [-1.076646, 48.501403], [-1.076515, 48.501366], [-1.076126, 48.501406], [-1.075979, 48.501378], [-1.075707, 48.501207], [-1.075433, 48.500951], [-1.075384, 48.500788], [-1.075473, 48.500611], [-1.075624, 48.500511], [-1.075786, 48.500297], [-1.075914, 48.499986], [-1.075889, 48.499662], [-1.075735, 48.499446], [-1.075505, 48.499228], [-1.075427, 48.499002], [-1.075467, 48.498924], [-1.07578, 48.498747], [-1.075835, 48.498676], [-1.075908, 48.498305], [-1.076004, 48.498159], [-1.076125, 48.497716], [-1.076251, 48.497435], [-1.076185, 48.497272], [-1.075849, 48.497123], [-1.07579, 48.497018], [-1.075831, 48.496773], [-1.075789, 48.496673], [-1.075473, 48.496156], [-1.075458, 48.495953], [-1.075587, 48.495845], [-1.075844, 48.495473], [-1.075824, 48.495183], [-1.07567, 48.494699], [-1.075652, 48.494578], [-1.07607, 48.494025], [-1.076162, 48.493674], [-1.076178, 48.493515], [-1.076362, 48.493378], [-1.076631, 48.493274], [-1.07725, 48.49296], [-1.07729, 48.492912], [-1.077301, 48.492608], [-1.077533, 48.492427], [-1.077775, 48.492299], [-1.078185, 48.491808], [-1.078333, 48.49139], [-1.07839, 48.491011], [-1.078524, 48.490622], [-1.078583, 48.490177], [-1.078545, 48.489888], [-1.078533, 48.489467], [-1.078415, 48.489186], [-1.078129, 48.488738], [-1.07774, 48.48837], [-1.077331, 48.488057], [-1.077165, 48.487991], [-1.076936, 48.487818], [-1.076597, 48.48764], [-1.076393, 48.487576], [-1.075633, 48.487544], [-1.075081, 48.48758], [-1.074894, 48.487646], [-1.074604, 48.487649], [-1.074289, 48.487706], [-1.074001, 48.487819], [-1.073796, 48.487824], [-1.073303, 48.48767], [-1.072745, 48.487529], [-1.072309, 48.487197], [-1.07197, 48.487081], [-1.071795, 48.486946], [-1.071637, 48.486877], [-1.071342, 48.486889], [-1.070828, 48.487112], [-1.070557, 48.487135], [-1.070268, 48.486958], [-1.070015, 48.486682], [-1.069927, 48.486518], [-1.06989, 48.486327], [-1.069919, 48.485774], [-1.070012, 48.485509], [-1.070151, 48.485357], [-1.070281, 48.48529], [-1.071026, 48.485217], [-1.07117, 48.485135], [-1.071453, 48.484839], [-1.071594, 48.484733], [-1.072333, 48.484357], [-1.072861, 48.484335], [-1.073273, 48.484275], [-1.073658, 48.484194], [-1.074022, 48.48406], [-1.074639, 48.483891], [-1.075108, 48.483797], [-1.076286, 48.483649], [-1.076492, 48.483597], [-1.07693, 48.483416], [-1.077179, 48.483207], [-1.077877, 48.482708], [-1.078117, 48.482625], [-1.078284, 48.482688], [-1.078424, 48.482819], [-1.078582, 48.482809], [-1.078808, 48.482631], [-1.078848, 48.482066], [-1.078979, 48.481861], [-1.078856, 48.481567], [-1.078447, 48.481284], [-1.078041, 48.481203], [-1.077567, 48.481247], [-1.077124, 48.481361], [-1.076952, 48.481437], [-1.076911, 48.481526], [-1.076754, 48.481609], [-1.076508, 48.481631], [-1.075983, 48.481842], [-1.075075, 48.481996], [-1.074757, 48.482211], [-1.074418, 48.482345], [-1.073938, 48.482393], [-1.073065, 48.482206], [-1.07292, 48.482116], [-1.072887, 48.48193], [-1.073129, 48.481712], [-1.073225, 48.481509], [-1.073209, 48.481302], [-1.073412, 48.481066], [-1.073687, 48.480879], [-1.074132, 48.48068], [-1.074423, 48.480397], [-1.074642, 48.480357], [-1.074866, 48.480262], [-1.075062, 48.480084], [-1.07517, 48.479827], [-1.07517, 48.479713], [-1.075093, 48.479426], [-1.075098, 48.479273], [-1.075237, 48.479002], [-1.075095, 48.478466], [-1.075109, 48.478341], [-1.075284, 48.478125], [-1.075298, 48.47799], [-1.075225, 48.477709], [-1.075365, 48.477383], [-1.075269, 48.477047], [-1.075113, 48.476779], [-1.075025, 48.476573], [-1.074892, 48.476446], [-1.07486, 48.476344], [-1.074861, 48.476077], [-1.074194, 48.476191], [-1.073961, 48.476248], [-1.073887, 48.4761], [-1.074213, 48.475655], [-1.074244, 48.475252], [-1.074189, 48.474788], [-1.074005, 48.473915], [-1.073854, 48.473792], [-1.073697, 48.473728], [-1.073241, 48.473417], [-1.072784, 48.47344], [-1.072459, 48.473429], [-1.071933, 48.473318], [-1.071828, 48.473326], [-1.071738, 48.473438], [-1.071572, 48.47343], [-1.071168, 48.47327], [-1.071146, 48.473148], [-1.070747, 48.473015], [-1.070663, 48.472962], [-1.070666, 48.472702], [-1.070532, 48.472429], [-1.070723, 48.472393], [-1.071307, 48.472429], [-1.071503, 48.472385], [-1.07153, 48.472269], [-1.071765, 48.47226], [-1.071925, 48.472357], [-1.072073, 48.47222], [-1.071925, 48.472069], [-1.072114, 48.471962], [-1.072172, 48.471753], [-1.072062, 48.471456], [-1.072116, 48.471318], [-1.072113, 48.470998], [-1.072028, 48.470857], [-1.072003, 48.470596], [-1.071871, 48.470445], [-1.071766, 48.470242], [-1.071777, 48.469925], [-1.071733, 48.469797], [-1.071512, 48.469556], [-1.071174, 48.469384], [-1.070916, 48.469442], [-1.070724, 48.469623], [-1.070468, 48.469683], [-1.070219, 48.469809], [-1.069862, 48.469763], [-1.069592, 48.469897], [-1.069495, 48.470055], [-1.06937, 48.470111], [-1.069237, 48.47025], [-1.0688, 48.470466], [-1.068173, 48.470703], [-1.067907, 48.470725], [-1.067554, 48.47068], [-1.06723, 48.470554], [-1.066543, 48.470376], [-1.066302, 48.470229], [-1.066002, 48.470098], [-1.065782, 48.469863], [-1.065691, 48.469702], [-1.065692, 48.469569], [-1.0659, 48.46945], [-1.065949, 48.469279], [-1.0661, 48.469111], [-1.066209, 48.468928], [-1.066215, 48.468814], [-1.066086, 48.468621], [-1.065963, 48.468521], [-1.065794, 48.468235], [-1.065627, 48.468039], [-1.065486, 48.467984], [-1.065172, 48.468062], [-1.064727, 48.468105], [-1.064561, 48.468101], [-1.064483, 48.468039], [-1.064228, 48.467716], [-1.064065, 48.467451], [-1.063924, 48.467308], [-1.064114, 48.466982], [-1.064211, 48.466539], [-1.064517, 48.466416], [-1.064672, 48.466256], [-1.064734, 48.466115], [-1.064722, 48.466], [-1.064497, 48.465814], [-1.064467, 48.465717], [-1.06459, 48.465548], [-1.064317, 48.465279], [-1.064383, 48.465062], [-1.064765, 48.464737], [-1.064784, 48.464631], [-1.064899, 48.464537], [-1.06532, 48.46433], [-1.06572, 48.464022], [-1.065826, 48.463859], [-1.065869, 48.463671], [-1.066066, 48.463383], [-1.066122, 48.462996], [-1.066214, 48.46284], [-1.066454, 48.462676], [-1.066576, 48.462405], [-1.06668, 48.462299], [-1.066711, 48.462128], [-1.066807, 48.461998], [-1.066898, 48.461983], [-1.067132, 48.462065], [-1.06735, 48.461914], [-1.067445, 48.46156], [-1.06746, 48.461411], [-1.06739, 48.461166], [-1.067098, 48.461016], [-1.067013, 48.460754], [-1.067055, 48.460205], [-1.067138, 48.459942], [-1.067062, 48.459717], [-1.066938, 48.459482], [-1.06642, 48.45873], [-1.066116, 48.458395], [-1.065766, 48.458067], [-1.065669, 48.457946], [-1.065712, 48.45776], [-1.065703, 48.457592], [-1.06563, 48.457414], [-1.065617, 48.457216], [-1.065559, 48.457118], [-1.0652, 48.456891], [-1.065203, 48.456645], [-1.065168, 48.456435], [-1.065316, 48.456114], [-1.065412, 48.45599], [-1.065592, 48.455902], [-1.065639, 48.455751], [-1.065548, 48.455379], [-1.065672, 48.455134], [-1.065805, 48.454989], [-1.065904, 48.454712], [-1.065864, 48.454588], [-1.065662, 48.454393], [-1.065641, 48.454296], [-1.065733, 48.454207], [-1.06607, 48.454006], [-1.066146, 48.453803], [-1.065991, 48.453495], [-1.066152, 48.453052], [-1.06635, 48.452731], [-1.066213, 48.452265], [-1.066117, 48.452221], [-1.065823, 48.452182], [-1.065479, 48.451781], [-1.065229, 48.451423], [-1.066204, 48.451017], [-1.066542, 48.450964], [-1.067063, 48.450698], [-1.067332, 48.450534], [-1.067447, 48.450429], [-1.067499, 48.450305], [-1.067466, 48.449799], [-1.067517, 48.449621], [-1.067757, 48.449234], [-1.067922, 48.449094], [-1.06839, 48.448838], [-1.068881, 48.448591], [-1.071372, 48.44785], [-1.071815, 48.447888], [-1.071998, 48.447822], [-1.072202, 48.447239], [-1.072861, 48.446434], [-1.073105, 48.446254], [-1.073278, 48.446166], [-1.075407, 48.445284], [-1.075808, 48.445091], [-1.076103, 48.444918], [-1.077067, 48.444191], [-1.078141, 48.443594], [-1.078464, 48.443517], [-1.078756, 48.443511], [-1.079574, 48.443564], [-1.079838, 48.443062], [-1.079854, 48.442919], [-1.079971, 48.442751], [-1.080001, 48.442391], [-1.080389, 48.44207], [-1.080513, 48.441818], [-1.080625, 48.441672], [-1.081152, 48.441212], [-1.081241, 48.441063], [-1.081093, 48.440898], [-1.080924, 48.4403], [-1.080975, 48.440043], [-1.08126, 48.439858], [-1.08115, 48.439615], [-1.080956, 48.439528], [-1.080938, 48.439097], [-1.080845, 48.438882], [-1.081065, 48.438559], [-1.081176, 48.438471], [-1.081798, 48.43846], [-1.082009, 48.438243], [-1.08211, 48.438071], [-1.08224, 48.438015], [-1.082114, 48.437858], [-1.082148, 48.437716], [-1.082006, 48.43756], [-1.081704, 48.437299], [-1.081843, 48.437], [-1.081816, 48.4369], [-1.081936, 48.436635], [-1.081718, 48.436494], [-1.082029, 48.436065], [-1.082189, 48.435995], [-1.082168, 48.435735], [-1.082363, 48.435543], [-1.082409, 48.435415], [-1.082637, 48.435322], [-1.082655, 48.435245], [-1.082433, 48.435216], [-1.082398, 48.435139], [-1.082476, 48.435014], [-1.082659, 48.434874], [-1.082937, 48.434848], [-1.083264, 48.434454], [-1.083239, 48.434372], [-1.083026, 48.434312], [-1.083288, 48.434017], [-1.083441, 48.433958], [-1.083594, 48.433671], [-1.083461, 48.433382], [-1.083246, 48.433354], [-1.083122, 48.433596], [-1.082996, 48.433668], [-1.082838, 48.43354], [-1.082918, 48.433422], [-1.082646, 48.433402], [-1.082465, 48.43325], [-1.082414, 48.433116], [-1.082617, 48.433064], [-1.082624, 48.432924], [-1.082311, 48.43273], [-1.081999, 48.432741], [-1.081845, 48.432573], [-1.082036, 48.432446], [-1.0822, 48.432433], [-1.0821, 48.43211], [-1.082308, 48.432042], [-1.082309, 48.431919], [-1.081995, 48.431788], [-1.082155, 48.431687], [-1.082186, 48.431494], [-1.081941, 48.431458], [-1.08233, 48.430811], [-1.08258, 48.43052], [-1.082342, 48.430419], [-1.082485, 48.430283], [-1.082872, 48.430409], [-1.082958, 48.430364], [-1.082893, 48.430157], [-1.082527, 48.430134], [-1.082586, 48.430034], [-1.082356, 48.429744], [-1.082167, 48.429765], [-1.08205, 48.429716], [-1.081554, 48.429328], [-1.081344, 48.429136], [-1.081132, 48.42912], [-1.080893, 48.429028], [-1.080795, 48.428883], [-1.080578, 48.429055], [-1.080326, 48.428984], [-1.08028, 48.428819], [-1.080457, 48.428803], [-1.08054, 48.428719], [-1.080385, 48.428646], [-1.080429, 48.428582], [-1.080623, 48.428569], [-1.08051, 48.42838], [-1.080297, 48.428327], [-1.080336, 48.42846], [-1.080242, 48.428529], [-1.080046, 48.428464], [-1.080063, 48.428262], [-1.080369, 48.428156], [-1.080385, 48.427996], [-1.080257, 48.427867], [-1.080058, 48.427862], [-1.080046, 48.427741], [-1.080163, 48.427558], [-1.080057, 48.427488], [-1.079941, 48.427582], [-1.079687, 48.427562], [-1.079788, 48.42745], [-1.079707, 48.427246], [-1.079743, 48.427149], [-1.0796, 48.42708], [-1.079703, 48.426955], [-1.079691, 48.42685], [-1.079552, 48.426841], [-1.079388, 48.426762], [-1.079374, 48.426658], [-1.079522, 48.426544], [-1.079401, 48.426484], [-1.079128, 48.426517], [-1.079093, 48.426369], [-1.079441, 48.426334], [-1.079291, 48.426123], [-1.079334, 48.425973], [-1.079172, 48.425828], [-1.079126, 48.425663], [-1.079045, 48.425639], [-1.078929, 48.425771], [-1.07883, 48.425791], [-1.07871, 48.425686], [-1.078675, 48.425557], [-1.078423, 48.425624], [-1.07837, 48.42551], [-1.078486, 48.425343], [-1.078286, 48.425306], [-1.078231, 48.425219], [-1.078371, 48.425127], [-1.078628, 48.425054], [-1.078472, 48.424998], [-1.078307, 48.424854], [-1.078408, 48.424638], [-1.078196, 48.424531], [-1.078235, 48.424207], [-1.078306, 48.424152], [-1.078654, 48.424081], [-1.078552, 48.423931], [-1.078768, 48.423758], [-1.078728, 48.42369], [-1.078416, 48.423699], [-1.078342, 48.423489], [-1.078539, 48.423476], [-1.078532, 48.423358], [-1.078425, 48.423171], [-1.078599, 48.423174], [-1.078666, 48.422904], [-1.078454, 48.422917], [-1.078402, 48.422816], [-1.078082, 48.422563], [-1.078308, 48.422556], [-1.078517, 48.422443], [-1.078455, 48.422384], [-1.078264, 48.422385], [-1.078332, 48.422184], [-1.078067, 48.422152], [-1.078115, 48.422035], [-1.078362, 48.421908], [-1.078143, 48.421688], [-1.078105, 48.421536], [-1.077864, 48.42149], [-1.077756, 48.421579], [-1.077519, 48.421537], [-1.077471, 48.421426], [-1.077517, 48.421137], [-1.077459, 48.420839], [-1.077621, 48.420743], [-1.077578, 48.420572], [-1.07775, 48.420485], [-1.078017, 48.420491], [-1.077991, 48.420296], [-1.078242, 48.420375], [-1.078425, 48.420288], [-1.078241, 48.420109], [-1.078231, 48.419974], [-1.078372, 48.419902], [-1.078496, 48.419983], [-1.078575, 48.419885], [-1.078518, 48.419433], [-1.07865, 48.419237], [-1.078514, 48.419136], [-1.078572, 48.418909], [-1.078503, 48.418822], [-1.078542, 48.418606], [-1.078645, 48.418355], [-1.078906, 48.418316], [-1.079107, 48.418249], [-1.079004, 48.4181], [-1.079029, 48.418002], [-1.079208, 48.417973], [-1.079395, 48.41802], [-1.07962, 48.417947], [-1.079588, 48.417752], [-1.079773, 48.417768], [-1.080207, 48.417587], [-1.080141, 48.417511], [-1.079692, 48.417409], [-1.079831, 48.417298], [-1.080107, 48.417312], [-1.080357, 48.4172], [-1.080214, 48.417029], [-1.080461, 48.416939], [-1.080207, 48.416719], [-1.080384, 48.416509], [-1.080173, 48.416556], [-1.080222, 48.416366], [-1.080165, 48.416175], [-1.080328, 48.416182], [-1.080345, 48.415957], [-1.080089, 48.415962], [-1.080155, 48.415736], [-1.080333, 48.41575], [-1.08052, 48.415675], [-1.080533, 48.415492], [-1.080483, 48.415394], [-1.080669, 48.41535], [-1.080519, 48.415232], [-1.080409, 48.415064], [-1.080672, 48.41481], [-1.080502, 48.414755], [-1.08033, 48.414841], [-1.080247, 48.41473], [-1.080306, 48.414506], [-1.080087, 48.414444], [-1.080123, 48.414366], [-1.080051, 48.414173], [-1.080305, 48.414151], [-1.080353, 48.41408], [-1.080177, 48.413881], [-1.080063, 48.413805], [-1.080036, 48.413703], [-1.079883, 48.413686], [-1.079743, 48.413772], [-1.079647, 48.413642], [-1.07943, 48.413819], [-1.079322, 48.41369], [-1.079121, 48.413683], [-1.079135, 48.413546], [-1.078922, 48.413531], [-1.078797, 48.413236], [-1.078704, 48.413311], [-1.078444, 48.41341], [-1.078378, 48.413156], [-1.077873, 48.412875], [-1.077853, 48.412749], [-1.077738, 48.412723], [-1.077619, 48.412586], [-1.077465, 48.412512], [-1.077378, 48.412404], [-1.077572, 48.412319], [-1.077478, 48.412251], [-1.077124, 48.412216], [-1.07706, 48.411965], [-1.076945, 48.41192], [-1.076889, 48.411801], [-1.076692, 48.41187], [-1.076427, 48.411609], [-1.076625, 48.411575], [-1.076481, 48.411342], [-1.076705, 48.411179], [-1.07664, 48.411054], [-1.076513, 48.411075], [-1.076285, 48.41121], [-1.076095, 48.411144], [-1.076065, 48.411019], [-1.075817, 48.410984], [-1.075791, 48.410768], [-1.075618, 48.410621], [-1.075686, 48.410532], [-1.075837, 48.410538], [-1.075652, 48.410282], [-1.075521, 48.410293], [-1.075609, 48.410069], [-1.075263, 48.41001], [-1.07541, 48.409876], [-1.075118, 48.409645], [-1.075203, 48.409521], [-1.074953, 48.409457], [-1.074873, 48.409486], [-1.074716, 48.409371], [-1.074644, 48.409227], [-1.074542, 48.409184], [-1.074469, 48.409063], [-1.074467, 48.40875], [-1.07458, 48.408646], [-1.074445, 48.408557], [-1.074046, 48.408594], [-1.073869, 48.408564], [-1.073737, 48.408466], [-1.073644, 48.408617], [-1.073436, 48.408478], [-1.073299, 48.40867], [-1.073125, 48.408602], [-1.073105, 48.408498], [-1.072951, 48.408346], [-1.072648, 48.408456], [-1.072461, 48.408408], [-1.072572, 48.408321], [-1.072756, 48.408345], [-1.07286, 48.408241], [-1.072779, 48.408166], [-1.072557, 48.408154], [-1.072359, 48.408229], [-1.072273, 48.408141], [-1.071724, 48.407987], [-1.071798, 48.407876], [-1.071793, 48.407742], [-1.071502, 48.407808], [-1.071422, 48.407896], [-1.071202, 48.407798], [-1.071004, 48.40775], [-1.070939, 48.407626], [-1.070804, 48.407598], [-1.070751, 48.407751], [-1.070633, 48.407729], [-1.070584, 48.407551], [-1.070354, 48.407522], [-1.070284, 48.407334], [-1.070112, 48.407211], [-1.069972, 48.407194], [-1.069889, 48.407076], [-1.070207, 48.407034], [-1.07025, 48.406888], [-1.069999, 48.406833], [-1.06989, 48.406652], [-1.070197, 48.406608], [-1.070385, 48.406691], [-1.070436, 48.406622], [-1.070404, 48.406476], [-1.070201, 48.406472], [-1.070108, 48.406348], [-1.069858, 48.406377], [-1.069818, 48.406264], [-1.069993, 48.406178], [-1.069885, 48.406065], [-1.069769, 48.406029], [-1.069686, 48.405916], [-1.069483, 48.405938], [-1.069203, 48.405809], [-1.069156, 48.405697], [-1.069018, 48.405562], [-1.068848, 48.405505], [-1.068693, 48.405522], [-1.068638, 48.405334], [-1.068733, 48.405195], [-1.068654, 48.404957], [-1.068458, 48.404897], [-1.068193, 48.404683], [-1.068245, 48.40457], [-1.068066, 48.404409], [-1.06795, 48.404417], [-1.067924, 48.404294], [-1.06827, 48.404313], [-1.068208, 48.404041], [-1.067999, 48.403983], [-1.068033, 48.403856], [-1.067934, 48.403666], [-1.068053, 48.403578], [-1.068036, 48.403444], [-1.067882, 48.403462], [-1.067817, 48.403309], [-1.067985, 48.403224], [-1.067984, 48.403086], [-1.067703, 48.403043], [-1.067612, 48.402951], [-1.067629, 48.402806], [-1.067514, 48.402588], [-1.06752, 48.402281], [-1.067555, 48.402149], [-1.067352, 48.401796], [-1.067172, 48.401623], [-1.067004, 48.401549], [-1.066647, 48.401445], [-1.066274, 48.40139], [-1.066166, 48.401234], [-1.066002, 48.4012], [-1.065963, 48.401069], [-1.065808, 48.400879], [-1.065823, 48.400793], [-1.065622, 48.400732], [-1.065482, 48.400565], [-1.065354, 48.400525], [-1.065182, 48.400321], [-1.064973, 48.400198], [-1.065059, 48.399955], [-1.064878, 48.399821], [-1.064852, 48.39965], [-1.064681, 48.399565], [-1.064563, 48.399614], [-1.064368, 48.399561], [-1.064212, 48.399588], [-1.063977, 48.399509], [-1.06365, 48.399497], [-1.063581, 48.39946], [-1.063462, 48.399255], [-1.063218, 48.399074], [-1.063058, 48.398647], [-1.062985, 48.398537], [-1.062935, 48.398107], [-1.062838, 48.398006], [-1.06255, 48.397376], [-1.062258, 48.397043], [-1.0623, 48.396958], [-1.062289, 48.396567], [-1.062341, 48.396389], [-1.062642, 48.395912], [-1.062727, 48.395717], [-1.062738, 48.395415], [-1.062627, 48.395135], [-1.062599, 48.394937], [-1.063007, 48.394483], [-1.062771, 48.394062], [-1.062838, 48.394005], [-1.062664, 48.393866], [-1.062541, 48.39366], [-1.062439, 48.393629], [-1.062249, 48.393325], [-1.062218, 48.393115], [-1.062114, 48.393068], [-1.06215, 48.392969], [-1.061946, 48.392855], [-1.061593, 48.392581], [-1.061429, 48.392521], [-1.061228, 48.392557], [-1.060927, 48.392397], [-1.060629, 48.392372], [-1.060426, 48.39226], [-1.060343, 48.392062], [-1.060208, 48.391943], [-1.060079, 48.3919], [-1.060293, 48.391632], [-1.059697, 48.391167], [-1.059571, 48.390877], [-1.059434, 48.390633], [-1.059157, 48.390497], [-1.058517, 48.390229], [-1.058385, 48.390047], [-1.058271, 48.389654], [-1.058203, 48.388696], [-1.058137, 48.388437], [-1.057867, 48.388197], [-1.057215, 48.387753], [-1.056758, 48.38722], [-1.056558, 48.386824], [-1.056532, 48.386482], [-1.056456, 48.386205], [-1.056238, 48.385865], [-1.055689, 48.38525], [-1.055346, 48.384982], [-1.054471, 48.384472], [-1.054298, 48.384331], [-1.054176, 48.383889], [-1.053527, 48.382757], [-1.053363, 48.382281], [-1.053023, 48.380972], [-1.054116, 48.380936], [-1.054234, 48.37912], [-1.057074, 48.379146], [-1.057342, 48.378361], [-1.057777, 48.377612], [-1.057886, 48.377236], [-1.057693, 48.376795], [-1.057743, 48.376669], [-1.057531, 48.376445], [-1.057501, 48.376261], [-1.057615, 48.375826], [-1.057243, 48.375581], [-1.057414, 48.375348], [-1.057754, 48.375059], [-1.057936, 48.374829], [-1.058072, 48.374708], [-1.058362, 48.374529], [-1.058559, 48.374559], [-1.058719, 48.374415], [-1.058881, 48.374081], [-1.058988, 48.373984], [-1.059317, 48.373792], [-1.059533, 48.373706], [-1.060142, 48.373557], [-1.060426, 48.373469], [-1.060757, 48.373094], [-1.061117, 48.372801], [-1.061585, 48.37257], [-1.061999, 48.372313], [-1.062399, 48.372033], [-1.062539, 48.371833], [-1.062757, 48.371716], [-1.06314, 48.371417], [-1.063312, 48.371308], [-1.063646, 48.370955], [-1.064023, 48.370421], [-1.064413, 48.370154], [-1.064637, 48.369886], [-1.064676, 48.369728], [-1.064734, 48.369079], [-1.064842, 48.368424], [-1.064881, 48.367775], [-1.064953, 48.367553], [-1.065083, 48.367307], [-1.064814, 48.367178], [-1.064533, 48.367], [-1.064108, 48.366982], [-1.063572, 48.367009], [-1.063388, 48.367037], [-1.062864, 48.36703], [-1.062069, 48.367086], [-1.06073, 48.367077], [-1.060203, 48.367013], [-1.059947, 48.367001], [-1.059713, 48.367053], [-1.059516, 48.367026], [-1.058885, 48.367044], [-1.058613, 48.36683], [-1.058356, 48.366561], [-1.057689, 48.366107], [-1.057138, 48.365679], [-1.056995, 48.365681], [-1.056845, 48.365595], [-1.056715, 48.365349], [-1.056538, 48.365264], [-1.056182, 48.365044], [-1.055745, 48.36465], [-1.055542, 48.364321], [-1.05535, 48.36381], [-1.055323, 48.363635], [-1.055315, 48.362859], [-1.055344, 48.362465], [-1.055397, 48.362069], [-1.055472, 48.361924], [-1.055764, 48.361729], [-1.055982, 48.361253], [-1.056136, 48.361083], [-1.056283, 48.361002], [-1.056651, 48.360957], [-1.057025, 48.360848], [-1.057542, 48.360622], [-1.057734, 48.360511], [-1.058204, 48.360097], [-1.058485, 48.359883], [-1.058715, 48.359657], [-1.058837, 48.359485], [-1.059013, 48.359404], [-1.059393, 48.358799], [-1.059577, 48.358405], [-1.059868, 48.357892], [-1.059979, 48.357618], [-1.059542, 48.357544], [-1.059837, 48.357], [-1.060174, 48.356483], [-1.060321, 48.355884], [-1.060581, 48.355134], [-1.060279, 48.35471], [-1.05996, 48.354302], [-1.059822, 48.354038], [-1.059712, 48.353361], [-1.059688, 48.352893], [-1.059758, 48.35246], [-1.059992, 48.351633], [-1.060085, 48.351165], [-1.060105, 48.350788], [-1.059999, 48.350349], [-1.059996, 48.350222], [-1.060167, 48.349531], [-1.060225, 48.349104], [-1.060178, 48.348932], [-1.06001, 48.348664], [-1.059528, 48.348088], [-1.059324, 48.347936], [-1.058525, 48.347859], [-1.058339, 48.34783], [-1.058368, 48.347319], [-1.058358, 48.347095], [-1.058294, 48.346938], [-1.057915, 48.346312], [-1.057353, 48.345567], [-1.057166, 48.345277], [-1.056969, 48.345044], [-1.056877, 48.344724], [-1.056885, 48.344375], [-1.056953, 48.344079], [-1.056754, 48.343868], [-1.056518, 48.343554], [-1.056338, 48.343106], [-1.056265, 48.342871], [-1.056119, 48.34222], [-1.056024, 48.341447], [-1.055961, 48.341271], [-1.055977, 48.341145], [-1.056144, 48.34095], [-1.056085, 48.340597], [-1.055976, 48.340483], [-1.055755, 48.340341], [-1.055412, 48.340008], [-1.055123, 48.339765], [-1.054918, 48.339488], [-1.054245, 48.33879], [-1.054068, 48.338552], [-1.053681, 48.337957], [-1.053259, 48.33758], [-1.052997, 48.337386], [-1.052623, 48.337171], [-1.052386, 48.337059], [-1.051794, 48.336713], [-1.051679, 48.336523], [-1.051218, 48.33612], [-1.050904, 48.335966], [-1.050548, 48.335837], [-1.050288, 48.335638], [-1.049926, 48.335256], [-1.049591, 48.334798], [-1.049447, 48.334542], [-1.04882, 48.333561], [-1.048595, 48.333169], [-1.048295, 48.332745], [-1.047371, 48.331548], [-1.046499, 48.330556], [-1.046244, 48.330249], [-1.045873, 48.329738], [-1.045358, 48.328859], [-1.04513, 48.328391], [-1.045072, 48.328221], [-1.045087, 48.327809], [-1.045416, 48.32761], [-1.046056, 48.327028], [-1.046416, 48.326656], [-1.04658, 48.32652], [-1.046815, 48.326395], [-1.047443, 48.326125], [-1.047866, 48.325881], [-1.048554, 48.325434], [-1.048621, 48.325421], [-1.049403, 48.324664], [-1.049627, 48.324396], [-1.04997, 48.323895], [-1.050596, 48.323233], [-1.051266, 48.322219], [-1.05243, 48.322038], [-1.053233, 48.321868], [-1.053586, 48.32176], [-1.053751, 48.321675], [-1.053965, 48.321501], [-1.054074, 48.321369], [-1.054267, 48.321049], [-1.054501, 48.320733], [-1.054655, 48.320445], [-1.05497, 48.319551], [-1.055131, 48.318837], [-1.055278, 48.318498], [-1.055863, 48.317643], [-1.056098, 48.317244], [-1.056374, 48.316892], [-1.057017, 48.316157], [-1.057525, 48.315594], [-1.05781, 48.31537], [-1.058052, 48.315044], [-1.058217, 48.314661], [-1.058709, 48.313931], [-1.059319, 48.313675], [-1.059699, 48.313381], [-1.059917, 48.313146], [-1.059942, 48.312969], [-1.059855, 48.312679], [-1.060207, 48.312341], [-1.060569, 48.312093], [-1.06134, 48.311451], [-1.061404, 48.311398], [-1.061364, 48.311193], [-1.061698, 48.311077], [-1.06174, 48.310995], [-1.062203, 48.310812], [-1.062665, 48.310742], [-1.063325, 48.310441], [-1.064269, 48.309966], [-1.065709, 48.309483], [-1.066147, 48.309415], [-1.066412, 48.309273], [-1.066756, 48.308987], [-1.06791, 48.307947], [-1.069435, 48.306606], [-1.070266, 48.305907], [-1.071234, 48.305429], [-1.07232, 48.304497], [-1.074582, 48.302983], [-1.07544, 48.302688], [-1.075759, 48.302409], [-1.075937, 48.302023], [-1.076684, 48.301596], [-1.078205, 48.300629], [-1.078835, 48.300162], [-1.079283, 48.299799], [-1.079984, 48.299899], [-1.080275, 48.299762], [-1.08078, 48.29935], [-1.081618, 48.298792], [-1.081976, 48.298619], [-1.082245, 48.298332], [-1.082294, 48.29824], [-1.082628, 48.297915], [-1.082886, 48.297592], [-1.083085, 48.297008], [-1.083357, 48.295881], [-1.083674, 48.295422], [-1.084193, 48.29451], [-1.084423, 48.293797], [-1.084279, 48.293673], [-1.084031, 48.293606], [-1.083611, 48.293568], [-1.083612, 48.293455], [-1.084065, 48.292823], [-1.08464, 48.292604], [-1.085167, 48.292291], [-1.085554, 48.291897], [-1.086149, 48.291847], [-1.086431, 48.291647], [-1.086739, 48.291345], [-1.087028, 48.290995], [-1.08655, 48.290744], [-1.086759, 48.29049], [-1.087195, 48.290056], [-1.088191, 48.289425], [-1.088645, 48.289923], [-1.089898, 48.289511], [-1.090394, 48.289449], [-1.090636, 48.288261], [-1.090723, 48.287878], [-1.09089, 48.287019], [-1.091094, 48.28686], [-1.09078, 48.285215], [-1.09097, 48.28503], [-1.091322, 48.284434], [-1.091635, 48.284066], [-1.0927, 48.282657], [-1.092733, 48.2826], [-1.092854, 48.282079], [-1.092919, 48.281661], [-1.092911, 48.281335], [-1.092984, 48.280966], [-1.093118, 48.280571], [-1.093206, 48.280197], [-1.093299, 48.279965], [-1.093344, 48.279499], [-1.093335, 48.279058], [-1.093349, 48.278774], [-1.093325, 48.278359], [-1.093365, 48.278121], [-1.093363, 48.277597], [-1.093184, 48.276685], [-1.092828, 48.275638], [-1.092646, 48.275054], [-1.092693, 48.27486], [-1.093009, 48.274148], [-1.093504, 48.273223], [-1.093602, 48.272929], [-1.093926, 48.272707], [-1.094162, 48.272631], [-1.094434, 48.272347], [-1.094656, 48.272252], [-1.094911, 48.272195], [-1.095048, 48.272087], [-1.095576, 48.272054], [-1.095861, 48.271952], [-1.096077, 48.271825], [-1.096635, 48.271574], [-1.09711, 48.27142], [-1.09753, 48.271254], [-1.097743, 48.271126], [-1.097841, 48.270998], [-1.098106, 48.270479], [-1.098461, 48.270283], [-1.098563, 48.269962], [-1.098678, 48.269856], [-1.098664, 48.269708], [-1.098714, 48.269447], [-1.098927, 48.269219], [-1.099363, 48.269067], [-1.099474, 48.268971], [-1.099564, 48.268745], [-1.09975, 48.268663], [-1.099991, 48.268474], [-1.099132, 48.268145], [-1.098853, 48.267531], [-1.099249, 48.267263], [-1.100257, 48.266796], [-1.10087, 48.266471], [-1.10118, 48.266241], [-1.101221, 48.266167], [-1.101219, 48.26531], [-1.10113, 48.264834], [-1.101139, 48.264701], [-1.101706, 48.263776], [-1.101969, 48.263127], [-1.102032, 48.262862], [-1.102017, 48.262667], [-1.101832, 48.26227], [-1.101659, 48.262024], [-1.101327, 48.261676], [-1.100856, 48.261325], [-1.100449, 48.261112], [-1.09957, 48.260569], [-1.099154, 48.260356], [-1.099111, 48.26026], [-1.099164, 48.260145], [-1.099369, 48.259922], [-1.099825, 48.259511], [-1.099978, 48.259395], [-1.100106, 48.259228], [-1.100045, 48.259079], [-1.099828, 48.258903], [-1.099588, 48.258657], [-1.099321, 48.258316], [-1.099441, 48.258261], [-1.100047, 48.258152], [-1.09955, 48.257243], [-1.09944, 48.257091], [-1.099195, 48.25684], [-1.099099, 48.256628], [-1.099365, 48.256409], [-1.098697, 48.255731], [-1.099417, 48.255057], [-1.099208, 48.255009], [-1.09889, 48.254046], [-1.09884, 48.253282], [-1.098974, 48.252962], [-1.098915, 48.252793], [-1.098917, 48.252645], [-1.09904, 48.252177], [-1.099151, 48.251639], [-1.099281, 48.251251], [-1.09927, 48.25106], [-1.099147, 48.25099], [-1.098867, 48.250945], [-1.099022, 48.250463], [-1.099296, 48.250104], [-1.099267, 48.249819], [-1.099185, 48.249596], [-1.098996, 48.249287], [-1.098655, 48.248982], [-1.094522, 48.246262], [-1.094548, 48.246074], [-1.094528, 48.245842], [-1.094553, 48.245339], [-1.094502, 48.245111], [-1.094369, 48.244824], [-1.094138, 48.244581], [-1.093734, 48.244279], [-1.093539, 48.244088], [-1.093169, 48.243806], [-1.092814, 48.243583], [-1.092538, 48.242855], [-1.092581, 48.242494], [-1.093766, 48.241235], [-1.093881, 48.240916], [-1.093731, 48.240696], [-1.092501, 48.239925], [-1.091538, 48.239397], [-1.090541, 48.239226], [-1.090174, 48.239125], [-1.090482, 48.238576], [-1.090919, 48.237877], [-1.090912, 48.237683], [-1.091111, 48.237434], [-1.091133, 48.237273], [-1.091079, 48.23707], [-1.090891, 48.236908], [-1.09081, 48.236672], [-1.090611, 48.236584], [-1.090495, 48.236421], [-1.090272, 48.23592], [-1.090368, 48.235682], [-1.090341, 48.235403], [-1.09044, 48.235313], [-1.090419, 48.235187], [-1.090523, 48.235076], [-1.090533, 48.234941], [-1.090634, 48.234594], [-1.090756, 48.234648], [-1.090954, 48.234575], [-1.090944, 48.234351], [-1.09106, 48.234296], [-1.091029, 48.23408], [-1.091389, 48.2338], [-1.091434, 48.233547], [-1.091544, 48.233454], [-1.091432, 48.233208], [-1.091592, 48.233138], [-1.091591, 48.233057], [-1.091467, 48.23294], [-1.091548, 48.232727], [-1.091498, 48.232559], [-1.091365, 48.232433], [-1.091244, 48.23243], [-1.091277, 48.232213], [-1.091132, 48.232218], [-1.091114, 48.232117], [-1.090807, 48.231902], [-1.090574, 48.231885], [-1.09054, 48.231749], [-1.090364, 48.231587], [-1.090177, 48.231548], [-1.09, 48.231397], [-1.089865, 48.231385], [-1.089682, 48.231285], [-1.089665, 48.231095], [-1.089389, 48.230978], [-1.089093, 48.230963], [-1.089034, 48.230844], [-1.088752, 48.230963], [-1.088268, 48.230899], [-1.087966, 48.230939], [-1.08729, 48.230865], [-1.087078, 48.230939], [-1.086694, 48.230796], [-1.086398, 48.230777], [-1.086299, 48.230656], [-1.086311, 48.230498], [-1.086376, 48.230366], [-1.086373, 48.230232], [-1.086241, 48.230078], [-1.085896, 48.229907], [-1.085747, 48.229885], [-1.085779, 48.229735], [-1.085727, 48.229572], [-1.085758, 48.229448], [-1.085739, 48.229169], [-1.08594, 48.22907], [-1.085938, 48.228881], [-1.085998, 48.228773], [-1.085869, 48.228692], [-1.086044, 48.228595], [-1.085887, 48.228351], [-1.086077, 48.228282], [-1.086011, 48.228193], [-1.08577, 48.228148], [-1.085776, 48.22801], [-1.085853, 48.227888], [-1.085477, 48.227917], [-1.085362, 48.227894], [-1.085142, 48.227608], [-1.08493, 48.227489], [-1.084954, 48.227305], [-1.084374, 48.227235], [-1.084185, 48.226924], [-1.084308, 48.226612], [-1.084489, 48.22651], [-1.084504, 48.22639], [-1.084132, 48.226229], [-1.084011, 48.226146], [-1.084326, 48.225098], [-1.084446, 48.224664], [-1.084427, 48.224264], [-1.084264, 48.223974], [-1.084402, 48.223804], [-1.084401, 48.223454], [-1.084456, 48.223329], [-1.084478, 48.223062], [-1.08435, 48.222893], [-1.084135, 48.222768], [-1.084034, 48.222666], [-1.083946, 48.222348], [-1.084096, 48.222134], [-1.084022, 48.22184], [-1.084069, 48.221639], [-1.084261, 48.221532], [-1.084191, 48.221308], [-1.08442, 48.221062], [-1.084522, 48.220837], [-1.084338, 48.220797], [-1.083851, 48.220851], [-1.083608, 48.220756], [-1.082979, 48.220607], [-1.082234, 48.220617], [-1.082294, 48.220509], [-1.082218, 48.220432], [-1.081869, 48.220364], [-1.081618, 48.220187], [-1.081573, 48.220058], [-1.081234, 48.220012], [-1.081206, 48.219879], [-1.080976, 48.219878], [-1.080822, 48.219711], [-1.080681, 48.219629], [-1.080536, 48.219531], [-1.080605, 48.219342], [-1.080475, 48.219194], [-1.08052, 48.219119], [-1.08041, 48.218829], [-1.080567, 48.21874], [-1.080586, 48.218658], [-1.080407, 48.218524], [-1.080505, 48.218465], [-1.080487, 48.218323], [-1.080578, 48.218154], [-1.080683, 48.218159], [-1.080868, 48.218278], [-1.08108, 48.218252], [-1.081327, 48.21802], [-1.081453, 48.217999], [-1.081496, 48.218141], [-1.081776, 48.217995], [-1.082129, 48.217762], [-1.082299, 48.217676], [-1.082421, 48.217562], [-1.082408, 48.217376], [-1.082508, 48.217307], [-1.082413, 48.217074], [-1.08245, 48.216883], [-1.082391, 48.216527], [-1.082479, 48.216341], [-1.08262, 48.216249], [-1.082544, 48.216172], [-1.082665, 48.215942], [-1.082836, 48.21587], [-1.082748, 48.215699], [-1.082733, 48.215448], [-1.082537, 48.215097], [-1.08277, 48.214969], [-1.08303, 48.21474], [-1.083194, 48.214797], [-1.08339, 48.214786], [-1.08334, 48.214629], [-1.083483, 48.214446], [-1.083791, 48.214396], [-1.084001, 48.214313], [-1.084279, 48.21402], [-1.08457, 48.213857], [-1.084739, 48.213813], [-1.084811, 48.21371], [-1.084781, 48.213591], [-1.08452, 48.213401], [-1.084218, 48.213295], [-1.084128, 48.213211], [-1.084257, 48.213023], [-1.084575, 48.213018], [-1.084729, 48.212985], [-1.084761, 48.212898], [-1.084613, 48.212684], [-1.084509, 48.212473], [-1.084257, 48.212406], [-1.08422, 48.212278], [-1.08426, 48.212052], [-1.084391, 48.21176], [-1.084617, 48.211686], [-1.084856, 48.211648], [-1.085288, 48.211636], [-1.085339, 48.211469], [-1.085446, 48.211417], [-1.085782, 48.211348], [-1.086113, 48.211382], [-1.086215, 48.211322], [-1.086214, 48.211085], [-1.086398, 48.210903], [-1.086688, 48.210828], [-1.086745, 48.21075], [-1.086702, 48.210643], [-1.086804, 48.210502], [-1.086804, 48.21037], [-1.086896, 48.210338], [-1.087216, 48.210126], [-1.087291, 48.210005], [-1.087329, 48.209763], [-1.087029, 48.209557], [-1.087042, 48.20947], [-1.087273, 48.209253], [-1.086831, 48.209168], [-1.086642, 48.208906], [-1.086473, 48.208778], [-1.086473, 48.20869], [-1.086333, 48.208618], [-1.086344, 48.208469], [-1.086118, 48.208371], [-1.086044, 48.208042], [-1.085634, 48.208018], [-1.08553, 48.208154], [-1.084849, 48.208067], [-1.08477, 48.207984], [-1.084723, 48.207666], [-1.08459, 48.207663], [-1.084472, 48.207544], [-1.084314, 48.207542], [-1.083793, 48.207615], [-1.083512, 48.207616], [-1.083496, 48.20744], [-1.083417, 48.207365], [-1.08316, 48.207312], [-1.082899, 48.207308], [-1.08267, 48.207212], [-1.082464, 48.207017], [-1.082276, 48.206952], [-1.081918, 48.206909], [-1.081793, 48.206804], [-1.081655, 48.20681], [-1.081545, 48.206685], [-1.081581, 48.206294], [-1.081834, 48.205844], [-1.081802, 48.205752], [-1.081849, 48.2056], [-1.081839, 48.2054], [-1.081903, 48.205323], [-1.082128, 48.205213], [-1.082082, 48.205127], [-1.08194, 48.205138], [-1.081684, 48.204963], [-1.081656, 48.204776], [-1.081514, 48.20458], [-1.081211, 48.204435], [-1.081045, 48.204223], [-1.080833, 48.204168], [-1.080411, 48.203966], [-1.079531, 48.204011], [-1.079262, 48.203955], [-1.079239, 48.203813], [-1.079034, 48.20378], [-1.078691, 48.203867], [-1.078482, 48.20384], [-1.078048, 48.203629], [-1.077876, 48.203358], [-1.077543, 48.20297], [-1.077331, 48.202772], [-1.077279, 48.202628], [-1.076979, 48.202348], [-1.076825, 48.202019], [-1.076241, 48.201856], [-1.075909, 48.20173], [-1.075566, 48.201676], [-1.075284, 48.201817], [-1.074918, 48.201802], [-1.074515, 48.201679], [-1.074339, 48.201586], [-1.07423, 48.201346], [-1.074191, 48.201152], [-1.073847, 48.200878], [-1.073763, 48.200634], [-1.073865, 48.200445], [-1.073875, 48.200343], [-1.073784, 48.200211], [-1.073883, 48.200146], [-1.073871, 48.200013], [-1.07367, 48.199972], [-1.073676, 48.199777], [-1.073892, 48.199655], [-1.07392, 48.199466], [-1.074037, 48.199349], [-1.073896, 48.199217], [-1.074452, 48.19897], [-1.074655, 48.198782], [-1.074858, 48.198672], [-1.074858, 48.198465], [-1.075087, 48.198375], [-1.075181, 48.198204], [-1.075416, 48.198191], [-1.075554, 48.198085], [-1.075584, 48.197989], [-1.075607, 48.197626], [-1.076077, 48.1975], [-1.076256, 48.197343], [-1.076091, 48.19724], [-1.07614, 48.197094], [-1.076509, 48.196917], [-1.076679, 48.196763], [-1.076692, 48.196611], [-1.076534, 48.196433], [-1.076496, 48.196175], [-1.076604, 48.195674], [-1.076654, 48.195337], [-1.076757, 48.194964], [-1.076921, 48.19476], [-1.076736, 48.194791], [-1.076553, 48.194428], [-1.076844, 48.19433], [-1.077049, 48.194333], [-1.077521, 48.193878], [-1.07755, 48.193679], [-1.077493, 48.193606], [-1.077276, 48.193506], [-1.077186, 48.193326], [-1.077231, 48.193139], [-1.077197, 48.193067], [-1.076991, 48.193002], [-1.077062, 48.192889], [-1.077002, 48.192777], [-1.077163, 48.192498], [-1.077314, 48.192445], [-1.077366, 48.192347], [-1.077157, 48.192154], [-1.077371, 48.192061], [-1.077342, 48.191969], [-1.077193, 48.191963], [-1.077049, 48.191875], [-1.077269, 48.191627], [-1.077584, 48.191451], [-1.077685, 48.191173], [-1.077586, 48.191073], [-1.077603, 48.190747], [-1.077741, 48.190712], [-1.077864, 48.190612], [-1.077802, 48.190538], [-1.077607, 48.19053], [-1.077766, 48.190356], [-1.077686, 48.190292], [-1.077735, 48.190199], [-1.078199, 48.190012], [-1.078598, 48.189784], [-1.078535, 48.189659], [-1.078276, 48.189617], [-1.078052, 48.189525], [-1.078192, 48.189434], [-1.078341, 48.189407], [-1.07835, 48.189317], [-1.078198, 48.189283], [-1.07811, 48.189109], [-1.078143, 48.18901], [-1.078004, 48.188934], [-1.078059, 48.188852], [-1.078006, 48.188592], [-1.078054, 48.188467], [-1.078005, 48.188307], [-1.077876, 48.188213], [-1.077725, 48.188237], [-1.077661, 48.188165], [-1.077776, 48.188096], [-1.077699, 48.187994], [-1.077462, 48.187901], [-1.077492, 48.187803], [-1.077652, 48.187629], [-1.077721, 48.187442], [-1.077642, 48.187271], [-1.077303, 48.187381], [-1.077183, 48.187289], [-1.077215, 48.187218], [-1.077478, 48.187156], [-1.07744, 48.186892], [-1.077259, 48.186689], [-1.077385, 48.186661], [-1.077627, 48.186725], [-1.078006, 48.186589], [-1.078013, 48.186357], [-1.078413, 48.186296], [-1.078412, 48.186161], [-1.078309, 48.186104], [-1.077911, 48.186031], [-1.077975, 48.18583], [-1.077746, 48.18577], [-1.077667, 48.185709], [-1.077953, 48.185594], [-1.078048, 48.185522], [-1.078129, 48.185362], [-1.078047, 48.185245], [-1.077815, 48.185256], [-1.077862, 48.185081], [-1.078285, 48.185112], [-1.078431, 48.18501], [-1.078705, 48.185062], [-1.07889, 48.185005], [-1.079062, 48.184775], [-1.079081, 48.18446], [-1.078912, 48.184367], [-1.078911, 48.184275], [-1.07936, 48.18414], [-1.07956, 48.18421], [-1.079875, 48.184125], [-1.079862, 48.183967], [-1.079712, 48.183872], [-1.07977, 48.183778], [-1.07994, 48.183746], [-1.079903, 48.183486], [-1.0797, 48.183492], [-1.079536, 48.183433], [-1.079342, 48.183515], [-1.079114, 48.18344], [-1.078992, 48.183277], [-1.079397, 48.183006], [-1.079419, 48.1829], [-1.079294, 48.182844], [-1.079168, 48.182945], [-1.079019, 48.182931], [-1.079062, 48.182698], [-1.079651, 48.182584], [-1.079761, 48.18252], [-1.079936, 48.182337], [-1.079786, 48.182063], [-1.079784, 48.181963], [-1.079513, 48.18195], [-1.079404, 48.182009], [-1.079296, 48.181832], [-1.079154, 48.181801], [-1.078923, 48.181848], [-1.078803, 48.181757], [-1.078825, 48.181682], [-1.079114, 48.181634], [-1.07938, 48.181466], [-1.07934, 48.181262], [-1.078848, 48.18109], [-1.078812, 48.180934], [-1.078956, 48.1806], [-1.078977, 48.180406], [-1.078832, 48.180129], [-1.078605, 48.179953], [-1.078436, 48.179794], [-1.078432, 48.179714], [-1.078572, 48.179518], [-1.078567, 48.179259], [-1.078721, 48.17913], [-1.079079, 48.179022], [-1.079099, 48.178896], [-1.079047, 48.178698], [-1.078816, 48.178444], [-1.078726, 48.178274], [-1.078743, 48.178112], [-1.078933, 48.177904], [-1.079076, 48.177814], [-1.079272, 48.177752], [-1.079868, 48.17764], [-1.080315, 48.177587], [-1.080486, 48.177285], [-1.08017, 48.176895], [-1.08012, 48.17668], [-1.080152, 48.176517], [-1.080397, 48.176287], [-1.080245, 48.175948], [-1.080269, 48.175867], [-1.080413, 48.175818], [-1.0807, 48.175642], [-1.080751, 48.175577], [-1.080608, 48.175409], [-1.08033, 48.174956], [-1.08016, 48.174771], [-1.079981, 48.174731], [-1.079581, 48.174785], [-1.079242, 48.174999], [-1.079094, 48.175003], [-1.078884, 48.174549], [-1.078709, 48.174283], [-1.07864, 48.174248], [-1.078491, 48.173963], [-1.078409, 48.173929], [-1.077981, 48.173965], [-1.077776, 48.173926], [-1.077678, 48.173837], [-1.077475, 48.173815], [-1.077331, 48.173881], [-1.077087, 48.173869], [-1.076472, 48.173684], [-1.075775, 48.173448], [-1.075541, 48.173327], [-1.075589, 48.173219], [-1.07605, 48.173019], [-1.076028, 48.172849], [-1.076164, 48.172603], [-1.076008, 48.172453], [-1.075777, 48.172291], [-1.075442, 48.172151], [-1.075253, 48.172147], [-1.075078, 48.171872], [-1.07503, 48.171719], [-1.075564, 48.171358], [-1.075574, 48.171276], [-1.075198, 48.171014], [-1.074982, 48.17075], [-1.074961, 48.170596], [-1.07511, 48.170351], [-1.075239, 48.170258], [-1.075479, 48.17019], [-1.075473, 48.170073], [-1.075653, 48.169916], [-1.07624, 48.169812], [-1.07649, 48.169716], [-1.076717, 48.169685], [-1.076955, 48.16959], [-1.07737, 48.169283], [-1.077727, 48.16914], [-1.077914, 48.169127], [-1.078226, 48.169183], [-1.078476, 48.16907], [-1.078505, 48.168881], [-1.078481, 48.168656], [-1.078527, 48.168475], [-1.078312, 48.167905], [-1.078207, 48.167743], [-1.077976, 48.167498], [-1.07762, 48.167202], [-1.0773, 48.167031], [-1.076881, 48.166999], [-1.076061, 48.167023], [-1.075747, 48.16697], [-1.075442, 48.166834], [-1.075251, 48.166786], [-1.074926, 48.166768], [-1.074781, 48.166808], [-1.073889, 48.16715], [-1.073727, 48.167137], [-1.073378, 48.166742], [-1.073252, 48.166664], [-1.07288, 48.166531], [-1.072837, 48.166478], [-1.072773, 48.16612], [-1.07278, 48.165849], [-1.072886, 48.165406], [-1.072968, 48.165214], [-1.073136, 48.16511], [-1.073475, 48.165155], [-1.073486, 48.165101], [-1.073294, 48.164638], [-1.073425, 48.164571], [-1.073494, 48.164407], [-1.073739, 48.164246], [-1.073811, 48.164091], [-1.073786, 48.16393], [-1.073417, 48.163634], [-1.07346, 48.163471], [-1.073402, 48.162996], [-1.07316, 48.162373], [-1.073136, 48.162168], [-1.072958, 48.161977], [-1.072837, 48.161968], [-1.072732, 48.161809], [-1.07276, 48.16161], [-1.072882, 48.161408], [-1.073203, 48.160986], [-1.073351, 48.160765], [-1.073818, 48.160309], [-1.074253, 48.159766], [-1.074341, 48.159467], [-1.074417, 48.15932], [-1.073702, 48.159406], [-1.07315, 48.159358], [-1.072763, 48.159184], [-1.072481, 48.159113], [-1.072425, 48.159047], [-1.072119, 48.159132], [-1.071869, 48.159302], [-1.07138, 48.159504], [-1.070489, 48.159619], [-1.069827, 48.159536], [-1.069474, 48.159466], [-1.068815, 48.159393], [-1.068289, 48.159408], [-1.06748, 48.159691], [-1.065689, 48.160524], [-1.065045, 48.160499], [-1.064933, 48.160604], [-1.064745, 48.160589], [-1.064623, 48.16074], [-1.064321, 48.160852], [-1.064167, 48.160833], [-1.064057, 48.160534], [-1.064031, 48.160361], [-1.064054, 48.159589], [-1.064047, 48.159345], [-1.063989, 48.159116], [-1.063885, 48.158882], [-1.063763, 48.158049], [-1.063642, 48.157511], [-1.063724, 48.157265], [-1.063665, 48.157147], [-1.063409, 48.155776], [-1.06312, 48.154346], [-1.063023, 48.153984], [-1.062899, 48.153665], [-1.062676, 48.153264], [-1.06245, 48.152936], [-1.062119, 48.152579], [-1.061469, 48.151828], [-1.061191, 48.151471], [-1.06073, 48.150833], [-1.06032, 48.150223], [-1.060359, 48.150128], [-1.060383, 48.149614], [-1.060425, 48.14937], [-1.060402, 48.148769], [-1.060419, 48.148487], [-1.060575, 48.14743], [-1.060691, 48.14614], [-1.060736, 48.145434], [-1.060724, 48.145097], [-1.060776, 48.143761], [-1.06081, 48.142612], [-1.060818, 48.140508], [-1.060851, 48.138687], [-1.06088, 48.138412], [-1.061093, 48.137593], [-1.061084, 48.137086], [-1.061136, 48.136826], [-1.061093, 48.136642], [-1.060987, 48.13642], [-1.060838, 48.135871], [-1.060731, 48.135232], [-1.060654, 48.134934], [-1.060543, 48.134635], [-1.060151, 48.133721], [-1.060057, 48.133533], [-1.059243, 48.13258], [-1.058954, 48.132302], [-1.058324, 48.131599], [-1.058121, 48.131249], [-1.058116, 48.131017], [-1.058204, 48.130314], [-1.058249, 48.13015], [-1.058377, 48.129923], [-1.058823, 48.129509], [-1.059054, 48.129141], [-1.059207, 48.128673], [-1.059256, 48.128162], [-1.059349, 48.127774], [-1.059416, 48.127381], [-1.059419, 48.127123], [-1.059391, 48.126537], [-1.059387, 48.125814], [-1.059369, 48.125706], [-1.059187, 48.125354], [-1.058887, 48.124954], [-1.058741, 48.1248], [-1.058351, 48.124487], [-1.05796, 48.124006], [-1.057718, 48.123638], [-1.057391, 48.122905], [-1.057346, 48.122775], [-1.057204, 48.122757], [-1.057203, 48.122653], [-1.056883, 48.122216], [-1.056794, 48.122007], [-1.056713, 48.121719], [-1.056667, 48.121246], [-1.056711, 48.121044], [-1.056758, 48.120501], [-1.056755, 48.120337], [-1.0566, 48.119781], [-1.056466, 48.119366], [-1.056183, 48.118961], [-1.055979, 48.11872], [-1.055721, 48.118473], [-1.055352, 48.118191], [-1.054736, 48.117849], [-1.054484, 48.117694], [-1.054332, 48.117511], [-1.054087, 48.117158], [-1.054016, 48.116999], [-1.054062, 48.116648], [-1.054057, 48.116013], [-1.054107, 48.115823], [-1.054294, 48.115367], [-1.054458, 48.114908], [-1.05449, 48.114697], [-1.054612, 48.114353], [-1.054734, 48.114087], [-1.054816, 48.113783], [-1.054857, 48.113378], [-1.054774, 48.112342], [-1.05475, 48.111642], [-1.054521, 48.110571], [-1.054543, 48.110346], [-1.054681, 48.11008], [-1.054857, 48.109802], [-1.054856, 48.109627], [-1.054718, 48.10937], [-1.054609, 48.109276], [-1.054151, 48.108982], [-1.053952, 48.108833], [-1.05373, 48.108603], [-1.053538, 48.108355], [-1.052921, 48.107813], [-1.052741, 48.107488], [-1.052637, 48.107024], [-1.052586, 48.106391], [-1.052552, 48.106286], [-1.053082, 48.106104], [-1.052472, 48.105698], [-1.051684, 48.105188], [-1.051755, 48.105104], [-1.051731, 48.104911], [-1.05166, 48.104704], [-1.051366, 48.103698], [-1.050817, 48.101654], [-1.05068, 48.101059], [-1.050678, 48.100756], [-1.050693, 48.097981], [-1.050704, 48.097657], [-1.050698, 48.096421], [-1.050726, 48.095901], [-1.050712, 48.094895], [-1.050679, 48.094613], [-1.050613, 48.094367], [-1.050386, 48.0938], [-1.05022, 48.093513], [-1.050088, 48.093229], [-1.050029, 48.092994], [-1.050021, 48.092305], [-1.049997, 48.091941], [-1.049823, 48.090899], [-1.049752, 48.090128], [-1.049699, 48.089984], [-1.049536, 48.089841], [-1.049342, 48.089746], [-1.049013, 48.089531], [-1.048771, 48.089189], [-1.048482, 48.088559], [-1.048015, 48.087767], [-1.047553, 48.087015], [-1.047252, 48.08644], [-1.045626, 48.084013], [-1.044641, 48.082291], [-1.044536, 48.082167], [-1.044224, 48.081913], [-1.04376, 48.081667], [-1.043556, 48.081516], [-1.043095, 48.080975], [-1.042805, 48.080543], [-1.042629, 48.080332], [-1.042033, 48.079672], [-1.041306, 48.078816], [-1.040983, 48.078476], [-1.040786, 48.0783], [-1.040467, 48.078086], [-1.039119, 48.077422], [-1.038672, 48.077213], [-1.037682, 48.076773], [-1.037353, 48.076642], [-1.036, 48.076256], [-1.035575, 48.076105], [-1.034967, 48.075823], [-1.034165, 48.075363], [-1.033951, 48.075223], [-1.033487, 48.074869], [-1.032872, 48.074356], [-1.03227, 48.073985], [-1.030582, 48.073078], [-1.030214, 48.072891], [-1.029021, 48.072328], [-1.02867, 48.072127], [-1.027737, 48.071485], [-1.026987, 48.070911], [-1.026684, 48.070654], [-1.026014, 48.070209], [-1.025692, 48.070016], [-1.025375, 48.069884], [-1.025061, 48.069767], [-1.023746, 48.069196], [-1.023108, 48.068908], [-1.022574, 48.068723], [-1.021913, 48.068557], [-1.02136, 48.068399], [-1.021583, 48.068237], [-1.022983, 48.067583], [-1.023631, 48.067229], [-1.024179, 48.066885], [-1.025217, 48.066408], [-1.025627, 48.066176], [-1.026363, 48.065698], [-1.026636, 48.0655], [-1.027042, 48.065116], [-1.027301, 48.064786], [-1.02771, 48.064199], [-1.028361, 48.063242], [-1.028301, 48.063203], [-1.028295, 48.063039], [-1.028354, 48.062445], [-1.028353, 48.062173], [-1.028257, 48.060628], [-1.028214, 48.059929], [-1.028152, 48.059889], [-1.027991, 48.059462], [-1.028063, 48.059164], [-1.02823, 48.059005], [-1.029383, 48.058117], [-1.030741, 48.057313], [-1.031959, 48.056883], [-1.032754, 48.054977], [-1.03357, 48.053047], [-1.033385, 48.052184], [-1.032555, 48.051308], [-1.03225, 48.051074], [-1.032214, 48.050787], [-1.031531, 48.049729], [-1.031854, 48.049451], [-1.031116, 48.049066], [-1.030279, 48.048729], [-1.029757, 48.048468], [-1.0297, 48.04849], [-1.029331, 48.048301], [-1.028918, 48.048136], [-1.0287, 48.048023], [-1.028404, 48.04782], [-1.027978, 48.047469], [-1.027941, 48.047393], [-1.027974, 48.047189], [-1.027937, 48.04688], [-1.02784, 48.04672], [-1.02697, 48.045885], [-1.026562, 48.045602], [-1.027008, 48.045357], [-1.027292, 48.045119], [-1.027483, 48.045129], [-1.027862, 48.045106], [-1.028321, 48.044705], [-1.028783, 48.044543], [-1.02902, 48.04441], [-1.029871, 48.043704], [-1.030152, 48.043447], [-1.030158, 48.043103], [-1.029982, 48.042676], [-1.029176, 48.041783], [-1.028851, 48.041391], [-1.028375, 48.041337], [-1.028043, 48.041247], [-1.027917, 48.041163], [-1.027711, 48.040862], [-1.027471, 48.040757], [-1.027198, 48.040565], [-1.027147, 48.040204], [-1.027138, 48.039773], [-1.027304, 48.039443], [-1.027452, 48.039308], [-1.027765, 48.039185], [-1.027889, 48.039082], [-1.028123, 48.039068], [-1.028301, 48.038931], [-1.028476, 48.038902], [-1.028975, 48.038584], [-1.0292, 48.038414], [-1.029418, 48.038169], [-1.029414, 48.037776], [-1.029328, 48.037424], [-1.029313, 48.037091], [-1.029264, 48.03672], [-1.029314, 48.03656], [-1.029422, 48.036461], [-1.029442, 48.036111], [-1.029566, 48.035948], [-1.029713, 48.035866], [-1.030756, 48.035601], [-1.031238, 48.035409], [-1.031492, 48.035211], [-1.031933, 48.034757], [-1.032009, 48.03466], [-1.031894, 48.034549], [-1.032132, 48.034347], [-1.032381, 48.03424], [-1.032604, 48.034094], [-1.032947, 48.033512], [-1.033576, 48.03346], [-1.034111, 48.033494], [-1.034518, 48.033581], [-1.034979, 48.033732], [-1.034978, 48.033536], [-1.034916, 48.033396], [-1.03468, 48.033172], [-1.034334, 48.032792], [-1.033747, 48.031996], [-1.03364, 48.031868], [-1.032822, 48.03099], [-1.032505, 48.030515], [-1.032145, 48.030066], [-1.031453, 48.029114], [-1.031224, 48.028739], [-1.030919, 48.028201], [-1.030568, 48.02776], [-1.029957, 48.027104], [-1.02965, 48.026749], [-1.028421, 48.025035], [-1.027994, 48.024457], [-1.027791, 48.024239], [-1.026816, 48.023328], [-1.025865, 48.022424], [-1.025718, 48.022264], [-1.025539, 48.021984], [-1.025396, 48.02165], [-1.025056, 48.020635], [-1.024889, 48.020332], [-1.024726, 48.020188], [-1.023757, 48.019428], [-1.021959, 48.017984], [-1.021721, 48.017805], [-1.021377, 48.017587], [-1.021327, 48.017452], [-1.021073, 48.017148], [-1.020794, 48.016614], [-1.019759, 48.015169], [-1.019612, 48.014912], [-1.019521, 48.014636], [-1.019365, 48.014317], [-1.018553, 48.013357], [-1.018309, 48.013004], [-1.018237, 48.012727], [-1.018226, 48.012554], [-1.018237, 48.011597], [-1.018252, 48.01149], [-1.0184, 48.011175], [-1.018611, 48.010928], [-1.018705, 48.010861], [-1.018257, 48.010801], [-1.018015, 48.010718], [-1.017759, 48.010516], [-1.017684, 48.01033], [-1.01745, 48.009504], [-1.017331, 48.0093], [-1.016941, 48.008863], [-1.016748, 48.008572], [-1.016644, 48.008314], [-1.016597, 48.008082], [-1.016644, 48.007685], [-1.016751, 48.007396], [-1.016848, 48.007041], [-1.017039, 48.006597], [-1.017127, 48.00649], [-1.018152, 48.005836], [-1.018611, 48.005554], [-1.018841, 48.005347], [-1.018944, 48.005186], [-1.018977, 48.005038], [-1.018951, 48.00485], [-1.018803, 48.004435], [-1.01871, 48.004245], [-1.01867, 48.004069], [-1.018464, 48.003918], [-1.018165, 48.003786], [-1.016874, 48.003555], [-1.015978, 48.003431], [-1.015613, 48.003397], [-1.015908, 48.003017], [-1.015922, 48.00285], [-1.016142, 48.002625], [-1.016569, 48.00244], [-1.016994, 48.002149], [-1.017025, 48.001971], [-1.017351, 48.001813], [-1.01792, 48.001492], [-1.018077, 48.00153], [-1.018373, 48.001395], [-1.018682, 48.001338], [-1.018835, 48.001255], [-1.019054, 48.001208], [-1.019379, 48.001083], [-1.019488, 48.000979], [-1.019755, 48.000899], [-1.019837, 48.00076], [-1.01987, 48.00056], [-1.01996, 48.000424], [-1.020109, 48.000045], [-1.020143, 47.9996], [-1.020119, 47.999404], [-1.020156, 47.999202], [-1.019945, 47.998034], [-1.019892, 47.997098], [-1.019974, 47.996985], [-1.020269, 47.996905], [-1.020584, 47.996456], [-1.020608, 47.996307], [-1.020715, 47.996021], [-1.020816, 47.995644], [-1.020864, 47.995375], [-1.021043, 47.995282], [-1.021149, 47.995088], [-1.021285, 47.995003], [-1.021525, 47.995], [-1.021613, 47.994834], [-1.021956, 47.994825], [-1.022113, 47.994846], [-1.022408, 47.994809], [-1.022595, 47.99467], [-1.022601, 47.99453], [-1.022669, 47.994386], [-1.022667, 47.994219], [-1.023087, 47.994285], [-1.023585, 47.994328], [-1.023901, 47.994329], [-1.023939, 47.994108], [-1.024022, 47.993915], [-1.024293, 47.993997], [-1.024575, 47.994002], [-1.024767, 47.993948], [-1.025103, 47.993965], [-1.025565, 47.994016], [-1.025759, 47.993873], [-1.026061, 47.993907], [-1.026101, 47.993836], [-1.026345, 47.993833], [-1.026454, 47.993902], [-1.026812, 47.993795], [-1.026684, 47.993703], [-1.027084, 47.993676], [-1.027869, 47.99369], [-1.028229, 47.993663], [-1.028496, 47.993497], [-1.028474, 47.993387], [-1.02858, 47.993256], [-1.028842, 47.99321], [-1.029043, 47.993067], [-1.028956, 47.99293], [-1.029336, 47.992871], [-1.029429, 47.992779], [-1.030037, 47.992613], [-1.030446, 47.992569], [-1.030888, 47.992521], [-1.031338, 47.992571], [-1.03159, 47.992544], [-1.032675, 47.992495], [-1.033168, 47.992505], [-1.033808, 47.992462], [-1.034104, 47.992401], [-1.034824, 47.992319], [-1.035242, 47.992234], [-1.035535, 47.99213], [-1.036137, 47.991948], [-1.036725, 47.991733], [-1.037121, 47.991694], [-1.037679, 47.991675], [-1.038157, 47.991573], [-1.038612, 47.991296], [-1.039195, 47.991009], [-1.039467, 47.990855], [-1.040037, 47.990615], [-1.040281, 47.990561], [-1.040597, 47.990526], [-1.040973, 47.990441], [-1.041318, 47.990265], [-1.041717, 47.990112], [-1.042121, 47.989828], [-1.042479, 47.989703], [-1.043046, 47.989449], [-1.043284, 47.989099], [-1.04355, 47.989011], [-1.043821, 47.988817], [-1.044075, 47.988468], [-1.044394, 47.988292], [-1.04471, 47.98819], [-1.045132, 47.988023], [-1.045507, 47.987955], [-1.045646, 47.987828], [-1.045584, 47.987492], [-1.045466, 47.987322], [-1.04522, 47.987263], [-1.045119, 47.987143], [-1.045081, 47.986793], [-1.045404, 47.986463], [-1.045468, 47.986338], [-1.045442, 47.986175], [-1.04532, 47.985967], [-1.045367, 47.985847], [-1.045789, 47.985744], [-1.046319, 47.985556], [-1.04655, 47.985499], [-1.046987, 47.985444], [-1.04725, 47.985333], [-1.047471, 47.985201], [-1.047786, 47.984934], [-1.047952, 47.984872], [-1.04849, 47.984893], [-1.048834, 47.984716], [-1.049063, 47.984664], [-1.04926, 47.984581], [-1.049621, 47.984588], [-1.049981, 47.984642], [-1.050179, 47.984638], [-1.050592, 47.984458], [-1.050923, 47.9845], [-1.05131, 47.984457], [-1.051458, 47.984408], [-1.051605, 47.984434], [-1.051637, 47.984809], [-1.051916, 47.984882], [-1.05211, 47.984817], [-1.052351, 47.984674], [-1.052683, 47.984393], [-1.052834, 47.984372], [-1.053188, 47.984467], [-1.053495, 47.98445], [-1.053834, 47.984594], [-1.053973, 47.984504], [-1.054224, 47.984544], [-1.054285, 47.984507], [-1.054219, 47.984155], [-1.054337, 47.984093], [-1.05465, 47.984049], [-1.054755, 47.983988], [-1.054913, 47.984013], [-1.054884, 47.984146], [-1.055033, 47.984222], [-1.055137, 47.984444], [-1.055447, 47.984501], [-1.055628, 47.984379], [-1.055796, 47.984345], [-1.05593, 47.984421], [-1.055873, 47.984551], [-1.055936, 47.984621], [-1.056095, 47.984585], [-1.056224, 47.984414], [-1.056422, 47.984391], [-1.056735, 47.984425], [-1.056893, 47.984581], [-1.057173, 47.984692], [-1.057401, 47.984631], [-1.057598, 47.984531], [-1.057678, 47.984738], [-1.057929, 47.984621], [-1.058283, 47.984542], [-1.058238, 47.984412], [-1.058505, 47.984425], [-1.058494, 47.984527], [-1.058663, 47.984601], [-1.058889, 47.984456], [-1.059049, 47.984418], [-1.059319, 47.984445], [-1.059541, 47.98453], [-1.059632, 47.984632], [-1.059845, 47.984699], [-1.060093, 47.984704], [-1.060225, 47.984642], [-1.060409, 47.984749], [-1.060765, 47.984628], [-1.060807, 47.984408], [-1.060882, 47.984377], [-1.061135, 47.984509], [-1.0612, 47.984353], [-1.061433, 47.984374], [-1.061608, 47.984352], [-1.061874, 47.984511], [-1.061716, 47.98464], [-1.061711, 47.984719], [-1.062091, 47.984767], [-1.06209, 47.984864], [-1.062274, 47.984964], [-1.062313, 47.985129], [-1.062483, 47.985158], [-1.062769, 47.985086], [-1.062863, 47.98519], [-1.062968, 47.985112], [-1.063079, 47.985143], [-1.063081, 47.985463], [-1.063215, 47.985437], [-1.063278, 47.985322], [-1.063251, 47.985177], [-1.063434, 47.985147], [-1.063507, 47.985307], [-1.063671, 47.985441], [-1.063564, 47.985511], [-1.063645, 47.985591], [-1.063911, 47.985395], [-1.063923, 47.985203], [-1.064154, 47.985226], [-1.064219, 47.98539], [-1.064396, 47.985404], [-1.064433, 47.985307], [-1.064359, 47.985185], [-1.064149, 47.98509], [-1.064159, 47.985013], [-1.064352, 47.984903], [-1.064432, 47.984985], [-1.064782, 47.984997], [-1.065086, 47.984911], [-1.065207, 47.984835], [-1.0653, 47.984693], [-1.06544, 47.984651], [-1.065506, 47.984316], [-1.065907, 47.984116], [-1.066142, 47.984137], [-1.06623, 47.984215], [-1.066628, 47.984215], [-1.066792, 47.984124], [-1.066878, 47.983953], [-1.066724, 47.983802], [-1.067044, 47.983653], [-1.067258, 47.983638], [-1.06755, 47.983674], [-1.067643, 47.983588], [-1.067576, 47.98343], [-1.067662, 47.983316], [-1.067896, 47.983252], [-1.068065, 47.983085], [-1.068167, 47.98307], [-1.068399, 47.983143], [-1.068611, 47.983079], [-1.068671, 47.98298], [-1.068883, 47.98303], [-1.068952, 47.983206], [-1.069137, 47.983202], [-1.069504, 47.983019], [-1.069631, 47.982798], [-1.069641, 47.982498], [-1.069795, 47.982393], [-1.070065, 47.982394], [-1.070271, 47.982714], [-1.070429, 47.982741], [-1.070611, 47.982661], [-1.070775, 47.982111], [-1.070767, 47.981906], [-1.071038, 47.9818], [-1.071309, 47.981775], [-1.071649, 47.981858], [-1.071876, 47.981886], [-1.071971, 47.982112], [-1.072486, 47.982316], [-1.072611, 47.982334], [-1.072893, 47.982255], [-1.07305, 47.982282], [-1.073107, 47.982552], [-1.07333, 47.982632], [-1.074124, 47.982692], [-1.074345, 47.982722], [-1.074401, 47.982808], [-1.074324, 47.983007], [-1.074375, 47.983074], [-1.074571, 47.983088], [-1.074765, 47.983051], [-1.075084, 47.983097], [-1.075515, 47.983218], [-1.075875, 47.983229], [-1.076181, 47.983488], [-1.076388, 47.983628], [-1.076609, 47.983645], [-1.0769, 47.98391], [-1.076959, 47.984002], [-1.077197, 47.984179], [-1.077409, 47.984204], [-1.07756, 47.984152], [-1.078247, 47.98407], [-1.078338, 47.984233], [-1.078677, 47.984383], [-1.078912, 47.984451], [-1.079065, 47.984406], [-1.079013, 47.984185], [-1.079079, 47.984109], [-1.079255, 47.98408], [-1.079333, 47.983964], [-1.079577, 47.983945], [-1.079664, 47.984166], [-1.079645, 47.984321], [-1.079917, 47.984455], [-1.080193, 47.984343], [-1.080495, 47.984423], [-1.080759, 47.98438], [-1.081231, 47.984453], [-1.081524, 47.984406], [-1.081558, 47.984511], [-1.081982, 47.984647], [-1.082166, 47.984744], [-1.082183, 47.984823], [-1.082011, 47.984881], [-1.081797, 47.985006], [-1.081853, 47.985114], [-1.08199, 47.985175], [-1.082184, 47.985165], [-1.082484, 47.985102], [-1.082552, 47.985151], [-1.08257, 47.985326], [-1.082701, 47.9855], [-1.082879, 47.985612], [-1.083107, 47.985624], [-1.083279, 47.985593], [-1.083553, 47.985609], [-1.083504, 47.985712], [-1.083221, 47.985855], [-1.083277, 47.985954], [-1.083517, 47.986059], [-1.083499, 47.986185], [-1.083746, 47.986226], [-1.084103, 47.986174], [-1.084368, 47.986226], [-1.08447, 47.986295], [-1.084534, 47.986425], [-1.085124, 47.986525], [-1.085393, 47.9866], [-1.085469, 47.986686], [-1.085313, 47.986871], [-1.085795, 47.986907], [-1.086036, 47.986865], [-1.086091, 47.986673], [-1.086218, 47.986627], [-1.086502, 47.98671], [-1.086644, 47.986824], [-1.086799, 47.986821], [-1.086857, 47.98675], [-1.087096, 47.986734], [-1.087158, 47.986826], [-1.087369, 47.986913], [-1.087643, 47.986803], [-1.087732, 47.986719], [-1.088053, 47.986666], [-1.088188, 47.986501], [-1.088317, 47.986482], [-1.088425, 47.986268], [-1.088614, 47.986324], [-1.088612, 47.986594], [-1.088706, 47.986758], [-1.088748, 47.986938], [-1.088948, 47.986908], [-1.089075, 47.986963], [-1.08924, 47.987192], [-1.089488, 47.987178], [-1.089624, 47.987215], [-1.089734, 47.987505], [-1.09023, 47.987659], [-1.090418, 47.987653], [-1.090773, 47.987486], [-1.091233, 47.987638], [-1.091422, 47.987852], [-1.091784, 47.987765], [-1.092057, 47.987587], [-1.092453, 47.98753], [-1.092767, 47.987533], [-1.092959, 47.987565], [-1.093051, 47.98746], [-1.092944, 47.987251], [-1.093164, 47.987229], [-1.093551, 47.987096], [-1.093722, 47.98709], [-1.093989, 47.986999], [-1.094521, 47.986935], [-1.095146, 47.986942], [-1.095303, 47.986897], [-1.095592, 47.9869], [-1.095791, 47.986734], [-1.095816, 47.986623], [-1.096041, 47.986472], [-1.096574, 47.986475], [-1.096897, 47.986537], [-1.097789, 47.986612], [-1.097928, 47.986743], [-1.098145, 47.986886], [-1.098242, 47.987056], [-1.098269, 47.987233], [-1.098408, 47.987274], [-1.098754, 47.987305], [-1.098948, 47.987436], [-1.098929, 47.98751], [-1.098543, 47.987777], [-1.098722, 47.987852], [-1.098841, 47.987996], [-1.0988, 47.988186], [-1.098717, 47.988267], [-1.098796, 47.988338], [-1.098753, 47.988632], [-1.099176, 47.988758], [-1.099813, 47.988987], [-1.100129, 47.989018], [-1.100355, 47.988952], [-1.100379, 47.988878], [-1.100657, 47.988663], [-1.100738, 47.988682], [-1.100931, 47.988949], [-1.100684, 47.989106], [-1.100775, 47.989232], [-1.101051, 47.989261], [-1.101254, 47.989314], [-1.101481, 47.989293], [-1.101805, 47.989168], [-1.101989, 47.988941], [-1.102092, 47.988885], [-1.102457, 47.988911], [-1.102496, 47.988981], [-1.102767, 47.989038], [-1.103552, 47.988941], [-1.103607, 47.988906], [-1.103738, 47.988638], [-1.103946, 47.988445], [-1.103916, 47.988283], [-1.104017, 47.988262], [-1.104378, 47.988333], [-1.104531, 47.988296], [-1.104483, 47.98816], [-1.104255, 47.988177], [-1.103896, 47.988031], [-1.103907, 47.987879], [-1.104076, 47.987819], [-1.10423, 47.987826], [-1.104425, 47.987963], [-1.104632, 47.988031], [-1.105065, 47.988121], [-1.1052, 47.988233], [-1.10517, 47.988395], [-1.10535, 47.988398], [-1.105596, 47.988213], [-1.105687, 47.988195], [-1.10586, 47.988294], [-1.10583, 47.988405], [-1.105646, 47.988562], [-1.105649, 47.988688], [-1.10582, 47.988937], [-1.106101, 47.98905], [-1.106271, 47.989062], [-1.106632, 47.988913], [-1.106768, 47.988917], [-1.106837, 47.989001], [-1.106976, 47.988958], [-1.107099, 47.988999], [-1.107116, 47.989098], [-1.107307, 47.989133], [-1.10757, 47.989037], [-1.10775, 47.989089], [-1.107991, 47.989284], [-1.108149, 47.989271], [-1.108445, 47.989138], [-1.108655, 47.98897], [-1.108721, 47.988863], [-1.108642, 47.988664], [-1.108401, 47.988596], [-1.10835, 47.988517], [-1.108505, 47.988422], [-1.108729, 47.988448], [-1.109006, 47.988436], [-1.109207, 47.988484], [-1.109251, 47.988548], [-1.109254, 47.988768], [-1.109411, 47.988796], [-1.109494, 47.988731], [-1.109631, 47.988497], [-1.109982, 47.98835], [-1.110022, 47.988245], [-1.109973, 47.988118], [-1.109801, 47.987994], [-1.109748, 47.987836], [-1.109962, 47.987771], [-1.110168, 47.987867], [-1.110296, 47.988011], [-1.110485, 47.98813], [-1.110703, 47.988068], [-1.110738, 47.98791], [-1.110554, 47.987546], [-1.110688, 47.987453], [-1.111265, 47.987821], [-1.111349, 47.987924], [-1.111558, 47.987979], [-1.111748, 47.98793], [-1.112013, 47.987746], [-1.112205, 47.987771], [-1.112178, 47.987872], [-1.112045, 47.987967], [-1.111949, 47.988187], [-1.111666, 47.988346], [-1.111636, 47.988457], [-1.111901, 47.988661], [-1.112051, 47.988657], [-1.112527, 47.98855], [-1.112959, 47.988564], [-1.113242, 47.988623], [-1.113407, 47.988845], [-1.113557, 47.988884], [-1.113976, 47.988823], [-1.114238, 47.988672], [-1.114261, 47.988535], [-1.114378, 47.988486], [-1.114452, 47.988372], [-1.114634, 47.988353], [-1.114838, 47.988212], [-1.114816, 47.988082], [-1.11471, 47.988026], [-1.114889, 47.987868], [-1.11518, 47.987883], [-1.115536, 47.98797], [-1.115816, 47.987731], [-1.116071, 47.987563], [-1.116394, 47.987639], [-1.116507, 47.98763], [-1.116634, 47.987529], [-1.116589, 47.987305], [-1.116662, 47.987123], [-1.116958, 47.986968], [-1.117225, 47.98697], [-1.117495, 47.987071], [-1.117646, 47.9872], [-1.11769, 47.987319], [-1.11763, 47.987467], [-1.117453, 47.987593], [-1.1176, 47.987746], [-1.11777, 47.987734], [-1.118038, 47.987789], [-1.118412, 47.987738], [-1.118562, 47.987662], [-1.118561, 47.987547], [-1.118687, 47.987473], [-1.118918, 47.987501], [-1.119143, 47.98773], [-1.119289, 47.987811], [-1.119446, 47.987806], [-1.119628, 47.987727], [-1.11974, 47.987606], [-1.119612, 47.987122], [-1.119612, 47.986921], [-1.119723, 47.986754], [-1.11993, 47.986569], [-1.119929, 47.986461], [-1.119693, 47.986324], [-1.119571, 47.986198], [-1.119494, 47.986029], [-1.119563, 47.985925], [-1.119755, 47.985845], [-1.119908, 47.985839], [-1.120852, 47.985957], [-1.121157, 47.985971], [-1.12142, 47.986021], [-1.121768, 47.986181], [-1.122119, 47.986317], [-1.122301, 47.986457], [-1.122511, 47.986679], [-1.122687, 47.986739], [-1.123066, 47.986681], [-1.123604, 47.986677], [-1.123731, 47.986657], [-1.124174, 47.986789], [-1.124459, 47.986854], [-1.124817, 47.986844], [-1.125188, 47.986759], [-1.125717, 47.98653], [-1.125949, 47.986397], [-1.126026, 47.986256], [-1.125969, 47.986163], [-1.12564, 47.985938], [-1.125595, 47.985843], [-1.125679, 47.985749], [-1.125877, 47.985649], [-1.126207, 47.985644], [-1.126388, 47.985556], [-1.126421, 47.985312], [-1.126243, 47.985037], [-1.126367, 47.984724], [-1.126198, 47.984652], [-1.126042, 47.984662], [-1.125535, 47.984823], [-1.125299, 47.984931], [-1.125002, 47.984916], [-1.124873, 47.984633], [-1.124518, 47.984438], [-1.124482, 47.984298], [-1.124608, 47.983648], [-1.124682, 47.983527], [-1.125061, 47.98324], [-1.125185, 47.983043], [-1.125554, 47.982939], [-1.125759, 47.982949], [-1.125821, 47.983067], [-1.125927, 47.983107], [-1.126122, 47.983061], [-1.126239, 47.982967], [-1.126149, 47.982868], [-1.126444, 47.982707], [-1.12666, 47.982729], [-1.126831, 47.982652], [-1.127194, 47.982723], [-1.127342, 47.982662], [-1.127545, 47.98221], [-1.127663, 47.982124], [-1.127763, 47.981866], [-1.128272, 47.981745], [-1.128306, 47.98149], [-1.128282, 47.981318], [-1.128134, 47.981123], [-1.12814, 47.980975], [-1.12807, 47.980792], [-1.127532, 47.980244], [-1.126981, 47.980075], [-1.126301, 47.979982], [-1.126126, 47.980075], [-1.125911, 47.980111], [-1.125578, 47.980212], [-1.125467, 47.9802], [-1.125314, 47.980285], [-1.125177, 47.98024], [-1.125151, 47.98012], [-1.125367, 47.979809], [-1.125327, 47.97969], [-1.125052, 47.97963], [-1.124922, 47.979663], [-1.124757, 47.979831], [-1.124633, 47.979867], [-1.124535, 47.979796], [-1.124492, 47.979547], [-1.124589, 47.979266], [-1.124565, 47.979088], [-1.124611, 47.978809], [-1.124698, 47.978496], [-1.124962, 47.978469], [-1.125195, 47.97869], [-1.125363, 47.978702], [-1.125416, 47.978513], [-1.12535, 47.978045], [-1.125292, 47.977949], [-1.125304, 47.977788], [-1.125228, 47.977586], [-1.124973, 47.977145], [-1.125025, 47.97698], [-1.125788, 47.976707], [-1.125927, 47.976456], [-1.126296, 47.97632], [-1.126653, 47.976285], [-1.126936, 47.976294], [-1.127252, 47.976423], [-1.127488, 47.976336], [-1.127537, 47.976187], [-1.127301, 47.975947], [-1.127301, 47.975828], [-1.127448, 47.975612], [-1.127588, 47.975583], [-1.127879, 47.975629], [-1.127952, 47.975523], [-1.1279, 47.975391], [-1.127654, 47.975128], [-1.127683, 47.97503], [-1.127819, 47.974901], [-1.12781, 47.97476], [-1.127498, 47.97447], [-1.127136, 47.974214], [-1.127052, 47.974004], [-1.126787, 47.973862], [-1.126737, 47.973794], [-1.126847, 47.973665], [-1.12671, 47.973552], [-1.126388, 47.97359], [-1.126105, 47.973564], [-1.12599, 47.973507], [-1.125801, 47.973314], [-1.125693, 47.973086], [-1.125893, 47.972972], [-1.126001, 47.97283], [-1.125954, 47.972686], [-1.125567, 47.972627], [-1.125414, 47.972434], [-1.12541, 47.972255], [-1.125544, 47.972053], [-1.125489, 47.971895], [-1.125235, 47.971738], [-1.125269, 47.971586], [-1.125407, 47.971513], [-1.125827, 47.971366], [-1.126235, 47.971296], [-1.126764, 47.971154], [-1.127024, 47.971171], [-1.127403, 47.971096], [-1.127686, 47.971144], [-1.12788, 47.971136], [-1.128096, 47.971182], [-1.128165, 47.97124], [-1.128171, 47.971387], [-1.128466, 47.971442], [-1.12896, 47.971342], [-1.129071, 47.971282], [-1.129015, 47.971168], [-1.129127, 47.971121], [-1.129571, 47.971192], [-1.130127, 47.971309], [-1.130247, 47.971354], [-1.130207, 47.971544], [-1.130748, 47.971756], [-1.130988, 47.971756], [-1.131301, 47.971686], [-1.131587, 47.971555], [-1.132074, 47.971454], [-1.13237, 47.971355], [-1.132611, 47.971214], [-1.132971, 47.970855], [-1.133067, 47.970688], [-1.133067, 47.970403], [-1.133165, 47.970164], [-1.133126, 47.970005], [-1.132984, 47.96997], [-1.132697, 47.969974], [-1.132632, 47.969909], [-1.132645, 47.969756], [-1.132744, 47.969533], [-1.132744, 47.969343], [-1.13247, 47.968763], [-1.132533, 47.968538], [-1.132809, 47.968395], [-1.133133, 47.968352], [-1.133185, 47.968138], [-1.133411, 47.968048], [-1.133631, 47.968101], [-1.133799, 47.96801], [-1.134359, 47.967856], [-1.134537, 47.967916], [-1.13486, 47.967919], [-1.135173, 47.967877], [-1.135706, 47.967978], [-1.136059, 47.968106], [-1.136137, 47.968206], [-1.136184, 47.968399], [-1.136092, 47.968729], [-1.136205, 47.96879], [-1.136439, 47.968813], [-1.136869, 47.968975], [-1.136952, 47.969146], [-1.137063, 47.969222], [-1.13705, 47.969346], [-1.137373, 47.969317], [-1.137453, 47.969456], [-1.137366, 47.969648], [-1.137182, 47.969668], [-1.137324, 47.969797], [-1.13733, 47.969876], [-1.137473, 47.969954], [-1.137732, 47.970029], [-1.137729, 47.970216], [-1.137833, 47.970271], [-1.138091, 47.970281], [-1.138551, 47.970155], [-1.138759, 47.969915], [-1.138916, 47.969946], [-1.138957, 47.970035], [-1.138915, 47.970172], [-1.138793, 47.970275], [-1.138876, 47.970357], [-1.139125, 47.970407], [-1.139467, 47.970544], [-1.139597, 47.970557], [-1.139762, 47.970485], [-1.139854, 47.970302], [-1.139977, 47.970198], [-1.139995, 47.970105], [-1.139807, 47.969899], [-1.139648, 47.969439], [-1.139725, 47.969361], [-1.140144, 47.969197], [-1.140188, 47.969108], [-1.13995, 47.968943], [-1.139883, 47.968818], [-1.139904, 47.968697], [-1.14033, 47.968271], [-1.140555, 47.96808], [-1.140687, 47.968034], [-1.140702, 47.967936], [-1.140559, 47.967837], [-1.140539, 47.967708], [-1.140755, 47.967598], [-1.14108, 47.96754], [-1.141238, 47.967467], [-1.141514, 47.967399], [-1.14204, 47.967434], [-1.142228, 47.967422], [-1.142346, 47.96728], [-1.142578, 47.967302], [-1.142783, 47.967429], [-1.142919, 47.967306], [-1.142993, 47.96712], [-1.143122, 47.967048], [-1.143254, 47.967059], [-1.143411, 47.96726], [-1.143563, 47.967316], [-1.143716, 47.967246], [-1.143829, 47.967051], [-1.144033, 47.967016], [-1.144196, 47.967096], [-1.144471, 47.967331], [-1.144431, 47.967466], [-1.144292, 47.96767], [-1.144332, 47.967765], [-1.144525, 47.967869], [-1.144823, 47.967969], [-1.14494, 47.968061], [-1.145261, 47.968076], [-1.145536, 47.968025], [-1.145795, 47.967912], [-1.146087, 47.967975], [-1.146263, 47.967785], [-1.146461, 47.967747], [-1.147103, 47.968046], [-1.14733, 47.967986], [-1.147596, 47.967977], [-1.14775, 47.967907], [-1.147842, 47.967691], [-1.148045, 47.967645], [-1.148144, 47.967708], [-1.148098, 47.967877], [-1.147967, 47.968033], [-1.147985, 47.968129], [-1.14825, 47.968151], [-1.148586, 47.96806], [-1.148764, 47.968], [-1.149034, 47.967829], [-1.149116, 47.967581], [-1.149067, 47.967332], [-1.149109, 47.96724], [-1.149358, 47.967139], [-1.149784, 47.967147], [-1.150053, 47.966786], [-1.150331, 47.966609], [-1.150977, 47.966555], [-1.151303, 47.966243], [-1.151484, 47.966187], [-1.151953, 47.966158], [-1.152177, 47.966104], [-1.15285, 47.966101], [-1.152962, 47.966006], [-1.153046, 47.965801], [-1.153215, 47.965586], [-1.153555, 47.965505], [-1.153871, 47.96537], [-1.153992, 47.965363], [-1.15451, 47.965483], [-1.155189, 47.965467], [-1.155451, 47.965377], [-1.155493, 47.965121], [-1.155675, 47.96499], [-1.15567, 47.964881], [-1.155756, 47.964706], [-1.156024, 47.964431], [-1.156569, 47.964164], [-1.156565, 47.964022], [-1.156683, 47.963789], [-1.156618, 47.963663], [-1.156693, 47.963565], [-1.156657, 47.963265], [-1.156529, 47.963021], [-1.156085, 47.962843], [-1.156455, 47.961817], [-1.157018, 47.961214], [-1.158487, 47.958915], [-1.160313, 47.958718], [-1.160488, 47.958684], [-1.16046, 47.957578], [-1.160008, 47.956966], [-1.159575, 47.956435], [-1.159004, 47.955564], [-1.158951, 47.955171], [-1.158886, 47.954192], [-1.159027, 47.95385], [-1.159331, 47.953636], [-1.159541, 47.953592], [-1.159771, 47.953413], [-1.159877, 47.953422], [-1.160171, 47.953553], [-1.160327, 47.953555], [-1.160515, 47.953479], [-1.160918, 47.953247], [-1.161166, 47.953127], [-1.161561, 47.952825], [-1.161603, 47.952486], [-1.161506, 47.952139], [-1.161669, 47.951922], [-1.16144, 47.951434], [-1.161333, 47.950812], [-1.161179, 47.949309], [-1.161154, 47.947791], [-1.161489, 47.946733], [-1.16157, 47.946226], [-1.16165, 47.945915], [-1.162172, 47.9448], [-1.162277, 47.944653], [-1.162183, 47.944599], [-1.16212, 47.944342], [-1.161926, 47.943407], [-1.161811, 47.942943], [-1.161726, 47.942776], [-1.161515, 47.942553], [-1.160596, 47.941673], [-1.160554, 47.941651], [-1.160501, 47.941179], [-1.160344, 47.940615], [-1.160167, 47.939783], [-1.159956, 47.93954], [-1.159953, 47.939364], [-1.160004, 47.939137], [-1.16022, 47.939025], [-1.160302, 47.938866], [-1.160309, 47.938684], [-1.160379, 47.938455], [-1.161026, 47.938337], [-1.161601, 47.938197], [-1.162579, 47.938027], [-1.162722, 47.937991], [-1.163501, 47.937694], [-1.163963, 47.937499], [-1.16529, 47.937102], [-1.165772, 47.936919], [-1.165978, 47.936807], [-1.166671, 47.936356], [-1.167193, 47.935956], [-1.167414, 47.935628], [-1.16719, 47.934632], [-1.167258, 47.934221], [-1.167312, 47.934127], [-1.167641, 47.93316], [-1.16701, 47.932211], [-1.166481, 47.931245], [-1.166041, 47.930901], [-1.164942, 47.930584], [-1.164614, 47.930419], [-1.164369, 47.930239], [-1.164099, 47.929947], [-1.163809, 47.929519], [-1.163603, 47.929055], [-1.163515, 47.928708], [-1.163438, 47.928234], [-1.163442, 47.927865], [-1.163416, 47.927636], [-1.163542, 47.927391], [-1.163672, 47.927208], [-1.163898, 47.927073], [-1.164134, 47.92681], [-1.164182, 47.926629], [-1.164408, 47.926405], [-1.164466, 47.926171], [-1.16457, 47.925918], [-1.164199, 47.925804], [-1.164321, 47.925544], [-1.165303, 47.924924], [-1.1655, 47.924668], [-1.16573, 47.924774], [-1.165858, 47.924496], [-1.16599, 47.9243], [-1.165837, 47.924248], [-1.166404, 47.923397], [-1.166702, 47.922832], [-1.167026, 47.922109], [-1.167639, 47.920514], [-1.168369, 47.91876], [-1.168583, 47.918466], [-1.168585, 47.918079], [-1.168212, 47.917613], [-1.168063, 47.91722], [-1.168237, 47.917195], [-1.168207, 47.916308], [-1.168888, 47.915994], [-1.169515, 47.915539], [-1.169727, 47.915327], [-1.170307, 47.914474], [-1.170876, 47.913695], [-1.171742, 47.912487], [-1.173654, 47.912105], [-1.175269, 47.911967], [-1.17538, 47.911107], [-1.17557, 47.910882], [-1.175429, 47.910305], [-1.175508, 47.909495], [-1.175686, 47.908827], [-1.176029, 47.908248], [-1.176597, 47.907699], [-1.176789, 47.907399], [-1.176682, 47.907165], [-1.176487, 47.907021], [-1.176393, 47.906285], [-1.176329, 47.905606], [-1.17616, 47.904868], [-1.176422, 47.90436], [-1.176654, 47.904052], [-1.176447, 47.903176], [-1.176453, 47.902839], [-1.176688, 47.902594], [-1.17672, 47.902098], [-1.17665, 47.901732], [-1.177079, 47.901775], [-1.176933, 47.900411], [-1.176701, 47.89956], [-1.176891, 47.899467], [-1.176761, 47.898789], [-1.17658, 47.898468], [-1.176318, 47.89786], [-1.176242, 47.89773], [-1.176034, 47.89753], [-1.176136, 47.89739], [-1.176828, 47.897082], [-1.177115, 47.897067], [-1.178203, 47.89666], [-1.178827, 47.896535], [-1.180016, 47.89576], [-1.180237, 47.89586], [-1.180719, 47.894983], [-1.181627, 47.892904], [-1.181923, 47.892103], [-1.182461, 47.892069], [-1.183621, 47.892154], [-1.18376, 47.892213], [-1.184343, 47.892328], [-1.184549, 47.892338], [-1.186092, 47.892371], [-1.187906, 47.892351], [-1.189104, 47.892189], [-1.190207, 47.892], [-1.191853, 47.892232], [-1.192018, 47.891342], [-1.193072, 47.890912], [-1.194627, 47.889827], [-1.196044, 47.88951], [-1.196791, 47.889124], [-1.197114, 47.888032], [-1.1974, 47.885681], [-1.197446, 47.88384], [-1.197713, 47.883383], [-1.198238, 47.882828], [-1.198444, 47.882528], [-1.198493, 47.882289], [-1.19755, 47.881019], [-1.197494, 47.880849], [-1.197521, 47.880597], [-1.19764, 47.880257], [-1.197775, 47.879988], [-1.197297, 47.880004], [-1.196976, 47.879783], [-1.196848, 47.87953], [-1.196978, 47.879108], [-1.196439, 47.878693], [-1.196982, 47.877975], [-1.197206, 47.877862], [-1.196697, 47.877327], [-1.195925, 47.877176], [-1.195367, 47.876893], [-1.194247, 47.876646], [-1.19244, 47.87562], [-1.191527, 47.874974], [-1.191215, 47.874307], [-1.190912, 47.873887], [-1.190251, 47.873964], [-1.190169, 47.873521], [-1.19006, 47.873117], [-1.189876, 47.872604], [-1.189657, 47.872069], [-1.189187, 47.871186], [-1.18888, 47.870655], [-1.188891, 47.870607], [-1.188789, 47.869954], [-1.188782, 47.869703], [-1.188805, 47.869355], [-1.189011, 47.868108], [-1.189041, 47.867864], [-1.189079, 47.867549], [-1.18905, 47.867214], [-1.189288, 47.867152], [-1.189791, 47.866841], [-1.190117, 47.866595], [-1.190582, 47.866154], [-1.190997, 47.865865], [-1.191271, 47.865762], [-1.192935, 47.865345], [-1.193737, 47.865116], [-1.195035, 47.864667], [-1.196515, 47.864251], [-1.196994, 47.864032], [-1.197349, 47.863771], [-1.197485, 47.863605], [-1.19792, 47.862988], [-1.198348, 47.862178], [-1.198653, 47.861761], [-1.198774, 47.861409], [-1.198824, 47.86094], [-1.198884, 47.860764], [-1.198996, 47.860671], [-1.199423, 47.860539], [-1.199519, 47.86048], [-1.199793, 47.860152], [-1.200166, 47.859639], [-1.20042, 47.859426], [-1.201617, 47.858885], [-1.20196, 47.858613], [-1.202184, 47.8584], [-1.202346, 47.858183], [-1.202542, 47.857811], [-1.203132, 47.856895], [-1.203435, 47.85706], [-1.203413, 47.857561], [-1.204662, 47.858048], [-1.206459, 47.858717], [-1.207384, 47.858226], [-1.208013, 47.85792], [-1.208622, 47.856682], [-1.209184, 47.856929], [-1.210215, 47.857348], [-1.211354, 47.856537], [-1.21193, 47.856623], [-1.212003, 47.856672], [-1.212047, 47.856873], [-1.212268, 47.856975], [-1.21282, 47.857187], [-1.213021, 47.857317], [-1.213355, 47.857364], [-1.214036, 47.857372], [-1.215288, 47.857409], [-1.215723, 47.857451], [-1.215822, 47.85743], [-1.216101, 47.857243], [-1.216259, 47.857104], [-1.217077, 47.856308], [-1.217116, 47.85612], [-1.217295, 47.855955], [-1.21792, 47.855303], [-1.218139, 47.855038], [-1.218372, 47.854872], [-1.218996, 47.854304], [-1.2199, 47.853725], [-1.220265, 47.853524], [-1.220521, 47.853527], [-1.220703, 47.853491], [-1.220999, 47.853285], [-1.221327, 47.853139], [-1.221489, 47.853039], [-1.22167, 47.852992], [-1.221975, 47.852967], [-1.222282, 47.852824], [-1.222557, 47.852574], [-1.222918, 47.852425], [-1.223105, 47.851824], [-1.223354, 47.85136], [-1.223411, 47.851102], [-1.223291, 47.850712], [-1.222029, 47.85045], [-1.221459, 47.850405], [-1.221566, 47.850115], [-1.22123, 47.850031], [-1.221576, 47.849444], [-1.220301, 47.849208], [-1.218072, 47.848871], [-1.217661, 47.848694], [-1.217675, 47.847938], [-1.21641, 47.84745], [-1.21607, 47.847373], [-1.215314, 47.847321], [-1.214728, 47.847026], [-1.214828, 47.846448], [-1.215303, 47.84597], [-1.215177, 47.84533], [-1.214531, 47.844987], [-1.214663, 47.844745], [-1.213813, 47.844258], [-1.214139, 47.84343], [-1.214142, 47.842962], [-1.214519, 47.842357], [-1.214682, 47.842008], [-1.214783, 47.841867], [-1.214607, 47.841441], [-1.214521, 47.840787], [-1.214827, 47.839861], [-1.214971, 47.839054], [-1.215066, 47.838739], [-1.215266, 47.837], [-1.215278, 47.836629], [-1.215465, 47.836611], [-1.215725, 47.836502], [-1.216048, 47.836135], [-1.21615, 47.835969], [-1.216325, 47.835486], [-1.216585, 47.834914], [-1.216634, 47.834524], [-1.216711, 47.83431], [-1.216554, 47.833908], [-1.216399, 47.833761], [-1.21665, 47.833255], [-1.216144, 47.833088], [-1.216142, 47.832388], [-1.215901, 47.832239], [-1.215958, 47.831675], [-1.216188, 47.831785], [-1.216431, 47.831865], [-1.216524, 47.831145], [-1.216638, 47.830766], [-1.216905, 47.830256], [-1.217338, 47.830344], [-1.218687, 47.829408], [-1.218869, 47.829078], [-1.219016, 47.828548], [-1.219034, 47.828266], [-1.21922, 47.828022], [-1.219476, 47.827826], [-1.219465, 47.827664], [-1.219873, 47.827304], [-1.220318, 47.826979], [-1.220635, 47.82671], [-1.22117, 47.826416], [-1.221446, 47.826285], [-1.221587, 47.82597], [-1.221776, 47.825796], [-1.22188, 47.825616], [-1.221806, 47.825287], [-1.221897, 47.825079], [-1.222176, 47.824741], [-1.222224, 47.824522], [-1.222193, 47.82439], [-1.222283, 47.823721], [-1.222421, 47.823241], [-1.222508, 47.823107], [-1.222201, 47.822949], [-1.22255, 47.822728], [-1.222139, 47.822573], [-1.221615, 47.822203], [-1.220746, 47.821633], [-1.220389, 47.821309], [-1.220098, 47.820998], [-1.22007, 47.820908], [-1.220107, 47.820703], [-1.220183, 47.82054], [-1.220393, 47.820271], [-1.221254, 47.819958], [-1.221924, 47.819597], [-1.22232, 47.81943], [-1.222759, 47.81932], [-1.222944, 47.819322], [-1.22296, 47.819442], [-1.223201, 47.81949], [-1.223662, 47.819492], [-1.223745, 47.819632], [-1.224071, 47.819638], [-1.224222, 47.81976], [-1.224414, 47.819772], [-1.224571, 47.820061], [-1.224743, 47.820184], [-1.225142, 47.820286], [-1.225352, 47.820308], [-1.225795, 47.820421], [-1.226064, 47.820523], [-1.226505, 47.820543], [-1.22675, 47.820477], [-1.227087, 47.82034], [-1.227583, 47.820255], [-1.227737, 47.820032], [-1.227902, 47.819972], [-1.228197, 47.820048], [-1.228332, 47.820137], [-1.228525, 47.820166], [-1.228808, 47.820142], [-1.228885, 47.820083], [-1.228816, 47.819956], [-1.229041, 47.819956], [-1.229281, 47.820073], [-1.229375, 47.82006], [-1.229612, 47.820154], [-1.23046, 47.820298], [-1.231336, 47.820328], [-1.231559, 47.820346], [-1.231752, 47.820427], [-1.231996, 47.820388], [-1.232068, 47.820276], [-1.232246, 47.820266], [-1.232456, 47.820182], [-1.232657, 47.819968], [-1.23289, 47.819959], [-1.233046, 47.819871], [-1.233094, 47.819757], [-1.23301, 47.819555], [-1.233186, 47.819409], [-1.233354, 47.81939], [-1.233622, 47.819262], [-1.233896, 47.819351], [-1.234083, 47.819231], [-1.234025, 47.819093], [-1.234126, 47.819034], [-1.234314, 47.819041], [-1.234575, 47.818946], [-1.234712, 47.818833], [-1.234722, 47.818736], [-1.234845, 47.818546], [-1.234901, 47.818365], [-1.235129, 47.818298], [-1.235236, 47.818181], [-1.235392, 47.818099], [-1.235421, 47.817956], [-1.23495, 47.817566], [-1.233684, 47.816863], [-1.233757, 47.816742], [-1.234034, 47.816149], [-1.234556, 47.815071], [-1.234741, 47.814776], [-1.235063, 47.814374], [-1.235241, 47.814232], [-1.235518, 47.813848], [-1.235985, 47.813144], [-1.236094, 47.813012], [-1.236209, 47.812961], [-1.236995, 47.811865], [-1.237614, 47.811076], [-1.238113, 47.809817], [-1.238248, 47.809993], [-1.238877, 47.80976], [-1.23909, 47.80986], [-1.239373, 47.809856], [-1.239687, 47.809666], [-1.239984, 47.809755], [-1.240181, 47.809642], [-1.240184, 47.809384], [-1.240468, 47.809154], [-1.240555, 47.809116], [-1.24093, 47.809167], [-1.241112, 47.809037], [-1.241094, 47.808809], [-1.241186, 47.808652], [-1.241295, 47.80858], [-1.241636, 47.808552], [-1.241712, 47.808474], [-1.241642, 47.808309], [-1.241815, 47.808272], [-1.242058, 47.808275], [-1.24244, 47.808089], [-1.242611, 47.807936], [-1.242563, 47.807848], [-1.242248, 47.807738], [-1.2418, 47.807439], [-1.241401, 47.807251], [-1.240788, 47.807002], [-1.240434, 47.806809], [-1.239923, 47.806559], [-1.239699, 47.806301], [-1.239435, 47.806059], [-1.239427, 47.805905], [-1.239473, 47.805642], [-1.239436, 47.805334], [-1.239352, 47.805012], [-1.239363, 47.804884], [-1.239691, 47.804725], [-1.239841, 47.804452], [-1.239806, 47.804216], [-1.239649, 47.803972], [-1.239626, 47.803842], [-1.239694, 47.803723], [-1.239832, 47.803097], [-1.240199, 47.802281], [-1.240039, 47.801918], [-1.239809, 47.801534], [-1.239578, 47.800894], [-1.239282, 47.800503], [-1.239123, 47.800538], [-1.23896, 47.800474], [-1.238859, 47.80035], [-1.238761, 47.800134], [-1.238505, 47.799977], [-1.238359, 47.799929], [-1.237812, 47.799897], [-1.237415, 47.799901], [-1.23723, 47.799878], [-1.237113, 47.799701], [-1.237087, 47.7995], [-1.236935, 47.799188], [-1.236764, 47.798772], [-1.23656, 47.798461], [-1.23652, 47.79826], [-1.236584, 47.798047], [-1.236977, 47.797297], [-1.237323, 47.79616], [-1.237458, 47.795663], [-1.23764, 47.795438], [-1.23791, 47.795184], [-1.2387, 47.794592], [-1.240768, 47.793506], [-1.240953, 47.792332], [-1.241296, 47.791674], [-1.241359, 47.791157], [-1.241659, 47.791073], [-1.241294, 47.790391], [-1.242287, 47.788305], [-1.242791, 47.787131], [-1.243285, 47.785879], [-1.243615, 47.78487], [-1.243528, 47.784829], [-1.243879, 47.784052], [-1.244383, 47.78284], [-1.244541, 47.782281], [-1.24461, 47.781653], [-1.244574, 47.780934], [-1.244398, 47.779982], [-1.244357, 47.779549], [-1.244414, 47.779516], [-1.24471, 47.779115], [-1.246067, 47.77673], [-1.24617, 47.776852], [-1.247057, 47.777064], [-1.248621, 47.777391], [-1.249296, 47.777517], [-1.249683, 47.777544], [-1.250324, 47.77765], [-1.250795, 47.777703], [-1.251192, 47.77778], [-1.251519, 47.777866], [-1.252274, 47.778006], [-1.25388, 47.778336], [-1.254157, 47.778413], [-1.254872, 47.778674], [-1.255293, 47.778807], [-1.256009, 47.779011], [-1.256448, 47.779183], [-1.257653, 47.779491], [-1.258278, 47.779661], [-1.258972, 47.779758], [-1.259777, 47.779839], [-1.26022, 47.779909], [-1.26063, 47.780001], [-1.261641, 47.780203], [-1.262157, 47.78029], [-1.262832, 47.780386], [-1.264622, 47.780655], [-1.266579, 47.780888], [-1.267788, 47.781024], [-1.268701, 47.781177], [-1.270187, 47.781519], [-1.271162, 47.781765], [-1.272449, 47.782045], [-1.272779, 47.782101], [-1.273466, 47.782175], [-1.273797, 47.782237], [-1.274381, 47.782307], [-1.275057, 47.782425], [-1.275368, 47.782502], [-1.277187, 47.782882], [-1.279057, 47.783255], [-1.281055, 47.78367], [-1.282169, 47.783888], [-1.283569, 47.78425], [-1.284703, 47.784565], [-1.286376, 47.78489], [-1.286987, 47.785023], [-1.287665, 47.785153], [-1.288989, 47.78542], [-1.289962, 47.785603], [-1.290599, 47.785732], [-1.292614, 47.78623], [-1.293602, 47.786485], [-1.29395, 47.7866], [-1.295124, 47.786916], [-1.29556, 47.787063], [-1.296881, 47.787484], [-1.298134, 47.787928], [-1.298457, 47.787997], [-1.299189, 47.788181], [-1.300482, 47.788636], [-1.300791, 47.788703], [-1.302084, 47.78908], [-1.302536, 47.78919], [-1.303553, 47.789401], [-1.304499, 47.789573], [-1.304921, 47.789672], [-1.306184, 47.789924], [-1.307163, 47.790153], [-1.308906, 47.790539], [-1.309616, 47.790681], [-1.310455, 47.790873], [-1.310796, 47.790929], [-1.311365, 47.79112], [-1.311741, 47.791154], [-1.312565, 47.791189], [-1.313359, 47.791283], [-1.313974, 47.791393], [-1.314084, 47.791387], [-1.314568, 47.791497], [-1.316588, 47.791857], [-1.316758, 47.791896], [-1.317541, 47.792132], [-1.317841, 47.79224], [-1.318182, 47.792329], [-1.319047, 47.792315], [-1.319671, 47.792281], [-1.321004, 47.79216], [-1.321762, 47.792115], [-1.322176, 47.792112], [-1.323132, 47.792192], [-1.323556, 47.792177], [-1.323906, 47.792203], [-1.32486, 47.792196], [-1.325105, 47.792224], [-1.325828, 47.792455], [-1.326089, 47.792504], [-1.32617, 47.792481], [-1.327943, 47.792848], [-1.330177, 47.793273], [-1.333366, 47.793983], [-1.336475, 47.794515], [-1.336615, 47.794601], [-1.337152, 47.794629], [-1.337267, 47.79466], [-1.33851, 47.794946], [-1.339998, 47.795214], [-1.346031, 47.796465], [-1.347274, 47.796932], [-1.34774, 47.796803], [-1.348022, 47.796801], [-1.34941, 47.796987], [-1.350012, 47.797141], [-1.350549, 47.797256], [-1.351592, 47.797442], [-1.352653, 47.797658], [-1.353458, 47.797793], [-1.353825, 47.797872], [-1.356899, 47.798056], [-1.358032, 47.79802], [-1.359108, 47.798121], [-1.3606, 47.798434], [-1.362822, 47.798679], [-1.364758, 47.798662], [-1.365032, 47.798743], [-1.365056, 47.799103], [-1.364742, 47.799383], [-1.364085, 47.800484], [-1.363166, 47.801684], [-1.36247, 47.802246], [-1.361485, 47.803448], [-1.362559, 47.803504], [-1.362937, 47.803784], [-1.363102, 47.804365], [-1.363416, 47.80476], [-1.363532, 47.805142], [-1.363677, 47.805372], [-1.364166, 47.805905], [-1.364231, 47.806112], [-1.364147, 47.806292], [-1.364312, 47.806334], [-1.364473, 47.806429], [-1.364664, 47.806612], [-1.365012, 47.806627], [-1.365314, 47.806723], [-1.365495, 47.80661], [-1.365615, 47.806627], [-1.365761, 47.806769], [-1.365953, 47.806857], [-1.366493, 47.80694], [-1.366918, 47.806934], [-1.367232, 47.806984], [-1.367487, 47.807142], [-1.368177, 47.807249], [-1.369105, 47.807357], [-1.369396, 47.807462], [-1.369568, 47.807345], [-1.369787, 47.807365], [-1.370072, 47.807514], [-1.370381, 47.8076], [-1.37074, 47.807734], [-1.370868, 47.807856], [-1.371342, 47.807807], [-1.371589, 47.807996], [-1.371708, 47.80801], [-1.37186, 47.80793], [-1.371975, 47.808022], [-1.372166, 47.807992], [-1.372315, 47.808056], [-1.372556, 47.808094], [-1.372787, 47.808198], [-1.373118, 47.808256], [-1.373367, 47.808226], [-1.373857, 47.808245], [-1.374533, 47.808491], [-1.374821, 47.808663], [-1.375233, 47.808855], [-1.375638, 47.809013], [-1.376219, 47.809207], [-1.376756, 47.809208], [-1.377095, 47.809282], [-1.377307, 47.809457], [-1.377404, 47.809577], [-1.377599, 47.809681], [-1.37786, 47.809879], [-1.377977, 47.810021], [-1.377887, 47.810634], [-1.378117, 47.811144], [-1.377931, 47.811207], [-1.377841, 47.811294], [-1.377859, 47.811408], [-1.3778, 47.811591], [-1.377669, 47.811687], [-1.377289, 47.812107], [-1.377143, 47.812524], [-1.377165, 47.812742], [-1.377217, 47.812879], [-1.376933, 47.813522], [-1.376944, 47.813667], [-1.376887, 47.813806], [-1.376914, 47.81394], [-1.376682, 47.814048], [-1.376654, 47.814153], [-1.376633, 47.814668], [-1.376737, 47.815143], [-1.376893, 47.815363], [-1.376961, 47.815532], [-1.377452, 47.81553], [-1.377564, 47.815643], [-1.37767, 47.81604], [-1.377758, 47.816224], [-1.377549, 47.816355], [-1.377504, 47.816475], [-1.377837, 47.816634], [-1.378236, 47.81706], [-1.378666, 47.817112], [-1.378715, 47.81707], [-1.379004, 47.817005], [-1.378987, 47.817143], [-1.3791, 47.817247], [-1.378958, 47.817329], [-1.379199, 47.817466], [-1.379168, 47.817569], [-1.37952, 47.81767], [-1.379869, 47.817709], [-1.379952, 47.81782], [-1.380138, 47.817967], [-1.380157, 47.818042], [-1.380342, 47.81814], [-1.380481, 47.818522], [-1.380131, 47.818536], [-1.380072, 47.818576], [-1.380284, 47.819532], [-1.380299, 47.820007], [-1.380449, 47.820171], [-1.380489, 47.820393], [-1.380431, 47.820713], [-1.380457, 47.821192], [-1.380535, 47.821372], [-1.380747, 47.821635], [-1.380973, 47.822006], [-1.381087, 47.82225], [-1.381309, 47.822851], [-1.381395, 47.823021], [-1.38168, 47.823394], [-1.381918, 47.823596], [-1.382665, 47.823964], [-1.383004, 47.824096], [-1.38317, 47.824193], [-1.383387, 47.824403], [-1.383456, 47.824636], [-1.383432, 47.824792], [-1.383722, 47.824763], [-1.384061, 47.824881], [-1.384546, 47.824941], [-1.385033, 47.825175], [-1.385342, 47.825464], [-1.385521, 47.825449], [-1.38582, 47.825532], [-1.386001, 47.82551], [-1.38642, 47.825664], [-1.386778, 47.825693], [-1.387295, 47.825778], [-1.387424, 47.825846], [-1.387738, 47.826105], [-1.388027, 47.826134], [-1.388189, 47.826182], [-1.388368, 47.826316], [-1.388507, 47.826491], [-1.388581, 47.826838], [-1.388478, 47.827075], [-1.388357, 47.827503], [-1.389, 47.82803], [-1.389501, 47.82801], [-1.389849, 47.828093], [-1.390087, 47.828209], [-1.390488, 47.82833], [-1.390744, 47.828511], [-1.39112, 47.828534], [-1.391337, 47.828671], [-1.391561, 47.828742], [-1.392095, 47.828697], [-1.392431, 47.828545], [-1.392603, 47.828553], [-1.392924, 47.828806], [-1.393167, 47.828739], [-1.393347, 47.828744], [-1.393551, 47.828909], [-1.393556, 47.829033], [-1.393472, 47.82924], [-1.393524, 47.829297], [-1.394142, 47.829297], [-1.394707, 47.829328], [-1.395269, 47.829313], [-1.396036, 47.829326], [-1.396534, 47.829289], [-1.396861, 47.82923], [-1.397266, 47.829125], [-1.397445, 47.829109], [-1.397973, 47.829181], [-1.398172, 47.829186], [-1.398484, 47.829094], [-1.398596, 47.828914], [-1.398612, 47.828589], [-1.398762, 47.828428], [-1.399201, 47.82828], [-1.400195, 47.827775], [-1.40042, 47.827564], [-1.400566, 47.827239], [-1.400564, 47.826964], [-1.400682, 47.826771], [-1.401046, 47.826607], [-1.401108, 47.826507], [-1.401148, 47.826225], [-1.40121, 47.826145], [-1.401515, 47.826007], [-1.401952, 47.825724], [-1.40227, 47.825558], [-1.402462, 47.825395], [-1.40286, 47.825255], [-1.403015, 47.825065], [-1.403278, 47.82484], [-1.403538, 47.824656], [-1.403787, 47.824537], [-1.403978, 47.82453], [-1.404275, 47.824638], [-1.404537, 47.824617], [-1.40481, 47.824456], [-1.404996, 47.824419], [-1.40549, 47.824431], [-1.405667, 47.824499], [-1.405977, 47.824725], [-1.406492, 47.824857], [-1.406744, 47.825086], [-1.407093, 47.82532], [-1.407457, 47.825477], [-1.40769, 47.825631], [-1.407769, 47.825743], [-1.40775, 47.825961], [-1.407542, 47.826207], [-1.407522, 47.826543], [-1.407558, 47.826607], [-1.407949, 47.826955], [-1.408248, 47.827058], [-1.408449, 47.827224], [-1.408645, 47.827304], [-1.409028, 47.827398], [-1.409494, 47.82741], [-1.409831, 47.827444], [-1.410089, 47.827535], [-1.410187, 47.827631], [-1.41016, 47.8278], [-1.410015, 47.827969], [-1.409964, 47.828094], [-1.410175, 47.8283], [-1.410547, 47.828453], [-1.410903, 47.828568], [-1.411397, 47.828506], [-1.41177, 47.828626], [-1.412197, 47.828593], [-1.412345, 47.828654], [-1.412445, 47.828876], [-1.41267, 47.828909], [-1.412971, 47.828825], [-1.413438, 47.828582], [-1.413604, 47.828472], [-1.414103, 47.828254], [-1.414454, 47.828158], [-1.414649, 47.828065], [-1.414803, 47.82785], [-1.41465, 47.827674], [-1.414645, 47.827463], [-1.414636, 47.827345], [-1.414744, 47.827256], [-1.415238, 47.827179], [-1.415504, 47.827061], [-1.415924, 47.827049], [-1.416252, 47.827145], [-1.416566, 47.82734], [-1.417343, 47.827362], [-1.41772, 47.827404], [-1.418004, 47.827587], [-1.418254, 47.827807], [-1.418583, 47.828257], [-1.418576, 47.828446], [-1.418632, 47.828571], [-1.419227, 47.828837], [-1.419595, 47.829107], [-1.419683, 47.829227], [-1.419815, 47.829635], [-1.419916, 47.829843], [-1.420077, 47.830011], [-1.420244, 47.83036], [-1.420595, 47.83052], [-1.420749, 47.830797], [-1.420958, 47.830989], [-1.421268, 47.831192], [-1.421385, 47.831523], [-1.421702, 47.831608], [-1.42194, 47.831627], [-1.422194, 47.831599], [-1.422474, 47.831609], [-1.422581, 47.831707], [-1.422624, 47.832045], [-1.422795, 47.832129], [-1.422991, 47.832364], [-1.423207, 47.832517], [-1.423325, 47.832696], [-1.423492, 47.832772], [-1.423716, 47.832806], [-1.424003, 47.832805], [-1.424343, 47.832859], [-1.424678, 47.832883], [-1.424854, 47.832858], [-1.425528, 47.832573], [-1.425823, 47.8325], [-1.42603, 47.832493], [-1.426853, 47.832586], [-1.427257, 47.832607], [-1.42754, 47.832667], [-1.427595, 47.832911], [-1.427704, 47.832988], [-1.428137, 47.833091], [-1.42843, 47.833134], [-1.428936, 47.833049], [-1.429343, 47.832811], [-1.429501, 47.83261], [-1.429519, 47.832291], [-1.429567, 47.832118], [-1.429711, 47.831965], [-1.429875, 47.831936], [-1.430196, 47.832007], [-1.430691, 47.832221], [-1.430876, 47.832269], [-1.431092, 47.832278], [-1.431508, 47.832221], [-1.432055, 47.832317], [-1.432221, 47.832418], [-1.432263, 47.832573], [-1.43235, 47.832639], [-1.432494, 47.832618], [-1.432726, 47.83251], [-1.433137, 47.832192], [-1.433355, 47.831858], [-1.433351, 47.831752], [-1.433476, 47.831664], [-1.433837, 47.831604], [-1.434136, 47.831581], [-1.434323, 47.831606], [-1.434564, 47.831565], [-1.434749, 47.831583], [-1.435116, 47.831497], [-1.435194, 47.831432], [-1.435408, 47.831406], [-1.435558, 47.831327], [-1.435714, 47.831066], [-1.435894, 47.83096], [-1.436215, 47.83086], [-1.436773, 47.83076], [-1.436983, 47.830796], [-1.4372, 47.831076], [-1.437373, 47.83117], [-1.437749, 47.831292], [-1.438228, 47.831219], [-1.438414, 47.831093], [-1.438581, 47.830847], [-1.438846, 47.830627], [-1.439253, 47.830509], [-1.43955, 47.830484], [-1.439712, 47.83051], [-1.440066, 47.830682], [-1.440363, 47.830771], [-1.440775, 47.830837], [-1.441305, 47.830996], [-1.441476, 47.831004], [-1.441799, 47.830958], [-1.442179, 47.831088], [-1.442233, 47.831232], [-1.442067, 47.831422], [-1.442058, 47.831578], [-1.442217, 47.83167], [-1.442633, 47.831732], [-1.44289, 47.831886], [-1.443104, 47.831944], [-1.443286, 47.831944], [-1.443623, 47.8318], [-1.443898, 47.831865], [-1.443918, 47.831994], [-1.443832, 47.832123], [-1.443797, 47.832301], [-1.443874, 47.832363], [-1.444496, 47.832376], [-1.444875, 47.832409], [-1.445301, 47.832349], [-1.445721, 47.832343], [-1.446016, 47.832403], [-1.446258, 47.832524], [-1.446552, 47.83286], [-1.446856, 47.832962], [-1.44721, 47.833196], [-1.447315, 47.833222], [-1.44777, 47.83317], [-1.448432, 47.832923], [-1.448561, 47.832772], [-1.448667, 47.832744], [-1.449077, 47.832748], [-1.449371, 47.832862], [-1.449466, 47.832863], [-1.449713, 47.832615], [-1.449861, 47.832573], [-1.450196, 47.832569], [-1.450535, 47.832618], [-1.451007, 47.832652], [-1.451597, 47.832732], [-1.4518, 47.832695], [-1.452002, 47.832601], [-1.452317, 47.832669], [-1.452421, 47.832645], [-1.452591, 47.832496], [-1.45263, 47.832386], [-1.452752, 47.831756], [-1.45264, 47.83154], [-1.452652, 47.831483], [-1.452963, 47.83128], [-1.453312, 47.831132], [-1.453653, 47.831057], [-1.454032, 47.831024], [-1.454373, 47.831034], [-1.454549, 47.831072], [-1.454928, 47.831244], [-1.455497, 47.831479], [-1.455807, 47.831664], [-1.455869, 47.831874], [-1.45581, 47.832062], [-1.455825, 47.832224], [-1.455974, 47.832305], [-1.456481, 47.832294], [-1.456641, 47.83226], [-1.456887, 47.832068], [-1.45697, 47.831828], [-1.456835, 47.831594], [-1.456927, 47.831465], [-1.456986, 47.831234], [-1.457077, 47.831122], [-1.457354, 47.831081], [-1.457492, 47.8311], [-1.458438, 47.831498], [-1.458738, 47.831574], [-1.459, 47.831719], [-1.459359, 47.832051], [-1.459579, 47.832308], [-1.459732, 47.832587], [-1.459952, 47.832788], [-1.459995, 47.832903], [-1.459948, 47.833006], [-1.459625, 47.833219], [-1.459672, 47.833368], [-1.459856, 47.833639], [-1.460016, 47.833976], [-1.460286, 47.834175], [-1.460449, 47.834254], [-1.460798, 47.834326], [-1.460928, 47.834403], [-1.461, 47.834514], [-1.461027, 47.834941], [-1.460962, 47.835076], [-1.460778, 47.835264], [-1.460896, 47.835425], [-1.461387, 47.835499], [-1.461718, 47.8355], [-1.461952, 47.835585], [-1.462443, 47.835895], [-1.462679, 47.835943], [-1.463226, 47.835746], [-1.463895, 47.835564], [-1.464326, 47.835391], [-1.46445, 47.83531], [-1.464647, 47.835069], [-1.464854, 47.83487], [-1.465071, 47.834766], [-1.465323, 47.834484], [-1.465563, 47.834383], [-1.466287, 47.834184], [-1.466679, 47.834052], [-1.467128, 47.833923], [-1.467337, 47.833785], [-1.467493, 47.833759], [-1.467882, 47.833823], [-1.468374, 47.834], [-1.468844, 47.834111], [-1.469462, 47.834112], [-1.469649, 47.83408], [-1.469906, 47.833948], [-1.469982, 47.833812], [-1.469981, 47.833438], [-1.470034, 47.8332], [-1.470292, 47.833099], [-1.471152, 47.833064], [-1.471672, 47.833003], [-1.47247, 47.833166], [-1.472579, 47.833328], [-1.472863, 47.833282], [-1.473151, 47.8333], [-1.473265, 47.833414], [-1.473523, 47.833472], [-1.474038, 47.833641], [-1.474413, 47.833647], [-1.474721, 47.833611], [-1.475125, 47.833729], [-1.475219, 47.833999], [-1.475393, 47.834612], [-1.475392, 47.834846], [-1.475274, 47.834988], [-1.47532, 47.835104], [-1.475511, 47.83522], [-1.476272, 47.835504], [-1.476613, 47.835544], [-1.476914, 47.835507], [-1.477241, 47.83542], [-1.477505, 47.835434], [-1.477732, 47.835509], [-1.478059, 47.835784], [-1.47818, 47.835829], [-1.478454, 47.835825], [-1.478779, 47.835697], [-1.479057, 47.835464], [-1.479214, 47.835407], [-1.479688, 47.835315], [-1.479909, 47.835183], [-1.480537, 47.834393], [-1.480879, 47.833799], [-1.480953, 47.83346], [-1.481098, 47.833255], [-1.481578, 47.833058], [-1.481831, 47.832866], [-1.481923, 47.832653], [-1.48202, 47.832204], [-1.482119, 47.83198], [-1.482373, 47.831773], [-1.482788, 47.831614], [-1.482109, 47.830848], [-1.482508, 47.829929], [-1.482284, 47.830013], [-1.48212, 47.829995], [-1.481669, 47.829634], [-1.481593, 47.829444], [-1.481826, 47.829224], [-1.481878, 47.829092], [-1.481784, 47.828822], [-1.481351, 47.828317], [-1.481207, 47.828209], [-1.480934, 47.828069], [-1.480935, 47.82798], [-1.480831, 47.827881], [-1.480689, 47.827866], [-1.480171, 47.828041], [-1.480075, 47.827981], [-1.479887, 47.827706], [-1.479847, 47.827591], [-1.479719, 47.827504], [-1.479277, 47.827399], [-1.478916, 47.827353], [-1.478495, 47.827392], [-1.478288, 47.827362], [-1.477564, 47.827111], [-1.477441, 47.827041], [-1.477428, 47.826942], [-1.47756, 47.826594], [-1.477577, 47.826476], [-1.477514, 47.826364], [-1.477247, 47.826129], [-1.477086, 47.826035], [-1.476893, 47.826029], [-1.47668, 47.826073], [-1.476462, 47.825981], [-1.476363, 47.825791], [-1.476076, 47.825703], [-1.47582, 47.825685], [-1.475646, 47.825542], [-1.475495, 47.825356], [-1.475165, 47.825302], [-1.475036, 47.825242], [-1.474999, 47.82506], [-1.475113, 47.824736], [-1.475064, 47.82466], [-1.474869, 47.824584], [-1.474824, 47.824379], [-1.475082, 47.824299], [-1.475201, 47.824166], [-1.47568, 47.823416], [-1.475529, 47.823382], [-1.475316, 47.823394], [-1.474679, 47.823486], [-1.474573, 47.823442], [-1.474552, 47.82333], [-1.474612, 47.823063], [-1.474409, 47.823037], [-1.474106, 47.823122], [-1.473995, 47.823111], [-1.473858, 47.822937], [-1.473733, 47.822937], [-1.473533, 47.822805], [-1.473492, 47.822714], [-1.473748, 47.822472], [-1.473729, 47.82203], [-1.473919, 47.821838], [-1.473878, 47.821594], [-1.473958, 47.821231], [-1.473921, 47.82116], [-1.473488, 47.821122], [-1.473268, 47.820957], [-1.473203, 47.820775], [-1.473576, 47.820527], [-1.473598, 47.820239], [-1.473703, 47.820023], [-1.47401, 47.819755], [-1.474036, 47.819625], [-1.473974, 47.819457], [-1.473858, 47.819338], [-1.473706, 47.819313], [-1.473368, 47.819381], [-1.47321, 47.819383], [-1.473063, 47.819299], [-1.473238, 47.819103], [-1.473323, 47.818946], [-1.473195, 47.818659], [-1.473075, 47.818553], [-1.472812, 47.818511], [-1.472525, 47.818662], [-1.472226, 47.818465], [-1.47186, 47.818411], [-1.471793, 47.818272], [-1.472042, 47.818093], [-1.47207, 47.817918], [-1.471959, 47.817848], [-1.471956, 47.817754], [-1.472081, 47.817506], [-1.471994, 47.817252], [-1.471739, 47.817021], [-1.470997, 47.816897], [-1.471141, 47.816708], [-1.471377, 47.816462], [-1.471463, 47.816318], [-1.471423, 47.816075], [-1.471325, 47.815983], [-1.471172, 47.815951], [-1.470844, 47.816006], [-1.470417, 47.815786], [-1.470324, 47.815701], [-1.470239, 47.815501], [-1.470032, 47.815124], [-1.469763, 47.814876], [-1.469727, 47.814669], [-1.469856, 47.814423], [-1.470018, 47.81421], [-1.470169, 47.813896], [-1.470208, 47.813721], [-1.470194, 47.813375], [-1.470098, 47.813163], [-1.469973, 47.813039], [-1.469665, 47.812833], [-1.469656, 47.812742], [-1.469798, 47.812663], [-1.469861, 47.81251], [-1.469698, 47.812322], [-1.469278, 47.812118], [-1.469144, 47.811947], [-1.469093, 47.811716], [-1.468973, 47.811594], [-1.468837, 47.811568], [-1.468148, 47.811075], [-1.468001, 47.810866], [-1.467935, 47.810628], [-1.467942, 47.810384], [-1.467866, 47.81018], [-1.467588, 47.810045], [-1.467334, 47.809972], [-1.467158, 47.809817], [-1.46718, 47.809729], [-1.467376, 47.809561], [-1.467364, 47.809407], [-1.467006, 47.809231], [-1.466981, 47.809177], [-1.467276, 47.808991], [-1.46735, 47.808897], [-1.467337, 47.808667], [-1.467097, 47.808532], [-1.467039, 47.808338], [-1.467132, 47.80808], [-1.467019, 47.807866], [-1.466977, 47.807526], [-1.466902, 47.807331], [-1.467059, 47.807272], [-1.46744, 47.807231], [-1.467815, 47.807164], [-1.468471, 47.806973], [-1.468556, 47.806906], [-1.468544, 47.806691], [-1.468464, 47.806462], [-1.468261, 47.806303], [-1.468263, 47.80623], [-1.468488, 47.806096], [-1.468575, 47.805997], [-1.46962, 47.805849], [-1.469717, 47.805612], [-1.46977, 47.805261], [-1.469848, 47.804999], [-1.470296, 47.804556], [-1.470489, 47.804291], [-1.470506, 47.803992], [-1.470587, 47.803782], [-1.471001, 47.803392], [-1.471301, 47.802993], [-1.471729, 47.80272], [-1.47226, 47.802515], [-1.472932, 47.802204], [-1.473343, 47.802079], [-1.473968, 47.801778], [-1.474181, 47.801731], [-1.474412, 47.801727], [-1.475003, 47.801907], [-1.475624, 47.801966], [-1.476015, 47.801964], [-1.47626, 47.801937], [-1.476555, 47.80183], [-1.476783, 47.801793], [-1.477501, 47.801586], [-1.47825, 47.801324], [-1.478846, 47.801199], [-1.479174, 47.801092], [-1.479527, 47.800931], [-1.479688, 47.800612], [-1.479856, 47.800928], [-1.480631, 47.800959], [-1.481228, 47.800854], [-1.482255, 47.800892], [-1.484102, 47.800732], [-1.485349, 47.800368], [-1.486716, 47.799916], [-1.487579, 47.800028], [-1.489027, 47.799422], [-1.490289, 47.798539], [-1.490627, 47.798321], [-1.491005, 47.798163], [-1.491319, 47.798193], [-1.491632, 47.798266], [-1.491949, 47.798219], [-1.492409, 47.798202], [-1.49307, 47.798347], [-1.493328, 47.798371], [-1.493964, 47.798393], [-1.495125, 47.798398], [-1.496116, 47.798384], [-1.497531, 47.798427], [-1.498326, 47.798666], [-1.498342, 47.798891], [-1.498475, 47.798887], [-1.499579, 47.798445], [-1.500463, 47.798641], [-1.501914, 47.799313], [-1.502833, 47.800004], [-1.502916, 47.800226], [-1.502959, 47.800746], [-1.502939, 47.801056], [-1.502885, 47.801452], [-1.502958, 47.801661], [-1.503174, 47.801699], [-1.503292, 47.801392], [-1.50343, 47.801305], [-1.504034, 47.801037], [-1.505819, 47.800267], [-1.507687, 47.799368], [-1.508951, 47.79877], [-1.511522, 47.797607], [-1.512377, 47.797189], [-1.513264, 47.796774], [-1.514065, 47.796491], [-1.516348, 47.795403], [-1.520785, 47.793355], [-1.520557, 47.79289], [-1.520995, 47.79247], [-1.522535, 47.791609], [-1.522846, 47.791284], [-1.522873, 47.790743], [-1.523051, 47.790422], [-1.523817, 47.789946], [-1.523931, 47.789672], [-1.524178, 47.789394], [-1.524568, 47.789246], [-1.524824, 47.789102], [-1.524879, 47.788921], [-1.525188, 47.788595], [-1.525445, 47.788452], [-1.525812, 47.787989], [-1.526329, 47.787747], [-1.526513, 47.787516], [-1.52771, 47.78653], [-1.528061, 47.785843], [-1.528538, 47.785062], [-1.529051, 47.784776], [-1.529781, 47.784706], [-1.530858, 47.784805], [-1.531388, 47.784743], [-1.531707, 47.784552], [-1.531891, 47.78432], [-1.532214, 47.784175], [-1.532681, 47.784159], [-1.53296, 47.78433], [-1.533373, 47.784496], [-1.538354, 47.784106], [-1.539888, 47.784055], [-1.540098, 47.784268], [-1.541273, 47.783808], [-1.54243, 47.783347], [-1.542995, 47.783104], [-1.543209, 47.783105], [-1.545773, 47.783228], [-1.547818, 47.78289], [-1.549751, 47.782826], [-1.550088, 47.78286], [-1.550917, 47.783238], [-1.551909, 47.784015], [-1.55214, 47.784413], [-1.552571, 47.784848], [-1.553328, 47.785138], [-1.553928, 47.785118], [-1.554508, 47.784828], [-1.555231, 47.784669], [-1.556541, 47.784311], [-1.557265, 47.78392], [-1.557838, 47.78368], [-1.558087, 47.783541], [-1.55829, 47.783352], [-1.558693, 47.783055], [-1.559252, 47.782779], [-1.559477, 47.782599], [-1.55966, 47.782377], [-1.559953, 47.782373], [-1.560292, 47.782271], [-1.560868, 47.781941], [-1.561218, 47.78181], [-1.561468, 47.781651], [-1.561508, 47.781551], [-1.561423, 47.781328], [-1.561563, 47.781243], [-1.561936, 47.781152], [-1.562321, 47.781127], [-1.562537, 47.781235], [-1.562824, 47.781226], [-1.563167, 47.781059], [-1.563376, 47.780852], [-1.563438, 47.780645], [-1.563612, 47.780526], [-1.564061, 47.780481], [-1.564194, 47.780439], [-1.564338, 47.780239], [-1.564325, 47.780042], [-1.564373, 47.779951], [-1.564668, 47.779768], [-1.564851, 47.779284], [-1.564974, 47.779204], [-1.565134, 47.778885], [-1.565374, 47.778742], [-1.565649, 47.778721], [-1.565918, 47.778764], [-1.566078, 47.77875], [-1.566454, 47.778576], [-1.56674, 47.778564], [-1.566997, 47.778688], [-1.567088, 47.778785], [-1.567215, 47.77925], [-1.567486, 47.779375], [-1.567902, 47.779393], [-1.568359, 47.779457], [-1.568744, 47.779487], [-1.569002, 47.779558], [-1.569147, 47.779559], [-1.569415, 47.779394], [-1.569412, 47.779241], [-1.569555, 47.779113], [-1.569829, 47.778999], [-1.569946, 47.778984], [-1.57029, 47.779046], [-1.57053, 47.779005], [-1.570774, 47.778837], [-1.570999, 47.778599], [-1.571205, 47.778553], [-1.571364, 47.778565], [-1.571638, 47.778745], [-1.572095, 47.778855], [-1.572583, 47.778919], [-1.572788, 47.778928], [-1.573289, 47.778848], [-1.573439, 47.778844], [-1.574351, 47.778904], [-1.574474, 47.778848], [-1.574715, 47.778582], [-1.57482, 47.778515], [-1.575118, 47.778405], [-1.575402, 47.77827], [-1.575498, 47.778183], [-1.575636, 47.777929], [-1.57609, 47.777762], [-1.576801, 47.777695], [-1.577377, 47.777689], [-1.577564, 47.777702], [-1.577914, 47.777791], [-1.578235, 47.777921], [-1.578454, 47.77808], [-1.578684, 47.778321], [-1.579097, 47.778432], [-1.579489, 47.778448], [-1.579827, 47.778432], [-1.580089, 47.778393], [-1.580346, 47.778279], [-1.58098, 47.778202], [-1.581311, 47.778214], [-1.581485, 47.778281], [-1.581803, 47.778242], [-1.582274, 47.778295], [-1.582807, 47.778448], [-1.582979, 47.778458], [-1.583309, 47.77853], [-1.583527, 47.778676], [-1.583705, 47.778711], [-1.584036, 47.778726], [-1.58429, 47.778833], [-1.58452, 47.77887], [-1.584779, 47.778833], [-1.585043, 47.778947], [-1.585215, 47.779134], [-1.585262, 47.779238], [-1.585479, 47.779385], [-1.585929, 47.779546], [-1.586098, 47.779648], [-1.586463, 47.779711], [-1.58662, 47.779707], [-1.586975, 47.779626], [-1.58747, 47.779365], [-1.587946, 47.779034], [-1.587914, 47.778725], [-1.588096, 47.77863], [-1.588155, 47.77843], [-1.588091, 47.778145], [-1.588086, 47.777971], [-1.588132, 47.77783], [-1.588233, 47.777728], [-1.588718, 47.777446], [-1.588938, 47.777261], [-1.58932, 47.776885], [-1.589775, 47.776547], [-1.589989, 47.776411], [-1.590331, 47.776253], [-1.590646, 47.776143], [-1.591185, 47.776066], [-1.591562, 47.775863], [-1.592283, 47.775714], [-1.592819, 47.775669], [-1.59342, 47.775649], [-1.593556, 47.775682], [-1.593669, 47.775837], [-1.593898, 47.775913], [-1.59404, 47.775833], [-1.594045, 47.775674], [-1.594072, 47.775455], [-1.594303, 47.775235], [-1.594434, 47.775189], [-1.594709, 47.775161], [-1.594901, 47.774975], [-1.595138, 47.774565], [-1.595229, 47.774474], [-1.595546, 47.774301], [-1.595446, 47.774117], [-1.595412, 47.77396], [-1.595262, 47.773822], [-1.594885, 47.773644], [-1.594871, 47.773475], [-1.594925, 47.773243], [-1.594871, 47.773158], [-1.594314, 47.772863], [-1.594235, 47.772755], [-1.594276, 47.772607], [-1.594718, 47.772385], [-1.595254, 47.772222], [-1.595428, 47.772152], [-1.595821, 47.771912], [-1.596073, 47.771832], [-1.596236, 47.771734], [-1.596419, 47.771699], [-1.596723, 47.771735], [-1.596814, 47.771647], [-1.596707, 47.771482], [-1.596857, 47.77137], [-1.596983, 47.771167], [-1.59725, 47.770935], [-1.59732, 47.770811], [-1.597578, 47.770519], [-1.598019, 47.770375], [-1.598272, 47.77025], [-1.598534, 47.769824], [-1.598435, 47.769728], [-1.598265, 47.769675], [-1.597797, 47.769588], [-1.597419, 47.769497], [-1.597187, 47.769409], [-1.59683, 47.769132], [-1.596688, 47.769056], [-1.596299, 47.769031], [-1.595849, 47.769028], [-1.595331, 47.768905], [-1.594824, 47.768641], [-1.594576, 47.768561], [-1.594206, 47.768529], [-1.593915, 47.768397], [-1.593611, 47.768162], [-1.593552, 47.768012], [-1.593653, 47.767638], [-1.593768, 47.767409], [-1.593938, 47.767223], [-1.594178, 47.767105], [-1.594398, 47.767037], [-1.594951, 47.766785], [-1.595117, 47.766764], [-1.596139, 47.76683], [-1.596771, 47.766891], [-1.596945, 47.766944], [-1.597479, 47.767008], [-1.597728, 47.767005], [-1.59791, 47.766939], [-1.59802, 47.766655], [-1.598177, 47.766489], [-1.598585, 47.766223], [-1.599207, 47.765762], [-1.600972, 47.765257], [-1.601278, 47.765028], [-1.60183, 47.764527], [-1.602145, 47.764465], [-1.602431, 47.764353], [-1.602552, 47.764192], [-1.602808, 47.763965], [-1.603356, 47.763685], [-1.604217, 47.76312], [-1.604558, 47.762881], [-1.604975, 47.762785], [-1.605792, 47.762704], [-1.606433, 47.76273], [-1.606774, 47.762779], [-1.607118, 47.762858], [-1.607441, 47.762957], [-1.608032, 47.763221], [-1.608286, 47.763374], [-1.608876, 47.763882], [-1.609446, 47.764254], [-1.609919, 47.764467], [-1.610973, 47.764339], [-1.611391, 47.764341], [-1.611879, 47.764472], [-1.612327, 47.764525], [-1.612819, 47.764526], [-1.613266, 47.76445], [-1.613612, 47.764361], [-1.613804, 47.764216], [-1.613969, 47.763968], [-1.614208, 47.763843], [-1.614309, 47.763734], [-1.614399, 47.763545], [-1.614705, 47.763409], [-1.614932, 47.763376], [-1.615168, 47.763279], [-1.615238, 47.763172], [-1.61542, 47.763019], [-1.615703, 47.762874], [-1.615884, 47.762571], [-1.616129, 47.762511], [-1.616235, 47.762355], [-1.616543, 47.762434], [-1.616997, 47.762454], [-1.61715, 47.762387], [-1.617285, 47.762257], [-1.617344, 47.762022], [-1.617459, 47.761973], [-1.617775, 47.762083], [-1.618039, 47.762059], [-1.618387, 47.762388], [-1.61875, 47.762396], [-1.619029, 47.762607], [-1.619176, 47.762891], [-1.619106, 47.763029], [-1.61916, 47.763129], [-1.619348, 47.763126], [-1.619429, 47.763274], [-1.619428, 47.7635], [-1.619533, 47.763697], [-1.619865, 47.763869], [-1.61993, 47.763961], [-1.619791, 47.76411], [-1.619931, 47.764215], [-1.620341, 47.764328], [-1.620541, 47.764111], [-1.620727, 47.764107], [-1.621047, 47.764255], [-1.621296, 47.76422], [-1.621867, 47.764045], [-1.622461, 47.763752], [-1.622657, 47.763673], [-1.622813, 47.763538], [-1.623006, 47.763563], [-1.623176, 47.763476], [-1.623175, 47.763239], [-1.623248, 47.76307], [-1.623558, 47.762983], [-1.623599, 47.762849], [-1.623746, 47.762846], [-1.623817, 47.762764], [-1.623685, 47.762231], [-1.623737, 47.762091], [-1.623974, 47.76194], [-1.624423, 47.761591], [-1.624713, 47.761587], [-1.624765, 47.761472], [-1.624716, 47.761254], [-1.624853, 47.761137], [-1.625064, 47.761057], [-1.625336, 47.761019], [-1.62542, 47.760925], [-1.625455, 47.76062], [-1.625515, 47.760565], [-1.62594, 47.760426], [-1.626097, 47.760331], [-1.626396, 47.760229], [-1.626721, 47.759937], [-1.627034, 47.759907], [-1.627338, 47.759652], [-1.627245, 47.759595], [-1.627098, 47.759383], [-1.626689, 47.758628], [-1.626301, 47.758413], [-1.626207, 47.758302], [-1.626141, 47.757899], [-1.62604, 47.757639], [-1.626116, 47.757267], [-1.626024, 47.756709], [-1.626081, 47.756572], [-1.627204, 47.756265], [-1.627193, 47.75609], [-1.627235, 47.755521], [-1.627274, 47.755293], [-1.627496, 47.754583], [-1.627661, 47.753942], [-1.627821, 47.753458], [-1.627966, 47.752789], [-1.628279, 47.752165], [-1.62848, 47.751894], [-1.629443, 47.750685], [-1.630158, 47.749747], [-1.631292, 47.747705], [-1.632153, 47.746729], [-1.632752, 47.745808], [-1.633381, 47.744392], [-1.63351, 47.743442], [-1.633889, 47.743158], [-1.634941, 47.742942], [-1.635436, 47.74243], [-1.6359, 47.742369], [-1.636239, 47.742448], [-1.636505, 47.742438], [-1.636798, 47.741888], [-1.636947, 47.741207], [-1.637269, 47.740161], [-1.637211, 47.739397], [-1.636579, 47.738969], [-1.636479, 47.738522], [-1.637044, 47.738064], [-1.637119, 47.737667], [-1.637204, 47.737592], [-1.637214, 47.737049], [-1.637243, 47.736705], [-1.637611, 47.735578], [-1.637799, 47.735202], [-1.638082, 47.7341], [-1.638144, 47.733649], [-1.638286, 47.732872], [-1.638443, 47.732248], [-1.638694, 47.731519], [-1.639071, 47.730727], [-1.639142, 47.730647], [-1.639319, 47.730183], [-1.639381, 47.729804], [-1.639395, 47.729543], [-1.63941, 47.728694], [-1.639386, 47.728347], [-1.639294, 47.727923], [-1.63929, 47.727568], [-1.63938, 47.727267], [-1.639524, 47.726944], [-1.63969, 47.726642], [-1.639836, 47.726287], [-1.639881, 47.726066], [-1.639889, 47.725467], [-1.639667, 47.725428], [-1.639651, 47.725311], [-1.639274, 47.724588], [-1.639145, 47.724175], [-1.638789, 47.723769], [-1.638709, 47.72361], [-1.638335, 47.722495], [-1.638181, 47.722311], [-1.638349, 47.722242], [-1.638967, 47.722104], [-1.639086, 47.722178], [-1.639627, 47.722057], [-1.639909, 47.722025], [-1.640478, 47.721991], [-1.640773, 47.72194], [-1.640806, 47.722039], [-1.641213, 47.721946], [-1.641723, 47.721981], [-1.641726, 47.721877], [-1.642093, 47.722058], [-1.642362, 47.722261], [-1.642456, 47.722375], [-1.642594, 47.722448], [-1.642766, 47.722473], [-1.643138, 47.722451], [-1.643993, 47.722234], [-1.644307, 47.722138], [-1.644549, 47.721973], [-1.645589, 47.721415], [-1.646099, 47.721257], [-1.646626, 47.721153], [-1.648272, 47.720992], [-1.648478, 47.720862], [-1.648687, 47.720377], [-1.648777, 47.719666], [-1.648833, 47.719346], [-1.64924, 47.718419], [-1.649432, 47.71812], [-1.649733, 47.717773], [-1.649864, 47.717655], [-1.650045, 47.717574], [-1.650488, 47.717501], [-1.651148, 47.71747], [-1.651364, 47.717432], [-1.651497, 47.717279], [-1.652067, 47.71744], [-1.652372, 47.717322], [-1.653031, 47.716871], [-1.653946, 47.716217], [-1.654446, 47.715905], [-1.65485, 47.715708], [-1.655196, 47.715515], [-1.655525, 47.7154], [-1.655674, 47.7153], [-1.655733, 47.715174], [-1.655761, 47.714961], [-1.655824, 47.714838], [-1.655562, 47.714122], [-1.655527, 47.713925], [-1.655517, 47.713412], [-1.655498, 47.713341], [-1.655197, 47.712902], [-1.654665, 47.712394], [-1.654658, 47.71232], [-1.654831, 47.712007], [-1.654923, 47.711761], [-1.655786, 47.71082], [-1.656234, 47.710341], [-1.656567, 47.710016], [-1.657072, 47.709931], [-1.657155, 47.709606], [-1.657468, 47.709509], [-1.657614, 47.709415], [-1.658209, 47.709276], [-1.658418, 47.70925], [-1.659426, 47.7092], [-1.659953, 47.709203], [-1.660312, 47.709156], [-1.660689, 47.709236], [-1.661346, 47.709504], [-1.662117, 47.709846], [-1.662668, 47.710129], [-1.663211, 47.71027], [-1.663448, 47.710373], [-1.663337, 47.710469], [-1.661974, 47.711474], [-1.661869, 47.711635], [-1.662601, 47.711861], [-1.663444, 47.71218], [-1.664324, 47.712471], [-1.664963, 47.712706], [-1.665219, 47.712761], [-1.666538, 47.712903], [-1.667303, 47.712942], [-1.667848, 47.712999], [-1.667991, 47.712911], [-1.668113, 47.712567], [-1.668581, 47.712472], [-1.668963, 47.712517], [-1.669275, 47.712502], [-1.669963, 47.712316], [-1.670632, 47.712316], [-1.671031, 47.712244], [-1.671187, 47.712178], [-1.671504, 47.711971], [-1.671682, 47.711933], [-1.672361, 47.71191], [-1.673024, 47.711843], [-1.673402, 47.711696], [-1.673586, 47.711932], [-1.673859, 47.71211], [-1.674403, 47.712334], [-1.675861, 47.712332], [-1.67664, 47.712183], [-1.677455, 47.711955], [-1.677603, 47.711944], [-1.679635, 47.71169], [-1.683074, 47.711444], [-1.684563, 47.711551], [-1.684827, 47.712412], [-1.685263, 47.713042], [-1.685416, 47.713041], [-1.685846, 47.713124], [-1.6861, 47.713151], [-1.686389, 47.713078], [-1.687108, 47.713072], [-1.687284, 47.713003], [-1.687608, 47.713021], [-1.687839, 47.7131], [-1.687951, 47.713218], [-1.688095, 47.713221], [-1.688411, 47.713138], [-1.688548, 47.713172], [-1.688657, 47.71333], [-1.688772, 47.713404], [-1.688936, 47.713408], [-1.689421, 47.713327], [-1.690114, 47.713179], [-1.690631, 47.713053], [-1.690838, 47.712977], [-1.691207, 47.712898], [-1.691412, 47.712817], [-1.691682, 47.712757], [-1.69203, 47.712589], [-1.692225, 47.712587], [-1.692666, 47.712459], [-1.693012, 47.712296], [-1.693185, 47.712288], [-1.693359, 47.7124], [-1.693553, 47.712399], [-1.693776, 47.712064], [-1.693745, 47.711848], [-1.693798, 47.711638], [-1.69393, 47.711404], [-1.694053, 47.71127], [-1.694306, 47.711114], [-1.694584, 47.711206], [-1.694532, 47.711444], [-1.694323, 47.711879], [-1.694032, 47.712288], [-1.694408, 47.71228], [-1.694504, 47.712493], [-1.694623, 47.712639], [-1.695115, 47.712925], [-1.695208, 47.713031], [-1.695293, 47.71344], [-1.69522, 47.713493], [-1.695326, 47.713884], [-1.695352, 47.714061], [-1.695858, 47.714091], [-1.696319, 47.714085], [-1.697034, 47.714093], [-1.697659, 47.714049], [-1.698342, 47.713945], [-1.698598, 47.713879], [-1.698716, 47.714153], [-1.6988, 47.714257], [-1.699272, 47.714275], [-1.700273, 47.71445], [-1.700667, 47.714509], [-1.701564, 47.714551], [-1.702041, 47.714561], [-1.703678, 47.714661], [-1.704716, 47.714661], [-1.705975, 47.714577], [-1.706589, 47.714509], [-1.707349, 47.714392], [-1.707137, 47.713916], [-1.706515, 47.712473], [-1.705947, 47.711182], [-1.705113, 47.70932], [-1.704606, 47.708128], [-1.70433, 47.707376], [-1.70412, 47.706725], [-1.703938, 47.705872], [-1.703848, 47.705125], [-1.703637, 47.701658], [-1.703622, 47.700469], [-1.704588, 47.700524], [-1.705089, 47.700598], [-1.705574, 47.700737], [-1.7063, 47.700714], [-1.706952, 47.700761], [-1.707216, 47.700797], [-1.70816, 47.701162], [-1.708325, 47.7013], [-1.708628, 47.701463], [-1.708909, 47.701497], [-1.7092, 47.70147], [-1.709483, 47.701306], [-1.709477, 47.701133], [-1.709372, 47.70095], [-1.709389, 47.700833], [-1.709642, 47.700754], [-1.710181, 47.700722], [-1.710471, 47.700751], [-1.710785, 47.700694], [-1.711263, 47.700392], [-1.7117, 47.700334], [-1.712053, 47.6999], [-1.712168, 47.699794], [-1.712511, 47.699675], [-1.712967, 47.699601], [-1.713412, 47.699452], [-1.713718, 47.699392], [-1.714916, 47.699423], [-1.715319, 47.699447], [-1.715942, 47.699375], [-1.716098, 47.699389], [-1.716338, 47.699734], [-1.716662, 47.699849], [-1.716732, 47.69993], [-1.71676, 47.700113], [-1.716865, 47.700227], [-1.717033, 47.700223], [-1.717222, 47.70008], [-1.717572, 47.699924], [-1.717799, 47.699971], [-1.718049, 47.699915], [-1.718147, 47.699802], [-1.71862, 47.699762], [-1.718913, 47.699714], [-1.719091, 47.699642], [-1.719316, 47.699472], [-1.719655, 47.69939], [-1.720149, 47.699462], [-1.720354, 47.699442], [-1.720514, 47.699332], [-1.720871, 47.698815], [-1.721067, 47.698631], [-1.721334, 47.698503], [-1.721666, 47.698427], [-1.72212, 47.698349], [-1.722541, 47.698345], [-1.722956, 47.698408], [-1.723504, 47.698534], [-1.723844, 47.698662], [-1.723931, 47.698722], [-1.72424, 47.699092], [-1.724429, 47.699138], [-1.724634, 47.699114], [-1.724973, 47.699027], [-1.725324, 47.698962], [-1.725701, 47.698861], [-1.726058, 47.698824], [-1.72629, 47.698947], [-1.726597, 47.69893], [-1.726975, 47.699043], [-1.727154, 47.699034], [-1.72736, 47.698843], [-1.727552, 47.698813], [-1.727737, 47.699073], [-1.727963, 47.69914], [-1.728609, 47.699055], [-1.728807, 47.699061], [-1.729229, 47.699162], [-1.729435, 47.699244], [-1.729862, 47.699514], [-1.730124, 47.699719], [-1.730419, 47.699915], [-1.730941, 47.700368], [-1.731122, 47.700618], [-1.731176, 47.700787], [-1.731229, 47.701125], [-1.73135, 47.701214], [-1.73181, 47.701317], [-1.732659, 47.701742], [-1.732744, 47.70179], [-1.733851, 47.702641], [-1.734185, 47.702949], [-1.734519, 47.703532], [-1.734619, 47.703633], [-1.73499, 47.703809], [-1.736202, 47.704193], [-1.736832, 47.704338], [-1.737003, 47.704407], [-1.737258, 47.704634], [-1.737509, 47.704795], [-1.73771, 47.704852], [-1.737873, 47.704848], [-1.738266, 47.704732], [-1.738524, 47.704723], [-1.738693, 47.704774], [-1.739023, 47.704979], [-1.739195, 47.704995], [-1.739507, 47.70488], [-1.739694, 47.704539], [-1.739756, 47.704494], [-1.74001, 47.704467], [-1.740279, 47.704495], [-1.740429, 47.704671], [-1.740452, 47.704797], [-1.740564, 47.704887], [-1.740783, 47.704934], [-1.741446, 47.704981], [-1.741903, 47.705031], [-1.742204, 47.704953], [-1.742441, 47.704933], [-1.742788, 47.704964], [-1.743081, 47.705052], [-1.743219, 47.705168], [-1.743434, 47.705852], [-1.743614, 47.706046], [-1.743905, 47.706149], [-1.744362, 47.706163], [-1.744655, 47.706259], [-1.744699, 47.706607], [-1.74485, 47.706741], [-1.745062, 47.706769], [-1.745929, 47.706777], [-1.746315, 47.706804], [-1.746616, 47.706875], [-1.746885, 47.706876], [-1.747118, 47.706795], [-1.747304, 47.706687], [-1.747453, 47.706685], [-1.74814, 47.706763], [-1.748858, 47.706905], [-1.749215, 47.707025], [-1.749368, 47.707052], [-1.750175, 47.70707], [-1.75036, 47.707103], [-1.75072, 47.707221], [-1.751047, 47.707299], [-1.75131, 47.70739], [-1.751553, 47.70751], [-1.751951, 47.707564], [-1.75213, 47.707479], [-1.752349, 47.707001], [-1.752795, 47.706671], [-1.752886, 47.706448], [-1.753276, 47.706253], [-1.753481, 47.706106], [-1.753908, 47.706017], [-1.754767, 47.705998], [-1.755028, 47.706032], [-1.755362, 47.706137], [-1.755505, 47.706128], [-1.755837, 47.705853], [-1.755978, 47.705571], [-1.756136, 47.705454], [-1.756463, 47.705333], [-1.75662, 47.705226], [-1.756704, 47.704968], [-1.756856, 47.704725], [-1.757078, 47.704571], [-1.757314, 47.704539], [-1.75772, 47.704529], [-1.758319, 47.704352], [-1.758612, 47.704309], [-1.758919, 47.704299], [-1.759208, 47.704371], [-1.759611, 47.70455], [-1.759911, 47.704511], [-1.760026, 47.704394], [-1.76004, 47.704108], [-1.760091, 47.704027], [-1.760367, 47.703917], [-1.760631, 47.703754], [-1.76105, 47.703449], [-1.761274, 47.703328], [-1.761415, 47.703185], [-1.761354, 47.702995], [-1.761133, 47.702868], [-1.761065, 47.702781], [-1.761082, 47.702626], [-1.761323, 47.702488], [-1.761973, 47.702346], [-1.762396, 47.702222], [-1.762989, 47.702082], [-1.763346, 47.70198], [-1.763983, 47.701752], [-1.764511, 47.70152], [-1.764949, 47.701298], [-1.765784, 47.700941], [-1.766632, 47.700605], [-1.766944, 47.700438], [-1.767387, 47.699943], [-1.767609, 47.699842], [-1.768102, 47.699705], [-1.768352, 47.699587], [-1.768496, 47.699468], [-1.768559, 47.699265], [-1.768551, 47.699113], [-1.768404, 47.698919], [-1.768378, 47.698727], [-1.76849, 47.698643], [-1.768856, 47.698537], [-1.769308, 47.698455], [-1.770011, 47.698454], [-1.770405, 47.698305], [-1.770729, 47.698255], [-1.771094, 47.698261], [-1.771948, 47.698426], [-1.772238, 47.698466], [-1.772521, 47.698544], [-1.773375, 47.698866], [-1.773541, 47.698915], [-1.774558, 47.699039], [-1.774993, 47.699125], [-1.775202, 47.699205], [-1.775846, 47.699537], [-1.776141, 47.699664], [-1.776343, 47.699704], [-1.776646, 47.699639], [-1.77736, 47.699215], [-1.77756, 47.699139], [-1.777909, 47.69914], [-1.778175, 47.699202], [-1.778624, 47.699162], [-1.779064, 47.699327], [-1.779716, 47.699312], [-1.779946, 47.699364], [-1.780215, 47.699479], [-1.780747, 47.699806], [-1.780919, 47.699834], [-1.781547, 47.699794], [-1.78209, 47.699635], [-1.782445, 47.699581], [-1.783024, 47.699593], [-1.783226, 47.699516], [-1.783391, 47.699381], [-1.783721, 47.699253], [-1.784166, 47.699255], [-1.784721, 47.69935], [-1.785229, 47.699532], [-1.78573, 47.699757], [-1.786003, 47.699879], [-1.786548, 47.700313], [-1.786991, 47.70079], [-1.78723, 47.700985], [-1.787516, 47.701166], [-1.788204, 47.701513], [-1.788563, 47.701673], [-1.789341, 47.701897], [-1.789858, 47.702062], [-1.790005, 47.702065], [-1.790783, 47.701861], [-1.79171, 47.701697], [-1.792192, 47.701624], [-1.793316, 47.701408], [-1.794131, 47.701314], [-1.794642, 47.701335], [-1.794913, 47.701318], [-1.795714, 47.70108], [-1.796248, 47.700872], [-1.796526, 47.700824], [-1.79698, 47.700851], [-1.797316, 47.700852], [-1.797687, 47.700906], [-1.798306, 47.70103], [-1.79898, 47.701095], [-1.799417, 47.701093], [-1.799658, 47.701119], [-1.80022, 47.701247], [-1.800697, 47.701414], [-1.801358, 47.701487], [-1.801625, 47.701482], [-1.801864, 47.701438], [-1.802256, 47.701423], [-1.802505, 47.701488], [-1.802738, 47.701661], [-1.802847, 47.701994], [-1.802828, 47.702249], [-1.802926, 47.702355], [-1.803521, 47.702772], [-1.804242, 47.703239], [-1.804625, 47.703431], [-1.804844, 47.703466], [-1.805795, 47.703478], [-1.806026, 47.703607], [-1.806098, 47.703846], [-1.806181, 47.703987], [-1.806314, 47.704078], [-1.80666, 47.704106], [-1.807242, 47.704053], [-1.807559, 47.703957], [-1.807672, 47.703829], [-1.807876, 47.703752], [-1.808316, 47.703684], [-1.808787, 47.703486], [-1.808963, 47.703308], [-1.809596, 47.703121], [-1.809848, 47.703195], [-1.810063, 47.703356], [-1.81006, 47.703593], [-1.809905, 47.703893], [-1.809907, 47.703996], [-1.810001, 47.704057], [-1.81025, 47.704089], [-1.810597, 47.704051], [-1.811247, 47.704113], [-1.811764, 47.704258], [-1.811962, 47.704472], [-1.812197, 47.704533], [-1.812426, 47.704416], [-1.812637, 47.704418], [-1.812952, 47.704576], [-1.813187, 47.704666], [-1.81341, 47.704845], [-1.813596, 47.704933], [-1.813719, 47.705095], [-1.814177, 47.705171], [-1.81437, 47.705383], [-1.8145, 47.705455], [-1.814953, 47.705611], [-1.815803, 47.705688], [-1.816538, 47.705841], [-1.816819, 47.705838], [-1.816999, 47.705759], [-1.817306, 47.705569], [-1.818016, 47.704853], [-1.818335, 47.704747], [-1.818748, 47.704717], [-1.819425, 47.704719], [-1.819865, 47.70468], [-1.820202, 47.704684], [-1.820399, 47.704722], [-1.820722, 47.704936], [-1.820816, 47.705104], [-1.821077, 47.70524], [-1.821808, 47.705522], [-1.822024, 47.705682], [-1.82272, 47.706243], [-1.823128, 47.706525], [-1.823317, 47.706799], [-1.823382, 47.707264], [-1.823449, 47.707396], [-1.823596, 47.707461], [-1.824259, 47.707525], [-1.824718, 47.707661], [-1.824977, 47.707794], [-1.825135, 47.707932], [-1.825422, 47.708258], [-1.825565, 47.708502], [-1.825618, 47.708775], [-1.825592, 47.709079], [-1.825462, 47.709332], [-1.825378, 47.709693], [-1.825423, 47.709895], [-1.825557, 47.709976], [-1.825929, 47.710026], [-1.826187, 47.710089], [-1.82724, 47.710697], [-1.827562, 47.710782], [-1.82793, 47.710764], [-1.828128, 47.710723], [-1.828406, 47.710602], [-1.82854, 47.710501], [-1.828728, 47.710132], [-1.828995, 47.709844], [-1.829083, 47.709632], [-1.829269, 47.709423], [-1.829705, 47.709164], [-1.830088, 47.709071], [-1.830722, 47.709062], [-1.830892, 47.709041], [-1.831481, 47.708888], [-1.831803, 47.708888], [-1.832114, 47.708854], [-1.83225, 47.708807], [-1.832644, 47.708587], [-1.833003, 47.708363], [-1.833508, 47.708166], [-1.833698, 47.708139], [-1.834035, 47.70819], [-1.834561, 47.708348], [-1.834768, 47.708315], [-1.83487, 47.708216], [-1.835032, 47.707962], [-1.835296, 47.707819], [-1.835749, 47.707725], [-1.836086, 47.707404], [-1.836521, 47.707127], [-1.836725, 47.707055], [-1.837205, 47.706968], [-1.837853, 47.706915], [-1.838128, 47.706462], [-1.838337, 47.706254], [-1.838801, 47.705963], [-1.839005, 47.705884], [-1.839885, 47.705627], [-1.840323, 47.705539], [-1.840708, 47.705529], [-1.841154, 47.70558], [-1.842467, 47.705815], [-1.843278, 47.70599], [-1.843648, 47.706096], [-1.844985, 47.706388], [-1.845701, 47.706625], [-1.846702, 47.706886], [-1.847516, 47.707036], [-1.850374, 47.707647], [-1.850897, 47.707742], [-1.851696, 47.707845], [-1.852361, 47.70798], [-1.85336, 47.708254], [-1.853885, 47.708334], [-1.854816, 47.708372], [-1.855532, 47.708418], [-1.856551, 47.708441], [-1.856962, 47.708421], [-1.858387, 47.70828], [-1.859296, 47.708168], [-1.860412, 47.708005], [-1.862084, 47.707694], [-1.862586, 47.707561], [-1.862933, 47.707443], [-1.863441, 47.707242], [-1.864082, 47.706932], [-1.864327, 47.706778], [-1.864763, 47.70646], [-1.865187, 47.706045], [-1.865295, 47.705918], [-1.865497, 47.705586], [-1.865585, 47.70529], [-1.865656, 47.704498], [-1.865661, 47.703653], [-1.865753, 47.702985], [-1.865918, 47.702625], [-1.86608, 47.702428], [-1.866484, 47.702067], [-1.866702, 47.701909], [-1.867182, 47.701661], [-1.867605, 47.701487], [-1.867895, 47.70141], [-1.86881, 47.70101], [-1.869347, 47.700793], [-1.870145, 47.700493], [-1.870737, 47.700288], [-1.871535, 47.699965], [-1.872022, 47.699705], [-1.872439, 47.699392], [-1.873153, 47.698751], [-1.873615, 47.698311], [-1.874141, 47.697758], [-1.874781, 47.69717], [-1.875377, 47.69671], [-1.875766, 47.696451], [-1.876628, 47.695948], [-1.87701, 47.695758], [-1.877596, 47.69552], [-1.878019, 47.695408], [-1.878233, 47.695385], [-1.878851, 47.695365], [-1.88015, 47.695346], [-1.882233, 47.695158], [-1.882781, 47.695205], [-1.88348, 47.695474], [-1.884522, 47.695852], [-1.884869, 47.695938], [-1.885152, 47.695985], [-1.885721, 47.696037], [-1.886293, 47.696027], [-1.886594, 47.695999], [-1.886896, 47.695943], [-1.887644, 47.695743], [-1.888547, 47.695423], [-1.889031, 47.695297], [-1.88934, 47.695269], [-1.889823, 47.695311], [-1.890206, 47.695422], [-1.890465, 47.695561], [-1.891083, 47.696031], [-1.891391, 47.696225], [-1.891605, 47.696309], [-1.891991, 47.696347], [-1.892555, 47.696345], [-1.893833, 47.696284], [-1.895298, 47.696145], [-1.89654, 47.69593], [-1.898339, 47.695566], [-1.899367, 47.695313], [-1.900921, 47.694862], [-1.901572, 47.694688], [-1.902223, 47.694546], [-1.902851, 47.694432], [-1.904346, 47.694233], [-1.905472, 47.693986], [-1.906421, 47.693712], [-1.907278, 47.693511], [-1.908043, 47.693346], [-1.90872, 47.693163], [-1.908969, 47.693061], [-1.909515, 47.692702], [-1.910123, 47.692365], [-1.911088, 47.691921], [-1.911579, 47.691743], [-1.911934, 47.691668], [-1.912676, 47.691557], [-1.913042, 47.691514], [-1.914095, 47.691434], [-1.914906, 47.69143], [-1.915276, 47.691418], [-1.9158, 47.691427], [-1.916435, 47.691463], [-1.91684, 47.691464], [-1.917227, 47.691434], [-1.917579, 47.691366], [-1.918228, 47.691135], [-1.919182, 47.690686], [-1.919637, 47.690552], [-1.920115, 47.690477], [-1.92092, 47.690449], [-1.921238, 47.690422], [-1.921569, 47.690344], [-1.922021, 47.690164], [-1.923036, 47.689653], [-1.923659, 47.689441], [-1.924496, 47.689248], [-1.925478, 47.689083], [-1.926526, 47.688863], [-1.92696, 47.688738], [-1.927765, 47.688569], [-1.928365, 47.688427], [-1.929143, 47.688269], [-1.93011, 47.68811], [-1.931422, 47.687855], [-1.93263, 47.687589], [-1.933517, 47.687374], [-1.935125, 47.687051], [-1.936248, 47.686736], [-1.937855, 47.686153], [-1.938519, 47.685879], [-1.939467, 47.685436], [-1.940201, 47.685056], [-1.94091, 47.684594], [-1.941399, 47.684259], [-1.941796, 47.683932], [-1.942304, 47.683436], [-1.943474, 47.682268], [-1.944289, 47.681427], [-1.945243, 47.680531], [-1.945502, 47.680278], [-1.94718, 47.678544], [-1.949515, 47.676244], [-1.950932, 47.674911], [-1.951445, 47.674355], [-1.952073, 47.673795], [-1.952634, 47.673256], [-1.953251, 47.672576], [-1.953536, 47.67231], [-1.953859, 47.67208], [-1.954253, 47.671867], [-1.954913, 47.671595], [-1.955373, 47.671467], [-1.95654, 47.671201], [-1.958906, 47.671186], [-1.959517, 47.671156], [-1.960082, 47.67106], [-1.960689, 47.671014], [-1.961308, 47.67102], [-1.961992, 47.671063], [-1.96257, 47.671122], [-1.963143, 47.671141], [-1.964072, 47.671207], [-1.964717, 47.671267], [-1.965003, 47.671307], [-1.965568, 47.671426], [-1.966095, 47.671565], [-1.966797, 47.671793], [-1.967442, 47.672109], [-1.967924, 47.672388], [-1.969503, 47.673628], [-1.969299, 47.673805], [-1.969174, 47.673996], [-1.969147, 47.674111], [-1.969186, 47.674297], [-1.969353, 47.674611], [-1.969423, 47.67503], [-1.969406, 47.675377], [-1.969327, 47.675749], [-1.96932, 47.675959], [-1.969357, 47.676057], [-1.969574, 47.676349], [-1.969594, 47.67652], [-1.969563, 47.676737], [-1.969213, 47.677531], [-1.969129, 47.677812], [-1.969029, 47.6785], [-1.968969, 47.678769], [-1.968853, 47.679085], [-1.968763, 47.679435], [-1.968699, 47.679802], [-1.968747, 47.68033], [-1.968871, 47.681002], [-1.968928, 47.68124], [-1.96896, 47.681738], [-1.968944, 47.681939], [-1.968958, 47.683729], [-1.968983, 47.684391], [-1.968985, 47.685382], [-1.96903, 47.686455], [-1.969007, 47.687883], [-1.96902, 47.68849], [-1.969016, 47.689223], [-1.969025, 47.689678], [-1.969087, 47.689914], [-1.969398, 47.690223], [-1.969599, 47.690372], [-1.970168, 47.69073], [-1.970597, 47.690888], [-1.971176, 47.691053], [-1.971372, 47.69115], [-1.971802, 47.691452], [-1.971982, 47.691619], [-1.972062, 47.69176], [-1.972074, 47.692306], [-1.972136, 47.692506], [-1.972427, 47.69298], [-1.972577, 47.693983], [-1.972637, 47.694139], [-1.972885, 47.694317], [-1.97313, 47.694414], [-1.973331, 47.694449], [-1.973559, 47.694446], [-1.973957, 47.694382], [-1.974215, 47.694289], [-1.974477, 47.694114], [-1.975347, 47.693462], [-1.975535, 47.693218], [-1.975851, 47.692623], [-1.976112, 47.692388], [-1.976651, 47.692224], [-1.977152, 47.691928], [-1.977944, 47.691712], [-1.978431, 47.691452], [-1.978782, 47.691183], [-1.97931, 47.690649], [-1.979381, 47.690595], [-1.9796, 47.690304], [-1.979955, 47.689673], [-1.980125, 47.689156], [-1.980394, 47.688834], [-1.980845, 47.688578], [-1.981357, 47.688368], [-1.982266, 47.68787], [-1.982655, 47.687615], [-1.982757, 47.687461], [-1.982715, 47.687313], [-1.98251, 47.686991], [-1.982094, 47.686397], [-1.981701, 47.685764], [-1.981774, 47.685596], [-1.982174, 47.685338], [-1.982271, 47.685298], [-1.982743, 47.685213], [-1.983299, 47.685162], [-1.984099, 47.685074], [-1.984456, 47.684921], [-1.985154, 47.68389], [-1.985664, 47.68337], [-1.986239, 47.682953], [-1.986427, 47.682748], [-1.986753, 47.682153], [-1.987153, 47.681688], [-1.987436, 47.681477], [-1.987691, 47.681335], [-1.988007, 47.681209], [-1.988839, 47.680945], [-1.988968, 47.680737], [-1.989156, 47.680345], [-1.98963, 47.680304], [-1.990397, 47.68008], [-1.991204, 47.679711], [-1.991483, 47.679622], [-1.992025, 47.679168], [-1.992327, 47.678931], [-1.99297, 47.678477], [-1.993426, 47.678174], [-1.994457, 47.677543], [-1.99539, 47.677117], [-1.996551, 47.676694], [-1.997674, 47.676324], [-1.998944, 47.675993], [-1.999648, 47.675775], [-2.000058, 47.675341], [-2.001655, 47.674146], [-2.001857, 47.67401], [-2.002948, 47.673533], [-2.003437, 47.673405], [-2.003789, 47.67334], [-2.004555, 47.673247], [-2.005095, 47.673142], [-2.006842, 47.67289], [-2.007146, 47.672876], [-2.007447, 47.672579], [-2.007931, 47.672302], [-2.008142, 47.672204], [-2.008957, 47.671763], [-2.009158, 47.671605], [-2.009218, 47.671508], [-2.00922, 47.671325], [-2.009135, 47.670923], [-2.009135, 47.670591], [-2.009252, 47.670388], [-2.009545, 47.670003], [-2.009877, 47.669622], [-2.010057, 47.669389], [-2.010651, 47.668743], [-2.01076, 47.668609], [-2.011137, 47.668026], [-2.011467, 47.667477], [-2.011713, 47.667167], [-2.012023, 47.666816], [-2.012219, 47.666548], [-2.012722, 47.666186], [-2.012845, 47.66616], [-2.013384, 47.666213], [-2.014265, 47.666333], [-2.015258, 47.6665], [-2.015615, 47.666599], [-2.016199, 47.666911], [-2.016372, 47.66698], [-2.016713, 47.667056], [-2.017347, 47.667161], [-2.017786, 47.667204], [-2.01847, 47.667233], [-2.018945, 47.667234], [-2.019439, 47.667208], [-2.021176, 47.66703], [-2.02221, 47.666952], [-2.023246, 47.666943], [-2.024019, 47.666913], [-2.024438, 47.666825], [-2.024849, 47.666818], [-2.025339, 47.66688], [-2.025815, 47.666974], [-2.026899, 47.667035], [-2.027573, 47.667037], [-2.02853, 47.666975], [-2.028865, 47.66697], [-2.029122, 47.667022], [-2.029681, 47.667214], [-2.030219, 47.667439], [-2.031089, 47.667609], [-2.031662, 47.667695], [-2.032519, 47.66793], [-2.033573, 47.668153], [-2.033916, 47.668206], [-2.034523, 47.668339], [-2.035288, 47.668561], [-2.03557, 47.668699], [-2.035979, 47.6688], [-2.036407, 47.668956], [-2.037196, 47.66919], [-2.037891, 47.669484], [-2.038168, 47.669627], [-2.038591, 47.669769], [-2.038902, 47.669699], [-2.039523, 47.668617], [-2.039858, 47.66801], [-2.040217, 47.667511], [-2.04059, 47.667134], [-2.040857, 47.666913], [-2.041141, 47.666733], [-2.042227, 47.666204], [-2.042696, 47.665941], [-2.043087, 47.665689], [-2.043273, 47.665568], [-2.043927, 47.665248], [-2.044419, 47.665043], [-2.044879, 47.664887], [-2.046007, 47.66453], [-2.046586, 47.664315], [-2.047131, 47.664092], [-2.047644, 47.663838], [-2.04812, 47.66352], [-2.048515, 47.663202], [-2.0489, 47.66285], [-2.049221, 47.662473], [-2.049521, 47.662082], [-2.049568, 47.661796], [-2.049392, 47.661448], [-2.049063, 47.66112], [-2.048583, 47.660432], [-2.048398, 47.660114], [-2.048306, 47.659758], [-2.048288, 47.659385], [-2.048327, 47.659069], [-2.048454, 47.658649], [-2.04863, 47.658311], [-2.048102, 47.658008], [-2.048339, 47.657323], [-2.049091, 47.655967], [-2.049281, 47.655108], [-2.050364, 47.653806], [-2.050858, 47.653225], [-2.05114, 47.652792], [-2.050832, 47.652027], [-2.050659, 47.651504], [-2.050639, 47.651273], [-2.051214, 47.649856], [-2.051742, 47.649695], [-2.054008, 47.649284], [-2.054992, 47.649313], [-2.05672, 47.64944], [-2.057929, 47.649541], [-2.060077, 47.64969], [-2.060898, 47.649794], [-2.061717, 47.649997], [-2.062162, 47.650001], [-2.062684, 47.649906], [-2.062955, 47.649875], [-2.06342, 47.649889], [-2.063632, 47.649864], [-2.064627, 47.649808], [-2.065181, 47.649816], [-2.065722, 47.649808], [-2.066471, 47.649764], [-2.067412, 47.649745], [-2.067773, 47.649797], [-2.067927, 47.649891], [-2.068668, 47.650197], [-2.068923, 47.650384], [-2.068957, 47.650669], [-2.06981, 47.650879], [-2.070825, 47.651151], [-2.072877, 47.651636], [-2.073709, 47.65182], [-2.074034, 47.651869], [-2.074328, 47.651882], [-2.074676, 47.651867], [-2.074949, 47.651817], [-2.075325, 47.6517], [-2.075869, 47.651458], [-2.076448, 47.651161], [-2.076797, 47.65101], [-2.077491, 47.650767], [-2.079078, 47.650407], [-2.079392, 47.650372], [-2.080558, 47.650334], [-2.080801, 47.650315], [-2.081187, 47.650239], [-2.081514, 47.650125], [-2.082417, 47.649631], [-2.082713, 47.649416], [-2.083362, 47.648821], [-2.08355, 47.648664], [-2.083906, 47.648322], [-2.084207, 47.647992], [-2.084674, 47.647399], [-2.085128, 47.646766], [-2.085315, 47.646473], [-2.08563, 47.645781], [-2.086042, 47.645035], [-2.086086, 47.644914], [-2.086309, 47.644561], [-2.086534, 47.644274], [-2.086709, 47.644122], [-2.087187, 47.643887], [-2.087756, 47.643687], [-2.088319, 47.643441], [-2.089229, 47.642982], [-2.089828, 47.642727], [-2.09021, 47.642524], [-2.090805, 47.642139], [-2.090909, 47.641919], [-2.090987, 47.641645], [-2.091152, 47.64063], [-2.091182, 47.640089], [-2.091173, 47.639635], [-2.091261, 47.639067], [-2.09147, 47.638446], [-2.091566, 47.638206], [-2.091691, 47.638003], [-2.091868, 47.637818], [-2.092246, 47.637504], [-2.092463, 47.637285], [-2.092757, 47.636937], [-2.093393, 47.636251], [-2.093913, 47.63549], [-2.09412, 47.635143], [-2.094496, 47.634722], [-2.09476, 47.63433], [-2.095073, 47.633954], [-2.095592, 47.633411], [-2.096678, 47.632072], [-2.096713, 47.631671], [-2.097286, 47.631636], [-2.098131, 47.631733], [-2.098586, 47.631849], [-2.099087, 47.632075], [-2.099553, 47.632357], [-2.100121, 47.632741], [-2.100728, 47.633116], [-2.101353, 47.633434]]], [[[-2.010811, 48.586842], [-2.010595, 48.587003], [-2.01046, 48.58717], [-2.010409, 48.587583], [-2.010484, 48.587837], [-2.010434, 48.587905], [-2.0101, 48.588085], [-2.009747, 48.588231], [-2.009667, 48.588322], [-2.009649, 48.588473], [-2.00939, 48.588525], [-2.009124, 48.588504], [-2.008911, 48.588593], [-2.008694, 48.588592], [-2.008409, 48.588539], [-2.008125, 48.588617], [-2.008056, 48.588592], [-2.007893, 48.588298], [-2.007663, 48.588117], [-2.007296, 48.588063], [-2.007038, 48.588092], [-2.00691, 48.588009], [-2.006799, 48.587779], [-2.006613, 48.587722], [-2.006188, 48.587696], [-2.005752, 48.587733], [-2.005528, 48.587815], [-2.005395, 48.588015], [-2.005203, 48.588168], [-2.00496, 48.588167], [-2.004753, 48.587991], [-2.004601, 48.587916], [-2.004192, 48.587857], [-2.004048, 48.587907], [-2.004049, 48.587578], [-2.003873, 48.587441], [-2.003454, 48.587455], [-2.003324, 48.58733], [-2.003285, 48.58722], [-2.003306, 48.587019], [-2.003262, 48.586935], [-2.003074, 48.586801], [-2.003051, 48.586661], [-2.002897, 48.586556], [-2.002609, 48.586463], [-2.002512, 48.586368], [-2.002528, 48.58621], [-2.002463, 48.586052], [-2.002499, 48.585424], [-2.002536, 48.585159], [-2.002405, 48.584924], [-2.002651, 48.584941], [-2.00318, 48.584792], [-2.003375, 48.584414], [-2.003415, 48.584115], [-2.003265, 48.584112], [-2.003232, 48.583907], [-2.003337, 48.583875], [-2.003139, 48.583393], [-2.003085, 48.583084], [-2.003004, 48.582807], [-2.002757, 48.582493], [-2.002669, 48.582425], [-2.002246, 48.582407], [-2.001383, 48.582335], [-2.000709, 48.58239], [-2.000316, 48.582686], [-2.000181, 48.582836], [-2.000044, 48.582824], [-1.999842, 48.582994], [-1.999563, 48.583047], [-1.999283, 48.58314], [-1.999196, 48.583215], [-1.999169, 48.583373], [-1.999047, 48.583463], [-1.998402, 48.583696], [-1.998323, 48.583776], [-1.997913, 48.58399], [-1.997732, 48.58416], [-1.997396, 48.58434], [-1.997225, 48.584351], [-1.997009, 48.58414], [-1.996762, 48.584104], [-1.996638, 48.584025], [-1.996523, 48.583816], [-1.996433, 48.583473], [-1.996287, 48.58315], [-1.996176, 48.582984], [-1.995798, 48.582657], [-1.995593, 48.582304], [-1.995765, 48.582212], [-1.995922, 48.581981], [-1.996018, 48.5819], [-1.996074, 48.581496], [-1.995757, 48.581164], [-1.995749, 48.581005], [-1.995828, 48.580765], [-1.995943, 48.58059], [-1.996054, 48.580557], [-1.996267, 48.580171], [-1.996297, 48.579969], [-1.996183, 48.579732], [-1.995894, 48.579479], [-1.995435, 48.579205], [-1.99533, 48.578931], [-1.995328, 48.578787], [-1.995076, 48.57854], [-1.994659, 48.578292], [-1.9944, 48.578257], [-1.9939, 48.578075], [-1.994033, 48.577858], [-1.994202, 48.577729], [-1.99462, 48.577573], [-1.994929, 48.577542], [-1.995154, 48.577559], [-1.995419, 48.577509], [-1.995814, 48.57732], [-1.996008, 48.577164], [-1.9966, 48.576869], [-1.996779, 48.576874], [-1.997476, 48.576784], [-1.997872, 48.576692], [-1.998224, 48.576743], [-1.998692, 48.576678], [-1.999096, 48.576676], [-1.999578, 48.576525], [-2.000064, 48.576631], [-2.000481, 48.576595], [-2.0008, 48.576663], [-2.001083, 48.576777], [-2.001433, 48.576889], [-2.001745, 48.57702], [-2.002278, 48.577097], [-2.00275, 48.577036], [-2.003098, 48.576937], [-2.003279, 48.576828], [-2.003722, 48.576307], [-2.004106, 48.575946], [-2.00442, 48.575618], [-2.0048, 48.575303], [-2.005284, 48.575026], [-2.005712, 48.574741], [-2.005892, 48.574642], [-2.006006, 48.574409], [-2.006737, 48.573887], [-2.007074, 48.573679], [-2.007344, 48.573463], [-2.007752, 48.573267], [-2.007747, 48.573212], [-2.007939, 48.573122], [-2.008413, 48.572736], [-2.008456, 48.572592], [-2.00887, 48.572317], [-2.008966, 48.572228], [-2.009483, 48.571908], [-2.009799, 48.571675], [-2.010068, 48.571513], [-2.010314, 48.571332], [-2.010416, 48.57112], [-2.010566, 48.571123], [-2.010635, 48.570994], [-2.010923, 48.571018], [-2.011015, 48.571131], [-2.011198, 48.571195], [-2.0115, 48.571237], [-2.01199, 48.571243], [-2.012391, 48.571316], [-2.012526, 48.571257], [-2.012961, 48.571208], [-2.013116, 48.571214], [-2.013276, 48.571295], [-2.013399, 48.571432], [-2.013532, 48.571503], [-2.013933, 48.571605], [-2.014097, 48.571586], [-2.014327, 48.571681], [-2.014704, 48.571703], [-2.015103, 48.571782], [-2.015406, 48.571935], [-2.015511, 48.571916], [-2.014882, 48.571641], [-2.014383, 48.571557], [-2.014166, 48.571486], [-2.013807, 48.571421], [-2.013642, 48.571304], [-2.013598, 48.571132], [-2.013424, 48.570946], [-2.013225, 48.570806], [-2.012968, 48.570681], [-2.012487, 48.570536], [-2.011994, 48.570495], [-2.011688, 48.57036], [-2.01134, 48.570019], [-2.01129, 48.569894], [-2.010838, 48.569282], [-2.010679, 48.569045], [-2.010415, 48.569053], [-2.009949, 48.568877], [-2.009576, 48.568788], [-2.009318, 48.568657], [-2.009203, 48.568521], [-2.008618, 48.568182], [-2.008445, 48.568062], [-2.008114, 48.567908], [-2.007407, 48.567377], [-2.007038, 48.567281], [-2.006817, 48.56716], [-2.00676, 48.567076], [-2.00677, 48.566927], [-2.006965, 48.566627], [-2.006992, 48.566362], [-2.00712, 48.566134], [-2.007167, 48.565961], [-2.007121, 48.565651], [-2.007693, 48.565629], [-2.008111, 48.565536], [-2.008435, 48.565374], [-2.008626, 48.565231], [-2.00871, 48.564987], [-2.008823, 48.564857], [-2.009129, 48.564826], [-2.009586, 48.564863], [-2.010186, 48.564966], [-2.010742, 48.564988], [-2.011582, 48.564923], [-2.011998, 48.56482], [-2.012393, 48.564612], [-2.012227, 48.56451], [-2.012485, 48.564325], [-2.013016, 48.563993], [-2.013208, 48.564111], [-2.013353, 48.563987], [-2.013678, 48.563828], [-2.014215, 48.563508], [-2.014474, 48.563321], [-2.01523, 48.562818], [-2.015431, 48.56272], [-2.015736, 48.562711], [-2.016195, 48.562614], [-2.016379, 48.562554], [-2.016687, 48.562349], [-2.017197, 48.561864], [-2.017384, 48.56164], [-2.017793, 48.561193], [-2.018453, 48.560505], [-2.018817, 48.559875], [-2.018885, 48.559651], [-2.01892, 48.559399], [-2.019081, 48.559038], [-2.01931, 48.558804], [-2.019397, 48.558717], [-2.019599, 48.55863], [-2.020066, 48.5585], [-2.020719, 48.55815], [-2.02092, 48.558005], [-2.021377, 48.557484], [-2.021548, 48.557308], [-2.021596, 48.557149], [-2.021803, 48.557035], [-2.021797, 48.556856], [-2.02188, 48.556748], [-2.021837, 48.556584], [-2.022174, 48.556343], [-2.022294, 48.55601], [-2.022468, 48.555312], [-2.022434, 48.555051], [-2.022376, 48.553295], [-2.022884, 48.5534], [-2.023055, 48.553524], [-2.023264, 48.55359], [-2.023776, 48.553704], [-2.024027, 48.553721], [-2.024222, 48.553831], [-2.024591, 48.553991], [-2.025148, 48.553995], [-2.025438, 48.554115], [-2.026097, 48.554516], [-2.026373, 48.554554], [-2.026356, 48.554207], [-2.026428, 48.553673], [-2.026531, 48.553722], [-2.026783, 48.553745], [-2.027048, 48.553849], [-2.027572, 48.554087], [-2.028496, 48.554448], [-2.02877, 48.554516], [-2.028877, 48.554496], [-2.029592, 48.554675], [-2.030733, 48.555077], [-2.031004, 48.554748], [-2.031178, 48.554489], [-2.031337, 48.554012], [-2.031346, 48.55344], [-2.031395, 48.553009], [-2.031724, 48.552674], [-2.031967, 48.552308], [-2.032069, 48.552194], [-2.032368, 48.552015], [-2.032883, 48.551793], [-2.033578, 48.55154], [-2.03385, 48.551413], [-2.034007, 48.551295], [-2.034036, 48.550962], [-2.034104, 48.550779], [-2.034862, 48.550711], [-2.034991, 48.550604], [-2.035222, 48.550502], [-2.035754, 48.550399], [-2.036293, 48.550314], [-2.036487, 48.550317], [-2.036509, 48.549659], [-2.036604, 48.549256], [-2.036621, 48.549016], [-2.036753, 48.548881], [-2.036999, 48.548739], [-2.037214, 48.548034], [-2.037431, 48.547003], [-2.037573, 48.54642], [-2.037698, 48.546183], [-2.037821, 48.546068], [-2.038182, 48.545648], [-2.038447, 48.545095], [-2.038131, 48.544785], [-2.037586, 48.544477], [-2.03786, 48.544178], [-2.038162, 48.543807], [-2.03834, 48.543631], [-2.038569, 48.542817], [-2.038647, 48.542016], [-2.039022, 48.542051], [-2.040106, 48.542627], [-2.040465, 48.542763], [-2.040718, 48.542777], [-2.040951, 48.542743], [-2.041113, 48.542678], [-2.042007, 48.542385], [-2.043054, 48.542029], [-2.043413, 48.541895], [-2.044381, 48.541882], [-2.044634, 48.541847], [-2.044973, 48.542445], [-2.04524, 48.54284], [-2.04605, 48.543832], [-2.046578, 48.544463], [-2.047459, 48.545544], [-2.047716, 48.5459], [-2.048467, 48.546705], [-2.048693, 48.546904], [-2.049433, 48.547719], [-2.050806, 48.549138], [-2.051441, 48.549893], [-2.051652, 48.550253], [-2.051889, 48.551064], [-2.052053, 48.551462], [-2.052551, 48.552078], [-2.052733, 48.552281], [-2.052778, 48.552402], [-2.052762, 48.552652], [-2.052679, 48.55305], [-2.05273, 48.553308], [-2.05291, 48.553524], [-2.053296, 48.553839], [-2.053626, 48.55404], [-2.053806, 48.55409], [-2.052853, 48.554714], [-2.05186, 48.555633], [-2.051927, 48.555662], [-2.050744, 48.556015], [-2.050114, 48.556228], [-2.050096, 48.556185], [-2.049609, 48.55606], [-2.048497, 48.556131], [-2.046934, 48.556791], [-2.045178, 48.557324], [-2.045474, 48.55776], [-2.046164, 48.558548], [-2.046517, 48.559082], [-2.046676, 48.559547], [-2.047234, 48.56038], [-2.047271, 48.560486], [-2.047423, 48.561351], [-2.047387, 48.561402], [-2.046377, 48.562306], [-2.045781, 48.562757], [-2.045719, 48.562991], [-2.045745, 48.563149], [-2.045879, 48.563508], [-2.045964, 48.563647], [-2.044411, 48.564214], [-2.044743, 48.564324], [-2.047235, 48.564767], [-2.048265, 48.564963], [-2.050961, 48.565341], [-2.053163, 48.565686], [-2.057054, 48.566258], [-2.057309, 48.56714], [-2.05745, 48.567357], [-2.057534, 48.567576], [-2.057608, 48.568073], [-2.058008, 48.569307], [-2.058272, 48.570193], [-2.059435, 48.570165], [-2.059511, 48.570602], [-2.061674, 48.570486], [-2.062248, 48.5704], [-2.063824, 48.570223], [-2.065688, 48.569989], [-2.067105, 48.569847], [-2.067774, 48.569759], [-2.068272, 48.569678], [-2.068554, 48.569654], [-2.06869, 48.569692], [-2.071304, 48.569027], [-2.072273, 48.568768], [-2.072393, 48.568718], [-2.07357, 48.568338], [-2.075315, 48.567827], [-2.076265, 48.567582], [-2.076859, 48.567598], [-2.076939, 48.56765], [-2.077624, 48.567954], [-2.078145, 48.568018], [-2.07843, 48.567998], [-2.079769, 48.568087], [-2.080139, 48.568159], [-2.080381, 48.568093], [-2.080514, 48.567976], [-2.080539, 48.567624], [-2.080694, 48.567596], [-2.080735, 48.56781], [-2.080995, 48.568034], [-2.081068, 48.568261], [-2.081166, 48.568384], [-2.081136, 48.568551], [-2.081372, 48.568591], [-2.081624, 48.568678], [-2.081733, 48.568821], [-2.081885, 48.568825], [-2.082025, 48.568696], [-2.082405, 48.568742], [-2.082563, 48.568718], [-2.082834, 48.568916], [-2.082891, 48.569188], [-2.083023, 48.569247], [-2.083209, 48.569227], [-2.083367, 48.569452], [-2.083574, 48.56952], [-2.083635, 48.569698], [-2.0838, 48.569841], [-2.083987, 48.5699], [-2.084089, 48.570028], [-2.084352, 48.570255], [-2.084604, 48.570402], [-2.084795, 48.570424], [-2.084943, 48.570511], [-2.085405, 48.57066], [-2.085934, 48.570731], [-2.086412, 48.570895], [-2.086932, 48.5709], [-2.087154, 48.571009], [-2.087801, 48.571111], [-2.08824, 48.570991], [-2.088683, 48.57093], [-2.08908, 48.570998], [-2.089413, 48.571026], [-2.089736, 48.571163], [-2.089909, 48.571171], [-2.090281, 48.571107], [-2.090556, 48.570826], [-2.090698, 48.570763], [-2.090835, 48.570457], [-2.090915, 48.570406], [-2.091357, 48.570277], [-2.091697, 48.570338], [-2.091802, 48.570327], [-2.091913, 48.57022], [-2.092103, 48.570196], [-2.092354, 48.570262], [-2.092467, 48.570378], [-2.092833, 48.570384], [-2.093056, 48.570324], [-2.093287, 48.570369], [-2.09358, 48.57035], [-2.093807, 48.570382], [-2.094042, 48.570534], [-2.094242, 48.570563], [-2.094248, 48.570642], [-2.09449, 48.570784], [-2.094649, 48.570831], [-2.094745, 48.571029], [-2.094636, 48.571227], [-2.094705, 48.57136], [-2.094828, 48.571415], [-2.094661, 48.571624], [-2.094696, 48.571788], [-2.094878, 48.571839], [-2.094874, 48.571929], [-2.094684, 48.572179], [-2.094588, 48.572561], [-2.094658, 48.572986], [-2.094714, 48.5731], [-2.09495, 48.573332], [-2.095811, 48.574032], [-2.096115, 48.574223], [-2.096418, 48.574492], [-2.096656, 48.574669], [-2.096891, 48.574881], [-2.097079, 48.575189], [-2.097248, 48.575701], [-2.097315, 48.575961], [-2.097501, 48.57635], [-2.097933, 48.576755], [-2.098124, 48.576868], [-2.098451, 48.576907], [-2.09894, 48.576935], [-2.099347, 48.576862], [-2.099492, 48.576691], [-2.09984, 48.576424], [-2.100188, 48.576286], [-2.100332, 48.57607], [-2.100786, 48.575865], [-2.100865, 48.575862], [-2.101298, 48.576052], [-2.10146, 48.575985], [-2.101636, 48.575804], [-2.101765, 48.575764], [-2.102036, 48.575852], [-2.102014, 48.575944], [-2.101853, 48.576037], [-2.102168, 48.576178], [-2.10239, 48.576193], [-2.102433, 48.576246], [-2.10238, 48.576406], [-2.102476, 48.576588], [-2.102659, 48.576733], [-2.10298, 48.576793], [-2.103166, 48.576906], [-2.103136, 48.577028], [-2.103306, 48.5774], [-2.103485, 48.577689], [-2.103806, 48.57798], [-2.103853, 48.578119], [-2.10382, 48.578416], [-2.103892, 48.578599], [-2.10401, 48.578703], [-2.104143, 48.578736], [-2.104168, 48.578933], [-2.104361, 48.578895], [-2.104414, 48.579007], [-2.104268, 48.579119], [-2.104537, 48.579254], [-2.104451, 48.579369], [-2.104447, 48.579493], [-2.104626, 48.579628], [-2.104598, 48.579892], [-2.104619, 48.580071], [-2.104511, 48.580207], [-2.104544, 48.580446], [-2.104697, 48.580531], [-2.104778, 48.580747], [-2.104935, 48.580825], [-2.105313, 48.580779], [-2.105496, 48.580699], [-2.105605, 48.580477], [-2.105799, 48.580436], [-2.105999, 48.580542], [-2.106441, 48.580649], [-2.1067, 48.580577], [-2.106869, 48.580493], [-2.10731, 48.580451], [-2.107559, 48.580471], [-2.107716, 48.580583], [-2.107486, 48.580677], [-2.107533, 48.580908], [-2.107669, 48.580929], [-2.107922, 48.580858], [-2.108065, 48.58095], [-2.10792, 48.581229], [-2.108068, 48.581351], [-2.108091, 48.581437], [-2.108021, 48.581621], [-2.108075, 48.581761], [-2.107971, 48.582656], [-2.108077, 48.582862], [-2.108427, 48.583165], [-2.108907, 48.583443], [-2.10925, 48.583611], [-2.109584, 48.583873], [-2.109783, 48.583802], [-2.110182, 48.583917], [-2.110452, 48.584102], [-2.110794, 48.584187], [-2.110999, 48.584155], [-2.11127, 48.584068], [-2.111705, 48.584084], [-2.112029, 48.584234], [-2.113386, 48.583944], [-2.114067, 48.583837], [-2.114553, 48.58387], [-2.114736, 48.583948], [-2.114845, 48.584104], [-2.114911, 48.584677], [-2.114986, 48.585066], [-2.115262, 48.585663], [-2.118121, 48.586667], [-2.118335, 48.586817], [-2.119021, 48.587142], [-2.120033, 48.587544], [-2.120402, 48.587702], [-2.120804, 48.587801], [-2.121131, 48.587856], [-2.121408, 48.587931], [-2.121562, 48.58812], [-2.122007, 48.588584], [-2.122405, 48.588928], [-2.122664, 48.589089], [-2.122985, 48.589242], [-2.123253, 48.589265], [-2.123697, 48.588825], [-2.124482, 48.589174], [-2.124529, 48.589321], [-2.124428, 48.589413], [-2.124509, 48.589583], [-2.124728, 48.589768], [-2.12449, 48.589852], [-2.124015, 48.58994], [-2.123704, 48.590121], [-2.123731, 48.5904], [-2.123911, 48.590556], [-2.123814, 48.590844], [-2.123969, 48.590969], [-2.124142, 48.59104], [-2.124599, 48.59105], [-2.124659, 48.591174], [-2.124592, 48.591601], [-2.124661, 48.591775], [-2.125031, 48.592097], [-2.125187, 48.592402], [-2.125351, 48.592483], [-2.125378, 48.592594], [-2.125151, 48.592695], [-2.124896, 48.592708], [-2.124736, 48.592782], [-2.124887, 48.593098], [-2.125042, 48.593297], [-2.125202, 48.593454], [-2.125677, 48.593728], [-2.125807, 48.593903], [-2.125803, 48.594156], [-2.125653, 48.594522], [-2.125672, 48.594686], [-2.12579, 48.594853], [-2.12574, 48.59506], [-2.125828, 48.595231], [-2.12593, 48.595298], [-2.126, 48.595628], [-2.125964, 48.595838], [-2.125757, 48.59596], [-2.125537, 48.596155], [-2.12527, 48.596148], [-2.125104, 48.596062], [-2.124865, 48.596078], [-2.124821, 48.596242], [-2.124966, 48.596344], [-2.125351, 48.596419], [-2.125741, 48.596781], [-2.126261, 48.596983], [-2.12634, 48.597169], [-2.126274, 48.597266], [-2.125961, 48.597373], [-2.125779, 48.597538], [-2.125567, 48.597668], [-2.125271, 48.597762], [-2.125066, 48.597895], [-2.125081, 48.598047], [-2.125236, 48.598118], [-2.125777, 48.598126], [-2.126146, 48.598054], [-2.126567, 48.597916], [-2.126965, 48.597923], [-2.12719, 48.598027], [-2.127231, 48.598172], [-2.127195, 48.598263], [-2.127003, 48.598411], [-2.126663, 48.598604], [-2.126393, 48.598898], [-2.126188, 48.598951], [-2.125901, 48.598888], [-2.125368, 48.598561], [-2.125079, 48.598585], [-2.124827, 48.59871], [-2.124793, 48.598782], [-2.124939, 48.59907], [-2.125045, 48.599213], [-2.125293, 48.599402], [-2.125437, 48.599553], [-2.125511, 48.599739], [-2.125496, 48.599921], [-2.125299, 48.60002], [-2.125001, 48.600046], [-2.124873, 48.599919], [-2.124688, 48.599863], [-2.124362, 48.599922], [-2.124373, 48.600228], [-2.124602, 48.600382], [-2.124711, 48.600612], [-2.124697, 48.600829], [-2.124534, 48.601031], [-2.124458, 48.601546], [-2.124284, 48.60183], [-2.124066, 48.602043], [-2.123762, 48.602384], [-2.123613, 48.602595], [-2.123612, 48.603018], [-2.12369, 48.603169], [-2.123835, 48.603335], [-2.124248, 48.603432], [-2.1243, 48.603611], [-2.124244, 48.603792], [-2.124142, 48.60393], [-2.123869, 48.604099], [-2.123799, 48.604273], [-2.12383, 48.604541], [-2.123669, 48.604565], [-2.123533, 48.604912], [-2.12336, 48.605051], [-2.123344, 48.605284], [-2.123402, 48.605411], [-2.123543, 48.605455], [-2.123766, 48.605638], [-2.123831, 48.605775], [-2.123745, 48.605897], [-2.123502, 48.606007], [-2.123546, 48.606229], [-2.123611, 48.606322], [-2.123614, 48.606576], [-2.123499, 48.607214], [-2.123545, 48.607257], [-2.12384, 48.607244], [-2.124551, 48.607369], [-2.124826, 48.607547], [-2.125189, 48.607692], [-2.125564, 48.607774], [-2.126006, 48.607966], [-2.126194, 48.608074], [-2.127289, 48.608507], [-2.127511, 48.608607], [-2.128208, 48.609151], [-2.128524, 48.609302], [-2.128689, 48.609423], [-2.12888, 48.609495], [-2.128989, 48.609615], [-2.129153, 48.609692], [-2.129424, 48.609699], [-2.129695, 48.609788], [-2.129888, 48.609801], [-2.130396, 48.610058], [-2.130745, 48.610201], [-2.130808, 48.610255], [-2.130838, 48.610422], [-2.130712, 48.610689], [-2.130808, 48.610894], [-2.13076, 48.611178], [-2.13065, 48.611387], [-2.130553, 48.611668], [-2.130276, 48.611934], [-2.1301, 48.612136], [-2.129893, 48.612289], [-2.129888, 48.612457], [-2.129695, 48.612693], [-2.129482, 48.613075], [-2.129617, 48.613199], [-2.130069, 48.613329], [-2.130374, 48.613285], [-2.130549, 48.613108], [-2.130696, 48.612753], [-2.131031, 48.612607], [-2.131282, 48.612566], [-2.131623, 48.612575], [-2.131853, 48.612613], [-2.1323, 48.612543], [-2.132905, 48.612379], [-2.133237, 48.612242], [-2.133686, 48.612123], [-2.134143, 48.612027], [-2.134493, 48.611884], [-2.134795, 48.611832], [-2.134955, 48.611891], [-2.134979, 48.611986], [-2.135164, 48.612211], [-2.135343, 48.612288], [-2.135528, 48.612317], [-2.135598, 48.612447], [-2.135921, 48.612592], [-2.1362, 48.612822], [-2.136452, 48.612835], [-2.136594, 48.612902], [-2.136686, 48.613116], [-2.136902, 48.613364], [-2.13699, 48.613538], [-2.137237, 48.613592], [-2.137251, 48.613699], [-2.137118, 48.61389], [-2.137088, 48.614211], [-2.136979, 48.614313], [-2.137013, 48.614481], [-2.137154, 48.614628], [-2.13725, 48.614889], [-2.137213, 48.615096], [-2.137081, 48.615191], [-2.137067, 48.61545], [-2.137295, 48.615582], [-2.137357, 48.615738], [-2.137182, 48.616242], [-2.136855, 48.616358], [-2.13674, 48.616585], [-2.13657, 48.616776], [-2.136818, 48.617004], [-2.136846, 48.617169], [-2.136708, 48.617257], [-2.136068, 48.617165], [-2.135547, 48.617285], [-2.135619, 48.617462], [-2.135508, 48.617584], [-2.135362, 48.617618], [-2.135398, 48.617842], [-2.135624, 48.617652], [-2.135784, 48.617627], [-2.136068, 48.61775], [-2.136611, 48.617879], [-2.136888, 48.618066], [-2.137043, 48.618257], [-2.137278, 48.618995], [-2.137391, 48.619306], [-2.137469, 48.619411], [-2.13783, 48.619765], [-2.138065, 48.620079], [-2.138212, 48.620469], [-2.138367, 48.62149], [-2.138442, 48.621848], [-2.138733, 48.622727], [-2.138758, 48.622979], [-2.138959, 48.623087], [-2.138894, 48.623278], [-2.139031, 48.623445], [-2.138837, 48.623507], [-2.138698, 48.623647], [-2.138389, 48.623668], [-2.138089, 48.624038], [-2.138117, 48.624211], [-2.138061, 48.624353], [-2.138128, 48.624553], [-2.138322, 48.624638], [-2.138595, 48.625059], [-2.139106, 48.62528], [-2.13911, 48.625316], [-2.139456, 48.625382], [-2.139973, 48.625522], [-2.140526, 48.625616], [-2.141016, 48.625621], [-2.141556, 48.62558], [-2.142037, 48.625496], [-2.142367, 48.625392], [-2.14257, 48.625239], [-2.14269, 48.62508], [-2.142706, 48.624692], [-2.14277, 48.624653], [-2.142392, 48.624427], [-2.142319, 48.624285], [-2.142287, 48.624039], [-2.142321, 48.62396], [-2.142152, 48.62387], [-2.142173, 48.62367], [-2.142317, 48.623583], [-2.142374, 48.623446], [-2.142615, 48.623381], [-2.142786, 48.623373], [-2.143159, 48.623145], [-2.143579, 48.623203], [-2.143742, 48.623196], [-2.143799, 48.623365], [-2.143736, 48.623413], [-2.143793, 48.623561], [-2.143701, 48.623689], [-2.143432, 48.623738], [-2.143311, 48.623821], [-2.143354, 48.624119], [-2.143321, 48.62417], [-2.143091, 48.62421], [-2.143176, 48.624356], [-2.142972, 48.624626], [-2.14307, 48.624938], [-2.143286, 48.625334], [-2.143439, 48.625372], [-2.143501, 48.625451], [-2.143994, 48.625594], [-2.144394, 48.625447], [-2.14462, 48.625465], [-2.144816, 48.625601], [-2.145064, 48.625637], [-2.14531, 48.62595], [-2.145272, 48.626279], [-2.145433, 48.626608], [-2.145732, 48.626698], [-2.145843, 48.626766], [-2.146097, 48.626817], [-2.146371, 48.626832], [-2.146655, 48.626955], [-2.146665, 48.627017], [-2.147038, 48.627165], [-2.147605, 48.627055], [-2.147942, 48.626699], [-2.148099, 48.62661], [-2.148147, 48.626524], [-2.148406, 48.626283], [-2.148701, 48.62619], [-2.148877, 48.626284], [-2.149055, 48.62663], [-2.149336, 48.626665], [-2.149587, 48.626633], [-2.149668, 48.626671], [-2.149837, 48.626615], [-2.149953, 48.626659], [-2.149975, 48.626762], [-2.150112, 48.626919], [-2.150282, 48.627016], [-2.150517, 48.627309], [-2.150496, 48.627535], [-2.150596, 48.627788], [-2.150703, 48.627934], [-2.150717, 48.628275], [-2.150938, 48.628351], [-2.151332, 48.628419], [-2.151495, 48.62852], [-2.151181, 48.628774], [-2.151073, 48.62891], [-2.151213, 48.629152], [-2.151209, 48.629496], [-2.15131, 48.629542], [-2.15138, 48.629714], [-2.151366, 48.62996], [-2.151174, 48.629953], [-2.151151, 48.630043], [-2.151242, 48.630234], [-2.151106, 48.630382], [-2.150995, 48.630624], [-2.150778, 48.630663], [-2.150605, 48.630752], [-2.150145, 48.630859], [-2.15006, 48.631048], [-2.149929, 48.631099], [-2.149811, 48.631262], [-2.149836, 48.631358], [-2.149654, 48.631386], [-2.149504, 48.631588], [-2.149402, 48.631844], [-2.149424, 48.632045], [-2.149579, 48.632254], [-2.149611, 48.632439], [-2.149924, 48.632589], [-2.14982, 48.632713], [-2.149959, 48.632839], [-2.149988, 48.633049], [-2.150141, 48.633066], [-2.150378, 48.633185], [-2.150583, 48.633327], [-2.150743, 48.633329], [-2.150986, 48.633478], [-2.151, 48.63355], [-2.151381, 48.633736], [-2.151623, 48.633918], [-2.151587, 48.634019], [-2.151374, 48.634045], [-2.151442, 48.634149], [-2.151287, 48.634352], [-2.151113, 48.63443], [-2.151029, 48.634615], [-2.150743, 48.634787], [-2.150702, 48.634867], [-2.150461, 48.635073], [-2.150275, 48.635105], [-2.15006, 48.635035], [-2.150002, 48.634917], [-2.149964, 48.63461], [-2.149897, 48.634426], [-2.1497, 48.634403], [-2.149627, 48.634324], [-2.149505, 48.634071], [-2.149385, 48.633949], [-2.149064, 48.63384], [-2.149002, 48.633733], [-2.149153, 48.633644], [-2.148647, 48.633471], [-2.148116, 48.633231], [-2.147975, 48.633357], [-2.147696, 48.633418], [-2.147199, 48.633469], [-2.147068, 48.633423], [-2.146829, 48.63326], [-2.146608, 48.633192], [-2.146242, 48.633219], [-2.146099, 48.633037], [-2.145787, 48.632868], [-2.145722, 48.632782], [-2.145824, 48.632621], [-2.145784, 48.632486], [-2.145911, 48.632384], [-2.145907, 48.632099], [-2.145785, 48.631967], [-2.145528, 48.63184], [-2.145101, 48.631729], [-2.144777, 48.631698], [-2.144412, 48.631735], [-2.144071, 48.632238], [-2.143808, 48.632269], [-2.14376, 48.632475], [-2.143505, 48.632489], [-2.143238, 48.632464], [-2.142884, 48.632268], [-2.142857, 48.632123], [-2.142566, 48.632055], [-2.14261, 48.63188], [-2.142447, 48.631752], [-2.142241, 48.631694], [-2.141974, 48.631738], [-2.141715, 48.631742], [-2.141314, 48.631831], [-2.140708, 48.632014], [-2.140195, 48.632226], [-2.139885, 48.632396], [-2.139592, 48.632587], [-2.13894, 48.633088], [-2.138631, 48.633277], [-2.138531, 48.633265], [-2.137992, 48.63345], [-2.138053, 48.63352], [-2.137445, 48.633699], [-2.137351, 48.633847], [-2.137367, 48.634187], [-2.13735, 48.634449], [-2.137213, 48.634833], [-2.136973, 48.634818], [-2.136716, 48.634756], [-2.136481, 48.634595], [-2.136126, 48.634554], [-2.135694, 48.634579], [-2.13547, 48.634539], [-2.135227, 48.634622], [-2.135216, 48.634758], [-2.135136, 48.634943], [-2.134896, 48.635066], [-2.13456, 48.635196], [-2.134466, 48.635157], [-2.134264, 48.635226], [-2.134029, 48.635236], [-2.133984, 48.63539], [-2.133741, 48.63539], [-2.133463, 48.63544], [-2.133466, 48.635709], [-2.133588, 48.635855], [-2.133411, 48.636036], [-2.133394, 48.636136], [-2.13326, 48.63624], [-2.133474, 48.636561], [-2.133498, 48.63668], [-2.133808, 48.636975], [-2.134037, 48.637022], [-2.133963, 48.637193], [-2.134093, 48.637356], [-2.134029, 48.637659], [-2.134162, 48.637921], [-2.134082, 48.638031], [-2.133869, 48.637994], [-2.133881, 48.638154], [-2.133646, 48.638185], [-2.133564, 48.638505], [-2.133434, 48.638588], [-2.133307, 48.638572], [-2.133003, 48.63869], [-2.132603, 48.638676], [-2.132529, 48.638528], [-2.132549, 48.63832], [-2.13231, 48.638051], [-2.131923, 48.637927], [-2.131873, 48.63778], [-2.131647, 48.637595], [-2.131584, 48.637426], [-2.131361, 48.637221], [-2.131291, 48.63702], [-2.131132, 48.637076], [-2.130879, 48.637251], [-2.130691, 48.637335], [-2.130384, 48.637523], [-2.130134, 48.637815], [-2.129889, 48.63745], [-2.129676, 48.637271], [-2.129595, 48.636962], [-2.12977, 48.636697], [-2.129713, 48.636622], [-2.129255, 48.636391], [-2.128712, 48.636251], [-2.128649, 48.635883], [-2.128493, 48.635921], [-2.128444, 48.635751], [-2.128264, 48.635596], [-2.127853, 48.635818], [-2.12772, 48.635853], [-2.12759, 48.635808], [-2.127597, 48.635618], [-2.127453, 48.63542], [-2.127188, 48.635175], [-2.126902, 48.635273], [-2.126745, 48.63525], [-2.12665, 48.634976], [-2.126164, 48.635006], [-2.125303, 48.635106], [-2.124329, 48.635259], [-2.124138, 48.635292], [-2.122875, 48.635589], [-2.122004, 48.635861], [-2.121571, 48.636024], [-2.121566, 48.636105], [-2.121225, 48.636237], [-2.121045, 48.6362], [-2.119804, 48.636722], [-2.118908, 48.637157], [-2.118055, 48.637609], [-2.11714, 48.638126], [-2.117031, 48.638266], [-2.117204, 48.638368], [-2.117245, 48.638456], [-2.117042, 48.638579], [-2.117003, 48.638671], [-2.116782, 48.638616], [-2.116638, 48.638684], [-2.116247, 48.638757], [-2.116153, 48.638804], [-2.116557, 48.639342], [-2.116509, 48.639468], [-2.116588, 48.639616], [-2.116694, 48.639647], [-2.116861, 48.639882], [-2.116804, 48.64003], [-2.116597, 48.640062], [-2.116525, 48.640168], [-2.116553, 48.640326], [-2.116719, 48.640425], [-2.116871, 48.640456], [-2.116961, 48.640584], [-2.117135, 48.640548], [-2.117422, 48.640619], [-2.117549, 48.640601], [-2.117845, 48.640802], [-2.117628, 48.640923], [-2.11748, 48.640806], [-2.11725, 48.640792], [-2.11696, 48.640682], [-2.117023, 48.640871], [-2.116696, 48.640828], [-2.116632, 48.641002], [-2.116519, 48.641051], [-2.116534, 48.641152], [-2.116431, 48.641222], [-2.116343, 48.64153], [-2.116512, 48.641716], [-2.116388, 48.641928], [-2.11608, 48.641969], [-2.115957, 48.642232], [-2.115815, 48.642132], [-2.115638, 48.642172], [-2.115509, 48.642139], [-2.115335, 48.642186], [-2.115301, 48.642378], [-2.115132, 48.642349], [-2.114895, 48.642567], [-2.115059, 48.642745], [-2.114873, 48.642931], [-2.114594, 48.642856], [-2.114198, 48.642976], [-2.114096, 48.643049], [-2.113845, 48.643093], [-2.113691, 48.643061], [-2.113606, 48.643141], [-2.113638, 48.643234], [-2.113555, 48.643355], [-2.113563, 48.643468], [-2.113469, 48.643634], [-2.113452, 48.643886], [-2.113278, 48.64396], [-2.113183, 48.643869], [-2.112897, 48.644181], [-2.112876, 48.644258], [-2.113039, 48.644685], [-2.113035, 48.644909], [-2.112912, 48.644901], [-2.112775, 48.64509], [-2.112775, 48.64526], [-2.112572, 48.645338], [-2.112313, 48.645291], [-2.112218, 48.64487], [-2.112182, 48.64462], [-2.112347, 48.644508], [-2.112304, 48.644306], [-2.11238, 48.644081], [-2.112339, 48.643665], [-2.112513, 48.643506], [-2.112642, 48.643313], [-2.112603, 48.643188], [-2.112676, 48.643104], [-2.112871, 48.64315], [-2.112978, 48.642867], [-2.112796, 48.642713], [-2.112808, 48.642503], [-2.112899, 48.642328], [-2.112915, 48.642095], [-2.112818, 48.641965], [-2.112863, 48.641765], [-2.113117, 48.641726], [-2.112989, 48.641437], [-2.113053, 48.641257], [-2.112936, 48.641162], [-2.112596, 48.641033], [-2.112615, 48.64094], [-2.112561, 48.64057], [-2.112675, 48.640311], [-2.112608, 48.640185], [-2.112404, 48.640077], [-2.112639, 48.640003], [-2.112705, 48.639854], [-2.112621, 48.639649], [-2.112433, 48.639644], [-2.111878, 48.639496], [-2.111817, 48.639328], [-2.111927, 48.639206], [-2.112257, 48.638958], [-2.112189, 48.638421], [-2.111857, 48.638199], [-2.111746, 48.638051], [-2.11139, 48.637886], [-2.111288, 48.637954], [-2.110708, 48.637582], [-2.1102, 48.637532], [-2.109886, 48.637518], [-2.109729, 48.637444], [-2.107503, 48.636935], [-2.106888, 48.636908], [-2.106806, 48.636758], [-2.106645, 48.636783], [-2.106627, 48.636883], [-2.106227, 48.636819], [-2.105572, 48.636658], [-2.104936, 48.636415], [-2.104759, 48.636215], [-2.104635, 48.635744], [-2.104507, 48.635452], [-2.104472, 48.635218], [-2.104293, 48.634954], [-2.104166, 48.634631], [-2.104234, 48.634199], [-2.104005, 48.633605], [-2.104005, 48.633455], [-2.104078, 48.633298], [-2.104024, 48.6332], [-2.103133, 48.63285], [-2.103065, 48.632853], [-2.103168, 48.633624], [-2.103128, 48.634049], [-2.103182, 48.634471], [-2.103073, 48.634621], [-2.103164, 48.634813], [-2.103139, 48.634893], [-2.103245, 48.635018], [-2.103722, 48.635755], [-2.103825, 48.635873], [-2.103918, 48.636236], [-2.104034, 48.636254], [-2.10409, 48.636383], [-2.104353, 48.636602], [-2.104555, 48.636645], [-2.104777, 48.636831], [-2.104998, 48.636843], [-2.105204, 48.636962], [-2.105493, 48.636898], [-2.105632, 48.63695], [-2.105698, 48.63714], [-2.105741, 48.637487], [-2.105903, 48.637608], [-2.105941, 48.63786], [-2.106142, 48.637854], [-2.10612, 48.638089], [-2.105837, 48.638256], [-2.105973, 48.638526], [-2.105853, 48.638742], [-2.10574, 48.638633], [-2.105764, 48.638412], [-2.105574, 48.638481], [-2.105179, 48.638411], [-2.105174, 48.638556], [-2.104746, 48.638629], [-2.104782, 48.63876], [-2.104623, 48.638859], [-2.104444, 48.638843], [-2.104215, 48.638956], [-2.103966, 48.639002], [-2.103861, 48.638932], [-2.103681, 48.639122], [-2.103511, 48.639142], [-2.103226, 48.638948], [-2.10322, 48.639048], [-2.102997, 48.639111], [-2.102708, 48.639058], [-2.102133, 48.638853], [-2.1021, 48.63876], [-2.101784, 48.63862], [-2.101651, 48.638627], [-2.101534, 48.638558], [-2.101028, 48.638718], [-2.100726, 48.638707], [-2.100581, 48.638769], [-2.100116, 48.638741], [-2.099984, 48.63864], [-2.09986, 48.638667], [-2.099766, 48.638801], [-2.099878, 48.638879], [-2.099515, 48.639032], [-2.099557, 48.638776], [-2.099453, 48.638569], [-2.099271, 48.638494], [-2.099053, 48.638331], [-2.098719, 48.638253], [-2.098625, 48.638026], [-2.098494, 48.637935], [-2.09854, 48.637724], [-2.098333, 48.637414], [-2.098373, 48.637166], [-2.098138, 48.637033], [-2.097944, 48.63704], [-2.097979, 48.636773], [-2.097628, 48.636448], [-2.097644, 48.63633], [-2.097394, 48.636156], [-2.097353, 48.635987], [-2.097573, 48.635722], [-2.097608, 48.635614], [-2.097499, 48.635541], [-2.097537, 48.635463], [-2.097445, 48.635339], [-2.097131, 48.635233], [-2.096894, 48.635323], [-2.096719, 48.635261], [-2.096474, 48.635074], [-2.096352, 48.635062], [-2.096288, 48.634967], [-2.096345, 48.634764], [-2.096258, 48.634662], [-2.096047, 48.634674], [-2.095829, 48.634439], [-2.095756, 48.634098], [-2.095556, 48.633864], [-2.095341, 48.633813], [-2.095082, 48.633836], [-2.094816, 48.633776], [-2.094575, 48.633671], [-2.094454, 48.633853], [-2.094165, 48.633822], [-2.093745, 48.633853], [-2.093435, 48.633929], [-2.093235, 48.633875], [-2.093008, 48.633906], [-2.092868, 48.633993], [-2.09283, 48.634086], [-2.092323, 48.634201], [-2.092138, 48.634319], [-2.091759, 48.634346], [-2.091586, 48.634195], [-2.091362, 48.6341], [-2.09122, 48.633933], [-2.09094, 48.634006], [-2.090795, 48.634223], [-2.090596, 48.634181], [-2.090467, 48.634094], [-2.089984, 48.634125], [-2.089857, 48.63405], [-2.089603, 48.634066], [-2.089427, 48.634143], [-2.089295, 48.634276], [-2.089115, 48.634257], [-2.089082, 48.634337], [-2.088893, 48.634391], [-2.088762, 48.63448], [-2.088316, 48.634421], [-2.088013, 48.634475], [-2.087808, 48.634473], [-2.087534, 48.634401], [-2.087131, 48.634553], [-2.08705, 48.634505], [-2.086825, 48.634625], [-2.086556, 48.634587], [-2.086356, 48.634645], [-2.086202, 48.634744], [-2.086044, 48.634718], [-2.085858, 48.634759], [-2.085769, 48.634855], [-2.085425, 48.634895], [-2.085331, 48.634949], [-2.084836, 48.63508], [-2.084798, 48.635195], [-2.08465, 48.635249], [-2.084347, 48.635457], [-2.084096, 48.635742], [-2.084, 48.636], [-2.084125, 48.636156], [-2.084321, 48.636169], [-2.084368, 48.63625], [-2.083993, 48.636466], [-2.083815, 48.636488], [-2.083777, 48.636395], [-2.083496, 48.636403], [-2.083366, 48.636265], [-2.08323, 48.635983], [-2.082981, 48.635983], [-2.082753, 48.63605], [-2.082296, 48.636103], [-2.082084, 48.636191], [-2.081818, 48.636236], [-2.081577, 48.636345], [-2.081317, 48.6364], [-2.081101, 48.636552], [-2.080833, 48.636646], [-2.080521, 48.636883], [-2.080906, 48.637245], [-2.080982, 48.637288], [-2.081068, 48.637455], [-2.081086, 48.637698], [-2.080903, 48.638139], [-2.080685, 48.638302], [-2.080637, 48.638567], [-2.080515, 48.63865], [-2.080341, 48.638446], [-2.080086, 48.638463], [-2.079902, 48.638633], [-2.079788, 48.638645], [-2.079614, 48.638539], [-2.079427, 48.638635], [-2.079337, 48.63875], [-2.079151, 48.638693], [-2.079126, 48.638804], [-2.079258, 48.638864], [-2.079231, 48.638989], [-2.078959, 48.639044], [-2.078997, 48.6392], [-2.078662, 48.639431], [-2.078466, 48.639457], [-2.078312, 48.639344], [-2.077886, 48.639421], [-2.077572, 48.639401], [-2.077436, 48.639451], [-2.077586, 48.639592], [-2.07727, 48.639783], [-2.077522, 48.64004], [-2.077752, 48.640077], [-2.077897, 48.640275], [-2.077938, 48.640452], [-2.078162, 48.640665], [-2.078385, 48.640738], [-2.078426, 48.640819], [-2.078203, 48.640834], [-2.077944, 48.640934], [-2.077535, 48.640994], [-2.077209, 48.641081], [-2.077028, 48.641007], [-2.076959, 48.640922], [-2.076933, 48.640691], [-2.076565, 48.640632], [-2.076516, 48.64051], [-2.076177, 48.640409], [-2.076095, 48.640619], [-2.075701, 48.640546], [-2.075258, 48.640596], [-2.075072, 48.640545], [-2.075014, 48.640468], [-2.075071, 48.640276], [-2.075077, 48.640072], [-2.074911, 48.639994], [-2.074633, 48.640276], [-2.074508, 48.64017], [-2.074335, 48.640191], [-2.074155, 48.64015], [-2.074074, 48.64028], [-2.073886, 48.640289], [-2.073638, 48.640073], [-2.073148, 48.639975], [-2.073003, 48.639778], [-2.073117, 48.639471], [-2.072977, 48.639471], [-2.072922, 48.639352], [-2.07272, 48.63909], [-2.072637, 48.639083], [-2.072542, 48.638905], [-2.071805, 48.638634], [-2.071586, 48.638625], [-2.071402, 48.638552], [-2.070425, 48.638431], [-2.070203, 48.638505], [-2.069989, 48.638466], [-2.069534, 48.638515], [-2.069355, 48.638465], [-2.069115, 48.63847], [-2.068927, 48.638518], [-2.068657, 48.638476], [-2.06824, 48.638559], [-2.067941, 48.638547], [-2.067326, 48.638599], [-2.066904, 48.638581], [-2.066625, 48.638647], [-2.066551, 48.638876], [-2.066013, 48.63907], [-2.065975, 48.638963], [-2.065714, 48.638794], [-2.065561, 48.6389], [-2.065388, 48.638934], [-2.064907, 48.638747], [-2.064238, 48.639001], [-2.064238, 48.639145], [-2.063951, 48.639266], [-2.063845, 48.639441], [-2.063567, 48.639661], [-2.063509, 48.639762], [-2.063293, 48.639771], [-2.063056, 48.639854], [-2.063069, 48.639988], [-2.062828, 48.640314], [-2.062486, 48.640572], [-2.062175, 48.640594], [-2.061899, 48.640543], [-2.061713, 48.640452], [-2.061684, 48.640579], [-2.06142, 48.640653], [-2.061293, 48.640614], [-2.061159, 48.640493], [-2.060964, 48.640438], [-2.060593, 48.6404], [-2.060393, 48.6403], [-2.060124, 48.640339], [-2.059932, 48.64032], [-2.059955, 48.640139], [-2.059886, 48.639988], [-2.059747, 48.639958], [-2.059606, 48.639766], [-2.059399, 48.63973], [-2.058914, 48.639922], [-2.058777, 48.639909], [-2.058705, 48.640012], [-2.058182, 48.639944], [-2.05791, 48.639946], [-2.057717, 48.640063], [-2.057069, 48.640243], [-2.056848, 48.640208], [-2.056728, 48.640096], [-2.0568, 48.639993], [-2.056872, 48.639756], [-2.056845, 48.639622], [-2.05663, 48.639505], [-2.056762, 48.639319], [-2.056825, 48.639136], [-2.056692, 48.639025], [-2.056362, 48.638985], [-2.056286, 48.638762], [-2.056526, 48.638428], [-2.056475, 48.638331], [-2.056054, 48.638186], [-2.055984, 48.638027], [-2.056047, 48.6377], [-2.056351, 48.637462], [-2.056499, 48.637167], [-2.056537, 48.636994], [-2.056796, 48.637001], [-2.057005, 48.636911], [-2.057074, 48.636782], [-2.056989, 48.63675], [-2.056841, 48.636485], [-2.056593, 48.636316], [-2.055853, 48.635969], [-2.055489, 48.635867], [-2.055414, 48.635918], [-2.055237, 48.635846], [-2.055222, 48.635779], [-2.054939, 48.635665], [-2.054663, 48.635623], [-2.053766, 48.635625], [-2.053505, 48.635735], [-2.053306, 48.635653], [-2.052213, 48.635736], [-2.051992, 48.635844], [-2.051836, 48.636058], [-2.05162, 48.636212], [-2.051254, 48.636515], [-2.05058, 48.636995], [-2.050258, 48.637035], [-2.05017, 48.637256], [-2.049992, 48.63738], [-2.049791, 48.637416], [-2.049585, 48.637398], [-2.049544, 48.637534], [-2.049696, 48.637699], [-2.04984, 48.637783], [-2.050108, 48.638304], [-2.050123, 48.638456], [-2.050028, 48.638596], [-2.049739, 48.638851], [-2.049469, 48.638863], [-2.049328, 48.638815], [-2.049096, 48.638806], [-2.048967, 48.638884], [-2.048877, 48.639077], [-2.048787, 48.639126], [-2.04856, 48.639027], [-2.048198, 48.639059], [-2.04798, 48.639121], [-2.047789, 48.639135], [-2.047571, 48.639043], [-2.04752, 48.638969], [-2.047333, 48.638896], [-2.047291, 48.63864], [-2.047374, 48.638423], [-2.047581, 48.638368], [-2.047586, 48.638115], [-2.047427, 48.63807], [-2.047296, 48.637757], [-2.047192, 48.637648], [-2.047117, 48.637484], [-2.046927, 48.63739], [-2.046887, 48.637224], [-2.046932, 48.637103], [-2.047102, 48.63704], [-2.047234, 48.63666], [-2.047105, 48.636493], [-2.046953, 48.636473], [-2.047042, 48.636126], [-2.047374, 48.635626], [-2.047544, 48.635555], [-2.04867, 48.636229], [-2.048892, 48.636129], [-2.048684, 48.635525], [-2.048581, 48.635025], [-2.048906, 48.634731], [-2.04885, 48.634571], [-2.049046, 48.634203], [-2.049188, 48.634134], [-2.04971, 48.634183], [-2.050013, 48.633945], [-2.04992, 48.633823], [-2.050279, 48.63388], [-2.050567, 48.63376], [-2.050575, 48.63357], [-2.050684, 48.63343], [-2.050889, 48.633295], [-2.050933, 48.633185], [-2.050903, 48.633024], [-2.050951, 48.632815], [-2.050787, 48.632236], [-2.050887, 48.632006], [-2.05109, 48.631439], [-2.051326, 48.631204], [-2.05117, 48.631138], [-2.05106, 48.631269], [-2.050933, 48.63122], [-2.051215, 48.630902], [-2.051342, 48.63095], [-2.051366, 48.631058], [-2.051543, 48.631059], [-2.052194, 48.630761], [-2.052313, 48.630585], [-2.052503, 48.630577], [-2.052765, 48.63034], [-2.053, 48.630096], [-2.053136, 48.629811], [-2.053293, 48.62975], [-2.053536, 48.629731], [-2.053782, 48.629603], [-2.053939, 48.629398], [-2.053833, 48.629285], [-2.053586, 48.629125], [-2.053592, 48.628908], [-2.054393, 48.628324], [-2.054486, 48.628023], [-2.054578, 48.627848], [-2.054399, 48.627693], [-2.054817, 48.627234], [-2.054943, 48.627264], [-2.055109, 48.627158], [-2.055219, 48.626883], [-2.055196, 48.626794], [-2.054663, 48.626204], [-2.05433, 48.625992], [-2.053748, 48.625738], [-2.052564, 48.625157], [-2.052484, 48.625148], [-2.051948, 48.624912], [-2.051683, 48.624816], [-2.051034, 48.624622], [-2.050187, 48.624401], [-2.050009, 48.624367], [-2.049903, 48.624466], [-2.049581, 48.624476], [-2.04931, 48.624579], [-2.049244, 48.624755], [-2.049009, 48.624828], [-2.048826, 48.624656], [-2.048702, 48.624611], [-2.048595, 48.624423], [-2.0485, 48.624358], [-2.047819, 48.624221], [-2.047539, 48.623955], [-2.046977, 48.624042], [-2.047109, 48.62434], [-2.047122, 48.624441], [-2.046978, 48.624689], [-2.04663, 48.624745], [-2.046702, 48.624974], [-2.04667, 48.625054], [-2.046499, 48.625136], [-2.046317, 48.625095], [-2.046212, 48.624951], [-2.045812, 48.624975], [-2.045407, 48.625082], [-2.045176, 48.625277], [-2.045054, 48.625264], [-2.044957, 48.62542], [-2.044692, 48.625466], [-2.044404, 48.625426], [-2.044236, 48.625344], [-2.044024, 48.625328], [-2.043843, 48.625261], [-2.043737, 48.625286], [-2.043439, 48.625225], [-2.042912, 48.625172], [-2.042788, 48.625384], [-2.04259, 48.625473], [-2.042375, 48.625418], [-2.042053, 48.625387], [-2.04185, 48.625443], [-2.041667, 48.625448], [-2.041695, 48.625596], [-2.041563, 48.625679], [-2.041144, 48.625703], [-2.04072, 48.625597], [-2.040517, 48.625647], [-2.040293, 48.625593], [-2.039864, 48.625443], [-2.039614, 48.62544], [-2.039524, 48.625542], [-2.039353, 48.625622], [-2.0393, 48.625762], [-2.039372, 48.625848], [-2.039304, 48.625985], [-2.039131, 48.626078], [-2.038968, 48.626229], [-2.038887, 48.626174], [-2.038798, 48.625943], [-2.038616, 48.625904], [-2.03842, 48.625981], [-2.038237, 48.62595], [-2.038099, 48.626], [-2.037761, 48.625975], [-2.037426, 48.625997], [-2.03693, 48.626144], [-2.036585, 48.625844], [-2.036561, 48.625638], [-2.036462, 48.625586], [-2.036453, 48.62547], [-2.036275, 48.625372], [-2.036044, 48.625395], [-2.035906, 48.62552], [-2.035808, 48.62553], [-2.035539, 48.625801], [-2.035391, 48.625759], [-2.034886, 48.626197], [-2.034734, 48.626237], [-2.034436, 48.626179], [-2.034234, 48.626197], [-2.034157, 48.626292], [-2.034157, 48.626467], [-2.033993, 48.626687], [-2.033751, 48.626861], [-2.033524, 48.627072], [-2.033209, 48.627203], [-2.033067, 48.627137], [-2.032763, 48.626924], [-2.032685, 48.626811], [-2.032513, 48.62641], [-2.032624, 48.626195], [-2.032627, 48.62585], [-2.032448, 48.625489], [-2.032158, 48.625453], [-2.031688, 48.625446], [-2.031409, 48.625272], [-2.031123, 48.624854], [-2.030873, 48.624687], [-2.030777, 48.624526], [-2.030824, 48.624308], [-2.030735, 48.624243], [-2.03013, 48.624205], [-2.02998, 48.62422], [-2.029759, 48.624104], [-2.029711, 48.623889], [-2.029839, 48.623621], [-2.029761, 48.623246], [-2.02982, 48.623149], [-2.030074, 48.623063], [-2.030305, 48.623162], [-2.030436, 48.622967], [-2.030579, 48.622907], [-2.030652, 48.622814], [-2.030913, 48.622839], [-2.031161, 48.622698], [-2.031392, 48.622624], [-2.03135, 48.622543], [-2.031423, 48.622433], [-2.031135, 48.62231], [-2.030941, 48.622299], [-2.030704, 48.622079], [-2.030676, 48.621881], [-2.030756, 48.621748], [-2.030719, 48.621637], [-2.030768, 48.621489], [-2.030871, 48.621447], [-2.031143, 48.62145], [-2.03147, 48.621344], [-2.031584, 48.62114], [-2.031675, 48.621066], [-2.032322, 48.620814], [-2.032597, 48.620568], [-2.033002, 48.62044], [-2.032858, 48.620399], [-2.032575, 48.620447], [-2.032281, 48.620548], [-2.032046, 48.62056], [-2.031961, 48.620498], [-2.031952, 48.62026], [-2.031998, 48.620141], [-2.031892, 48.61992], [-2.031566, 48.619502], [-2.031468, 48.619439], [-2.030999, 48.619455], [-2.030555, 48.619303], [-2.030284, 48.619116], [-2.030396, 48.61907], [-2.030347, 48.618857], [-2.030366, 48.618742], [-2.030243, 48.618367], [-2.030116, 48.618219], [-2.029845, 48.61813], [-2.029712, 48.617952], [-2.029696, 48.617778], [-2.029562, 48.617702], [-2.029383, 48.617696], [-2.02932, 48.617588], [-2.028718, 48.617695], [-2.028625, 48.617573], [-2.028359, 48.616926], [-2.02826, 48.616606], [-2.028374, 48.61652], [-2.028637, 48.616563], [-2.028706, 48.616434], [-2.028965, 48.616306], [-2.029211, 48.616034], [-2.029126, 48.616001], [-2.02925, 48.61587], [-2.028969, 48.615774], [-2.029066, 48.615652], [-2.02912, 48.615371], [-2.029294, 48.614987], [-2.029457, 48.614764], [-2.029641, 48.614671], [-2.029962, 48.614659], [-2.030146, 48.614309], [-2.030331, 48.614247], [-2.030431, 48.614161], [-2.030194, 48.614099], [-2.030376, 48.614011], [-2.031283, 48.613828], [-2.031603, 48.613905], [-2.032099, 48.614118], [-2.032173, 48.614178], [-2.032464, 48.614102], [-2.032826, 48.613907], [-2.033256, 48.613573], [-2.033353, 48.613452], [-2.033713, 48.61332], [-2.033858, 48.613034], [-2.033869, 48.612944], [-2.033993, 48.61278], [-2.034151, 48.61245], [-2.034513, 48.612248], [-2.034672, 48.612099], [-2.034832, 48.61171], [-2.034909, 48.611442], [-2.034896, 48.611231], [-2.03478, 48.611016], [-2.034766, 48.610767], [-2.034714, 48.610612], [-2.034408, 48.610342], [-2.033881, 48.60971], [-2.033769, 48.609667], [-2.033431, 48.609303], [-2.032908, 48.609076], [-2.03259, 48.608914], [-2.032419, 48.608687], [-2.032186, 48.608628], [-2.031831, 48.608451], [-2.031175, 48.608233], [-2.030875, 48.608154], [-2.030384, 48.60808], [-2.030057, 48.608093], [-2.029865, 48.608308], [-2.029756, 48.608363], [-2.029332, 48.608356], [-2.029171, 48.60838], [-2.029206, 48.60818], [-2.029375, 48.608137], [-2.029872, 48.607784], [-2.030131, 48.607664], [-2.030465, 48.607377], [-2.030592, 48.607085], [-2.030798, 48.606832], [-2.03094, 48.606808], [-2.031004, 48.606723], [-2.031491, 48.606502], [-2.031754, 48.606156], [-2.031879, 48.605763], [-2.031804, 48.605541], [-2.031698, 48.605572], [-2.031504, 48.605391], [-2.031676, 48.605339], [-2.031473, 48.605068], [-2.031488, 48.604864], [-2.031576, 48.604704], [-2.03184, 48.604647], [-2.03203, 48.604462], [-2.032063, 48.604252], [-2.03195, 48.60414], [-2.031977, 48.603939], [-2.032047, 48.603794], [-2.032411, 48.603379], [-2.032657, 48.603395], [-2.032837, 48.603289], [-2.033375, 48.603027], [-2.033698, 48.602772], [-2.034043, 48.602583], [-2.034413, 48.602448], [-2.034799, 48.602351], [-2.034937, 48.602241], [-2.035252, 48.602184], [-2.035361, 48.602103], [-2.0355, 48.601833], [-2.035725, 48.601829], [-2.036044, 48.602054], [-2.036069, 48.601848], [-2.036041, 48.601809], [-2.035527, 48.60162], [-2.035338, 48.601627], [-2.035226, 48.6017], [-2.035041, 48.601618], [-2.034765, 48.601711], [-2.034388, 48.601889], [-2.03411, 48.601829], [-2.033901, 48.601919], [-2.033636, 48.60184], [-2.033437, 48.602105], [-2.033105, 48.602281], [-2.032632, 48.602506], [-2.032348, 48.602539], [-2.031951, 48.602692], [-2.031728, 48.602861], [-2.031303, 48.603072], [-2.031052, 48.603377], [-2.030952, 48.603573], [-2.03075, 48.604068], [-2.030509, 48.604234], [-2.030309, 48.604247], [-2.030099, 48.604142], [-2.02969, 48.604012], [-2.029279, 48.603903], [-2.028956, 48.603797], [-2.028432, 48.603795], [-2.028274, 48.603826], [-2.027786, 48.60401], [-2.027584, 48.604], [-2.027025, 48.604027], [-2.02678, 48.604141], [-2.0266, 48.604189], [-2.026079, 48.604195], [-2.025981, 48.604177], [-2.02524, 48.604238], [-2.02497, 48.604333], [-2.024767, 48.604465], [-2.024604, 48.604502], [-2.024229, 48.604649], [-2.023971, 48.6048], [-2.023575, 48.604963], [-2.023318, 48.60509], [-2.023078, 48.605155], [-2.022952, 48.605316], [-2.022751, 48.60542], [-2.022579, 48.605466], [-2.02234, 48.605666], [-2.022126, 48.605669], [-2.022064, 48.605562], [-2.022007, 48.605286], [-2.021731, 48.605059], [-2.021659, 48.604805], [-2.021317, 48.604635], [-2.020916, 48.604574], [-2.01994, 48.604546], [-2.019779, 48.604631], [-2.019564, 48.604832], [-2.01926, 48.604986], [-2.019099, 48.604938], [-2.018765, 48.604937], [-2.018498, 48.605004], [-2.018304, 48.604878], [-2.018292, 48.604724], [-2.018381, 48.604415], [-2.018535, 48.604343], [-2.018736, 48.604366], [-2.01936, 48.604082], [-2.019606, 48.604002], [-2.019878, 48.604013], [-2.019982, 48.603971], [-2.020073, 48.603754], [-2.020232, 48.603721], [-2.020343, 48.60382], [-2.020431, 48.603985], [-2.02059, 48.604125], [-2.020881, 48.604159], [-2.021324, 48.604174], [-2.021523, 48.604109], [-2.0217, 48.603978], [-2.021758, 48.603874], [-2.021761, 48.603684], [-2.022353, 48.603721], [-2.022485, 48.603696], [-2.022779, 48.603569], [-2.022964, 48.603377], [-2.023125, 48.603306], [-2.023614, 48.603285], [-2.023925, 48.60312], [-2.024131, 48.603197], [-2.02425, 48.603171], [-2.024619, 48.603013], [-2.02494, 48.602734], [-2.025076, 48.602479], [-2.025217, 48.602311], [-2.025362, 48.602053], [-2.025408, 48.601782], [-2.025602, 48.601116], [-2.025454, 48.60014], [-2.025323, 48.600046], [-2.025175, 48.600061], [-2.025156, 48.599864], [-2.025034, 48.599869], [-2.024926, 48.599738], [-2.02505, 48.599616], [-2.024688, 48.599523], [-2.024494, 48.599342], [-2.0246, 48.599166], [-2.024587, 48.598752], [-2.024739, 48.598638], [-2.025276, 48.59839], [-2.025411, 48.598379], [-2.025537, 48.59846], [-2.026734, 48.59804], [-2.02711, 48.597852], [-2.027351, 48.59768], [-2.027506, 48.597457], [-2.027485, 48.597377], [-2.026876, 48.597403], [-2.026363, 48.597578], [-2.025801, 48.597809], [-2.025213, 48.598137], [-2.025116, 48.598036], [-2.024922, 48.598022], [-2.024474, 48.597934], [-2.024246, 48.597807], [-2.023801, 48.597477], [-2.023335, 48.597346], [-2.022693, 48.597382], [-2.022353, 48.597505], [-2.022133, 48.597539], [-2.021839, 48.597646], [-2.021713, 48.597748], [-2.021136, 48.597768], [-2.02051, 48.597621], [-2.020326, 48.597706], [-2.020058, 48.597647], [-2.019771, 48.597296], [-2.019465, 48.597022], [-2.019359, 48.596978], [-2.019193, 48.596663], [-2.019211, 48.596519], [-2.019135, 48.596412], [-2.018824, 48.59628], [-2.018686, 48.596166], [-2.018554, 48.595789], [-2.018263, 48.595865], [-2.018135, 48.595951], [-2.018054, 48.59581], [-2.018532, 48.5957], [-2.018396, 48.595417], [-2.018324, 48.595176], [-2.018084, 48.594989], [-2.017543, 48.594741], [-2.017287, 48.594521], [-2.017037, 48.594119], [-2.016674, 48.593851], [-2.016513, 48.593607], [-2.016502, 48.593489], [-2.016588, 48.593193], [-2.016481, 48.592956], [-2.016498, 48.592889], [-2.016678, 48.59273], [-2.017015, 48.592515], [-2.017012, 48.592079], [-2.016792, 48.591754], [-2.016616, 48.59159], [-2.016719, 48.591387], [-2.016795, 48.59105], [-2.016869, 48.590966], [-2.016688, 48.590784], [-2.016468, 48.590613], [-2.01609, 48.590774], [-2.015931, 48.590608], [-2.015824, 48.590313], [-2.015967, 48.590062], [-2.015893, 48.589876], [-2.015656, 48.589608], [-2.015473, 48.589314], [-2.015192, 48.589135], [-2.014912, 48.589087], [-2.014802, 48.588982], [-2.014825, 48.588881], [-2.014674, 48.588625], [-2.014777, 48.588511], [-2.014791, 48.58835], [-2.014738, 48.588229], [-2.014475, 48.587978], [-2.013865, 48.587469], [-2.013672, 48.587273], [-2.013353, 48.587076], [-2.012601, 48.586784], [-2.012286, 48.586631], [-2.012031, 48.586549], [-2.011656, 48.586491], [-2.011417, 48.586519], [-2.010811, 48.586842]]], [[[-2.154691, 48.630393], [-2.154436, 48.630454], [-2.154337, 48.630428], [-2.153793, 48.630567], [-2.153398, 48.630483], [-2.153298, 48.630356], [-2.153144, 48.630312], [-2.153072, 48.62997], [-2.153228, 48.629886], [-2.153229, 48.629813], [-2.153408, 48.629623], [-2.153543, 48.629535], [-2.153809, 48.629467], [-2.153913, 48.62938], [-2.153982, 48.629145], [-2.154284, 48.62898], [-2.15448, 48.628968], [-2.154746, 48.628833], [-2.155043, 48.628782], [-2.155238, 48.62885], [-2.155299, 48.628918], [-2.155337, 48.629165], [-2.155484, 48.629232], [-2.155432, 48.629283], [-2.155169, 48.629303], [-2.154911, 48.629516], [-2.154837, 48.629677], [-2.154853, 48.629797], [-2.155077, 48.629863], [-2.154888, 48.630054], [-2.154691, 48.630393]]], [[[-2.139445, 48.634397], [-2.13973, 48.634385], [-2.140117, 48.634593], [-2.140018, 48.634688], [-2.139926, 48.634728], [-2.139451, 48.634613], [-2.139445, 48.634397]]], [[[-2.140058, 48.634922], [-2.140073, 48.634819], [-2.140229, 48.634761], [-2.14042, 48.634875], [-2.140507, 48.635028], [-2.140461, 48.635071], [-2.140217, 48.635105], [-2.140058, 48.634922]]], [[[-2.160726, 48.639475], [-2.160628, 48.639379], [-2.160515, 48.639449], [-2.160275, 48.639413], [-2.160121, 48.639429], [-2.159804, 48.63955], [-2.159631, 48.639526], [-2.159379, 48.639402], [-2.159279, 48.639507], [-2.159076, 48.639546], [-2.158891, 48.639368], [-2.158676, 48.639447], [-2.158493, 48.639455], [-2.15852, 48.639558], [-2.158423, 48.639709], [-2.158168, 48.639837], [-2.158195, 48.640019], [-2.158146, 48.640127], [-2.157892, 48.640141], [-2.157724, 48.640333], [-2.157561, 48.64063], [-2.157191, 48.640726], [-2.157093, 48.640904], [-2.156934, 48.64103], [-2.156601, 48.641116], [-2.156483, 48.640968], [-2.156523, 48.640848], [-2.156806, 48.640686], [-2.157125, 48.640419], [-2.157114, 48.640243], [-2.157404, 48.640004], [-2.157518, 48.639728], [-2.157949, 48.639478], [-2.15796, 48.639361], [-2.158133, 48.639082], [-2.158278, 48.638916], [-2.158451, 48.638928], [-2.158616, 48.638771], [-2.158649, 48.638658], [-2.158833, 48.638516], [-2.158988, 48.638296], [-2.159299, 48.638142], [-2.159396, 48.638045], [-2.159424, 48.6377], [-2.159333, 48.637604], [-2.159002, 48.637582], [-2.159034, 48.637435], [-2.159224, 48.637322], [-2.159374, 48.637174], [-2.159498, 48.63721], [-2.159396, 48.637359], [-2.159498, 48.637412], [-2.159658, 48.637354], [-2.159902, 48.637477], [-2.160369, 48.637574], [-2.160671, 48.637515], [-2.160851, 48.637536], [-2.161112, 48.637478], [-2.161214, 48.637302], [-2.16145, 48.637235], [-2.161591, 48.637245], [-2.1618, 48.637475], [-2.161683, 48.637589], [-2.161554, 48.63789], [-2.161845, 48.637863], [-2.161947, 48.637921], [-2.161922, 48.638076], [-2.161994, 48.638176], [-2.161966, 48.638395], [-2.161892, 48.63845], [-2.161694, 48.638757], [-2.161425, 48.639049], [-2.161305, 48.639088], [-2.161142, 48.639021], [-2.161076, 48.63925], [-2.160872, 48.639493], [-2.160726, 48.639475]]], [[[-2.112325, 48.646908], [-2.11226, 48.646805], [-2.112315, 48.646612], [-2.112417, 48.646438], [-2.112535, 48.646386], [-2.112701, 48.646768], [-2.112542, 48.646922], [-2.112325, 48.646908]]], [[[-2.112998, 48.647518], [-2.11271, 48.647625], [-2.112506, 48.647626], [-2.112332, 48.647472], [-2.112359, 48.647264], [-2.112667, 48.647052], [-2.112837, 48.647151], [-2.11282, 48.647231], [-2.112988, 48.647358], [-2.112998, 48.647518]]], [[[-2.032992, 48.653175], [-2.032971, 48.65309], [-2.032729, 48.653002], [-2.032395, 48.652795], [-2.032267, 48.652617], [-2.032252, 48.65247], [-2.032322, 48.652251], [-2.032258, 48.652143], [-2.032348, 48.651833], [-2.032495, 48.651552], [-2.032765, 48.651321], [-2.03289, 48.651432], [-2.033225, 48.651462], [-2.033394, 48.651538], [-2.033392, 48.651686], [-2.033469, 48.651841], [-2.033804, 48.652074], [-2.033915, 48.652237], [-2.034204, 48.652341], [-2.034251, 48.652433], [-2.034136, 48.65261], [-2.034203, 48.652832], [-2.034079, 48.652935], [-2.033988, 48.653125], [-2.033843, 48.653171], [-2.033445, 48.653162], [-2.033243, 48.653187], [-2.033139, 48.653245], [-2.032992, 48.653175]]], [[[-2.038379, 48.652348], [-2.038533, 48.652395], [-2.038635, 48.652334], [-2.038944, 48.652379], [-2.038878, 48.652515], [-2.038983, 48.652772], [-2.038934, 48.652856], [-2.038789, 48.652911], [-2.038382, 48.652753], [-2.038146, 48.652579], [-2.037929, 48.652474], [-2.037844, 48.652369], [-2.038011, 48.652294], [-2.038379, 48.652348]]], [[[-2.069009, 48.65295], [-2.069031, 48.652816], [-2.068991, 48.652658], [-2.069031, 48.652587], [-2.069335, 48.652538], [-2.069713, 48.652664], [-2.069752, 48.652733], [-2.06967, 48.652852], [-2.069658, 48.652968], [-2.069767, 48.65317], [-2.069698, 48.653284], [-2.06978, 48.653469], [-2.069584, 48.653564], [-2.069365, 48.653537], [-2.069199, 48.653241], [-2.06909, 48.65319], [-2.069009, 48.65295]]], [[[-2.090297, 48.653752], [-2.090204, 48.653628], [-2.090192, 48.653446], [-2.090248, 48.653409], [-2.090483, 48.653472], [-2.090644, 48.653661], [-2.090602, 48.65388], [-2.090297, 48.653752]]], [[[-2.070374, 48.654356], [-2.070292, 48.654199], [-2.070335, 48.654125], [-2.070337, 48.653906], [-2.070574, 48.653969], [-2.07053, 48.654171], [-2.070721, 48.654324], [-2.070798, 48.654501], [-2.070374, 48.654356]]], [[[-2.022729, 48.654573], [-2.023, 48.65453], [-2.023089, 48.654472], [-2.023272, 48.654537], [-2.023788, 48.654597], [-2.023816, 48.65479], [-2.023715, 48.654906], [-2.023672, 48.65516], [-2.023597, 48.655226], [-2.023382, 48.655253], [-2.023148, 48.655227], [-2.023187, 48.655063], [-2.022856, 48.655014], [-2.022902, 48.654931], [-2.022752, 48.654714], [-2.022729, 48.654573]]], [[[-2.075436, 48.674832], [-2.075593, 48.674768], [-2.075832, 48.674822], [-2.075917, 48.674785], [-2.076212, 48.67486], [-2.076491, 48.675068], [-2.076668, 48.675111], [-2.076668, 48.675238], [-2.0765, 48.675359], [-2.076272, 48.675287], [-2.076218, 48.675147], [-2.07606, 48.67506], [-2.075879, 48.675064], [-2.075766, 48.674955], [-2.075552, 48.674947], [-2.075436, 48.674832]]], [[[-2.07057, 48.675609], [-2.070656, 48.675516], [-2.070854, 48.675504], [-2.070877, 48.675687], [-2.07077, 48.675751], [-2.07062, 48.675709], [-2.07057, 48.675609]]], [[[-2.074455, 48.676776], [-2.07442, 48.677168], [-2.074336, 48.677211], [-2.074138, 48.677033], [-2.073995, 48.677043], [-2.074023, 48.67718], [-2.073763, 48.677382], [-2.073843, 48.677539], [-2.073648, 48.677737], [-2.073459, 48.677818], [-2.07338, 48.677763], [-2.073504, 48.677552], [-2.073524, 48.677322], [-2.073445, 48.677209], [-2.073016, 48.677241], [-2.072901, 48.677101], [-2.072643, 48.676999], [-2.072555, 48.67705], [-2.072579, 48.677326], [-2.072626, 48.677466], [-2.072512, 48.677654], [-2.07238, 48.677714], [-2.072198, 48.678084], [-2.072035, 48.678109], [-2.071766, 48.677961], [-2.071836, 48.677816], [-2.071814, 48.677655], [-2.071682, 48.677559], [-2.071415, 48.677588], [-2.071084, 48.677541], [-2.07101, 48.677604], [-2.071048, 48.677798], [-2.070942, 48.677946], [-2.070767, 48.678055], [-2.070491, 48.677937], [-2.070544, 48.678115], [-2.070472, 48.678193], [-2.070296, 48.678232], [-2.0701, 48.678358], [-2.070071, 48.678518], [-2.069735, 48.678659], [-2.069848, 48.678728], [-2.069488, 48.678837], [-2.069403, 48.678901], [-2.069102, 48.678887], [-2.069165, 48.678985], [-2.069066, 48.679063], [-2.06884, 48.679013], [-2.068923, 48.678746], [-2.068815, 48.678649], [-2.068579, 48.678558], [-2.068717, 48.678226], [-2.068636, 48.678024], [-2.06848, 48.677846], [-2.068216, 48.67768], [-2.068275, 48.677514], [-2.068219, 48.67743], [-2.067969, 48.677289], [-2.068023, 48.677179], [-2.068358, 48.676976], [-2.069076, 48.67674], [-2.069254, 48.676707], [-2.06949, 48.676558], [-2.069669, 48.676384], [-2.069752, 48.676358], [-2.070001, 48.676449], [-2.070228, 48.676409], [-2.070404, 48.676284], [-2.070789, 48.676098], [-2.071032, 48.67601], [-2.07112, 48.676057], [-2.07142, 48.676011], [-2.071668, 48.676055], [-2.072251, 48.675989], [-2.072368, 48.675696], [-2.072375, 48.67554], [-2.07221, 48.675343], [-2.072315, 48.675181], [-2.072424, 48.675193], [-2.072512, 48.675401], [-2.072881, 48.675288], [-2.073063, 48.675172], [-2.073249, 48.67525], [-2.073429, 48.675142], [-2.073962, 48.675016], [-2.074117, 48.674927], [-2.074515, 48.674876], [-2.074629, 48.675061], [-2.074739, 48.675128], [-2.074937, 48.675047], [-2.075024, 48.675139], [-2.075048, 48.675283], [-2.075227, 48.675453], [-2.075211, 48.675784], [-2.07534, 48.675915], [-2.075318, 48.676015], [-2.075184, 48.675964], [-2.075048, 48.675712], [-2.074989, 48.675733], [-2.075025, 48.675953], [-2.074902, 48.67648], [-2.074736, 48.676489], [-2.074528, 48.676582], [-2.074455, 48.676776]]], [[[-2.058559, 48.680215], [-2.058536, 48.680409], [-2.058318, 48.680335], [-2.058308, 48.68018], [-2.058501, 48.680153], [-2.058559, 48.680215]]], [[[-2.044497, 48.683371], [-2.044743, 48.683524], [-2.044663, 48.68373], [-2.044434, 48.683783], [-2.044311, 48.683888], [-2.044139, 48.684111], [-2.043929, 48.684161], [-2.043753, 48.683843], [-2.043846, 48.683629], [-2.043949, 48.68358], [-2.044137, 48.68326], [-2.044497, 48.683371]]], [[[-2.048169, 48.68778], [-2.048053, 48.687887], [-2.048185, 48.688068], [-2.048158, 48.688127], [-2.047904, 48.688096], [-2.047665, 48.688183], [-2.047143, 48.688144], [-2.046981, 48.688162], [-2.046681, 48.687944], [-2.046367, 48.687821], [-2.046144, 48.68777], [-2.046026, 48.6877], [-2.04597, 48.687521], [-2.046062, 48.687369], [-2.046015, 48.687164], [-2.046278, 48.687078], [-2.04627, 48.686987], [-2.046514, 48.686936], [-2.046961, 48.687066], [-2.046996, 48.68718], [-2.047179, 48.687186], [-2.047442, 48.687127], [-2.047383, 48.687242], [-2.047552, 48.687309], [-2.047856, 48.687305], [-2.048051, 48.687332], [-2.048419, 48.687452], [-2.048654, 48.687497], [-2.049039, 48.687513], [-2.049159, 48.687561], [-2.049316, 48.687524], [-2.049515, 48.687553], [-2.049808, 48.687665], [-2.049682, 48.687774], [-2.049728, 48.687976], [-2.049584, 48.688095], [-2.049386, 48.688034], [-2.049229, 48.688167], [-2.04894, 48.688109], [-2.048601, 48.687953], [-2.048491, 48.687866], [-2.048169, 48.68778]]], [[[-2.050259, 48.688037], [-2.050391, 48.68794], [-2.050499, 48.688018], [-2.050443, 48.688129], [-2.05045, 48.688271], [-2.05019, 48.688181], [-2.050259, 48.688037]]], [[[-1.994445, 48.587313], [-1.994284, 48.58719], [-1.994276, 48.586759], [-1.994394, 48.586715], [-1.994641, 48.586841], [-1.99468, 48.587049], [-1.994656, 48.587211], [-1.994445, 48.587313]]], [[[-1.988398, 48.590958], [-1.988375, 48.590674], [-1.988083, 48.590389], [-1.988174, 48.590336], [-1.988367, 48.590539], [-1.988499, 48.590612], [-1.988675, 48.59062], [-1.988973, 48.590582], [-1.989147, 48.590518], [-1.989298, 48.590556], [-1.989532, 48.590783], [-1.989671, 48.590861], [-1.990141, 48.591012], [-1.990165, 48.591176], [-1.989857, 48.591331], [-1.989574, 48.591579], [-1.989043, 48.591797], [-1.988901, 48.591802], [-1.988547, 48.591652], [-1.988442, 48.591474], [-1.988458, 48.5912], [-1.988398, 48.590958]]], [[[-2.006706, 48.595778], [-2.006508, 48.595683], [-2.006388, 48.59555], [-2.00608, 48.595384], [-2.006016, 48.595144], [-2.006132, 48.59495], [-2.006342, 48.594835], [-2.006422, 48.594692], [-2.006534, 48.594661], [-2.006811, 48.594692], [-2.007033, 48.594828], [-2.007407, 48.594927], [-2.007605, 48.594871], [-2.007722, 48.594789], [-2.007758, 48.594503], [-2.007981, 48.594414], [-2.008186, 48.594526], [-2.008539, 48.594846], [-2.008537, 48.594904], [-2.008424, 48.594975], [-2.007993, 48.594936], [-2.007805, 48.594972], [-2.007595, 48.595116], [-2.007636, 48.59535], [-2.007534, 48.595561], [-2.007118, 48.595747], [-2.006706, 48.595778]]], [[[-1.969348, 48.690063], [-1.969145, 48.68997], [-1.969318, 48.689912], [-1.96962, 48.690011], [-1.969808, 48.690162], [-1.969552, 48.690195], [-1.969386, 48.690182], [-1.969348, 48.690063]]], [[[-1.970158, 48.690718], [-1.970018, 48.690509], [-1.969833, 48.690421], [-1.970135, 48.690287], [-1.970223, 48.6903], [-1.970265, 48.690442], [-1.970373, 48.690511], [-1.970364, 48.690798], [-1.970158, 48.690718]]], [[[-1.970835, 48.690782], [-1.970911, 48.690931], [-1.970786, 48.691007], [-1.970559, 48.690901], [-1.970582, 48.69078], [-1.970835, 48.690782]]], [[[-1.970508, 48.691906], [-1.970345, 48.692079], [-1.970214, 48.692006], [-1.970257, 48.691886], [-1.970384, 48.691793], [-1.970508, 48.691906]]], [[[-1.982158, 48.69427], [-1.982205, 48.694079], [-1.982289, 48.693995], [-1.982523, 48.693876], [-1.982963, 48.693789], [-1.983062, 48.693862], [-1.983058, 48.694045], [-1.982969, 48.694182], [-1.982828, 48.694249], [-1.982753, 48.694415], [-1.982551, 48.694479], [-1.982469, 48.694669], [-1.98236, 48.694704], [-1.982276, 48.694845], [-1.982081, 48.694664], [-1.981997, 48.694409], [-1.982158, 48.69427]]], [[[-1.953277, 48.69414], [-1.953458, 48.694032], [-1.953393, 48.693876], [-1.95383, 48.694073], [-1.95416, 48.69415], [-1.954179, 48.694324], [-1.954567, 48.694437], [-1.95456, 48.694495], [-1.954773, 48.694605], [-1.954875, 48.694742], [-1.95476, 48.694851], [-1.954619, 48.694984], [-1.954335, 48.694946], [-1.954093, 48.694751], [-1.953994, 48.694715], [-1.953659, 48.69443], [-1.953573, 48.694397], [-1.95344, 48.694216], [-1.953277, 48.69414]]], [[[-1.895808, 48.696393], [-1.895973, 48.696454], [-1.896196, 48.696413], [-1.896286, 48.696597], [-1.896386, 48.696648], [-1.896432, 48.696774], [-1.896636, 48.696999], [-1.896809, 48.697122], [-1.896832, 48.697279], [-1.896697, 48.69738], [-1.896583, 48.697366], [-1.896243, 48.697455], [-1.896121, 48.697554], [-1.895821, 48.697384], [-1.895618, 48.697137], [-1.895608, 48.696907], [-1.895501, 48.696625], [-1.895808, 48.696393]]], [[[-1.952941, 48.699126], [-1.952885, 48.698976], [-1.952958, 48.698889], [-1.953216, 48.698824], [-1.953106, 48.698709], [-1.953176, 48.698457], [-1.953144, 48.698257], [-1.953357, 48.698134], [-1.953555, 48.697911], [-1.953685, 48.697813], [-1.953887, 48.697785], [-1.954078, 48.697928], [-1.954231, 48.698099], [-1.954382, 48.698455], [-1.954557, 48.698682], [-1.954708, 48.698791], [-1.954916, 48.699062], [-1.954917, 48.699199], [-1.954574, 48.699206], [-1.954421, 48.699145], [-1.95419, 48.699132], [-1.954097, 48.699081], [-1.953798, 48.69906], [-1.953645, 48.698985], [-1.953441, 48.698989], [-1.953474, 48.699133], [-1.952941, 48.699126]]], [[[-1.831866, 48.677908], [-1.832107, 48.677955], [-1.832221, 48.677921], [-1.832388, 48.677991], [-1.832323, 48.67808], [-1.83225, 48.678189], [-1.832, 48.678284], [-1.831786, 48.678437], [-1.831591, 48.678446], [-1.831588, 48.678283], [-1.831668, 48.678192], [-1.831589, 48.678091], [-1.831691, 48.677837], [-1.831866, 48.677908]]], [[[-1.831065, 48.679806], [-1.830539, 48.679963], [-1.830391, 48.680026], [-1.830182, 48.679961], [-1.830212, 48.67984], [-1.830053, 48.679737], [-1.830035, 48.679574], [-1.830193, 48.679535], [-1.830314, 48.679249], [-1.830636, 48.679176], [-1.830654, 48.679098], [-1.830802, 48.679045], [-1.830773, 48.678908], [-1.830941, 48.67889], [-1.830923, 48.678771], [-1.831121, 48.678678], [-1.831366, 48.678661], [-1.83147, 48.678773], [-1.831345, 48.678986], [-1.831412, 48.679085], [-1.83133, 48.67931], [-1.831343, 48.67942], [-1.83118, 48.679488], [-1.831239, 48.679584], [-1.831198, 48.679714], [-1.831065, 48.679806]]], [[[-1.826944, 48.682749], [-1.82695, 48.682886], [-1.826821, 48.682939], [-1.826807, 48.68314], [-1.826848, 48.683244], [-1.826779, 48.683391], [-1.826598, 48.683512], [-1.826473, 48.683529], [-1.826269, 48.683438], [-1.826363, 48.683078], [-1.82662, 48.682913], [-1.826662, 48.682804], [-1.826595, 48.682636], [-1.826739, 48.682458], [-1.82668, 48.682376], [-1.826806, 48.682095], [-1.826689, 48.681988], [-1.826461, 48.681894], [-1.826202, 48.681917], [-1.826056, 48.681707], [-1.826143, 48.681548], [-1.82636, 48.681346], [-1.82619, 48.68105], [-1.826207, 48.680917], [-1.826621, 48.680753], [-1.826928, 48.680854], [-1.826862, 48.680954], [-1.827257, 48.681023], [-1.827403, 48.681015], [-1.82715, 48.681292], [-1.827173, 48.681461], [-1.827293, 48.681666], [-1.827136, 48.682024], [-1.827112, 48.682195], [-1.827148, 48.682323], [-1.827016, 48.682459], [-1.82705, 48.682614], [-1.826944, 48.682749]]], [[[-1.839019, 48.709852], [-1.838766, 48.710216], [-1.838599, 48.710407], [-1.838648, 48.71082], [-1.838571, 48.710889], [-1.83838, 48.71094], [-1.83838, 48.711026], [-1.838155, 48.711139], [-1.837939, 48.711383], [-1.83792, 48.711556], [-1.837812, 48.711816], [-1.837647, 48.711943], [-1.83748, 48.711998], [-1.837446, 48.712098], [-1.836898, 48.712399], [-1.836586, 48.712413], [-1.836501, 48.71245], [-1.83638, 48.712647], [-1.836447, 48.712758], [-1.836654, 48.712795], [-1.836658, 48.712872], [-1.836305, 48.713083], [-1.836142, 48.713429], [-1.835941, 48.713659], [-1.836052, 48.713724], [-1.83591, 48.713875], [-1.835759, 48.713896], [-1.835677, 48.713819], [-1.835635, 48.713643], [-1.835455, 48.713624], [-1.835671, 48.713183], [-1.835629, 48.712948], [-1.835553, 48.712849], [-1.835428, 48.712819], [-1.835589, 48.71265], [-1.835828, 48.712526], [-1.836152, 48.712494], [-1.836242, 48.712423], [-1.836283, 48.711969], [-1.836439, 48.711759], [-1.836712, 48.711604], [-1.836946, 48.711146], [-1.836866, 48.71103], [-1.836924, 48.710871], [-1.837121, 48.710685], [-1.837233, 48.710652], [-1.837361, 48.710518], [-1.837583, 48.710358], [-1.837649, 48.71027], [-1.837891, 48.7102], [-1.838102, 48.710067], [-1.838246, 48.709674], [-1.838463, 48.709585], [-1.838695, 48.709383], [-1.838768, 48.709159], [-1.838868, 48.709008], [-1.838829, 48.708908], [-1.839016, 48.708661], [-1.839339, 48.708466], [-1.839373, 48.708299], [-1.839453, 48.70816], [-1.839703, 48.708025], [-1.839771, 48.708205], [-1.839704, 48.708371], [-1.839576, 48.70848], [-1.839543, 48.708609], [-1.839574, 48.708775], [-1.839214, 48.709127], [-1.839182, 48.709223], [-1.839303, 48.70942], [-1.839191, 48.709778], [-1.839019, 48.709852]]], [[[-1.835376, 48.714393], [-1.835247, 48.71432], [-1.835356, 48.714164], [-1.835598, 48.713902], [-1.835773, 48.713958], [-1.835742, 48.714044], [-1.835689, 48.714185], [-1.835376, 48.714393]]], [[[-1.835122, 48.715489], [-1.834865, 48.715491], [-1.834371, 48.71564], [-1.834314, 48.715563], [-1.834423, 48.715353], [-1.83478, 48.714935], [-1.83488, 48.714935], [-1.834964, 48.715055], [-1.834999, 48.71528], [-1.835122, 48.715489]]], [[[-1.830173, 48.720634], [-1.830338, 48.720603], [-1.830607, 48.720789], [-1.830741, 48.721015], [-1.830877, 48.72117], [-1.83088, 48.721334], [-1.830583, 48.721525], [-1.830352, 48.721714], [-1.830254, 48.72167], [-1.830322, 48.721398], [-1.830118, 48.721278], [-1.830139, 48.721026], [-1.830107, 48.720848], [-1.830173, 48.720634]]]]}}, {"type": "Feature", "properties": {"role": "rennes_metropole", "nom": "Rennes Métropole (hors périmètre)"}, "geometry": {"type": "Polygon", "coordinates": [[[-1.953803, 48.055458], [-1.953883, 48.056445], [-1.953842, 48.056762], [-1.953934, 48.057074], [-1.954645, 48.057543], [-1.95473, 48.057765], [-1.955284, 48.057971], [-1.955644, 48.058272], [-1.955889, 48.058804], [-1.956137, 48.059875], [-1.956351, 48.061173], [-1.956644, 48.061478], [-1.957619, 48.061892], [-1.957846, 48.062199], [-1.958604, 48.062442], [-1.959443, 48.063034], [-1.959499, 48.063101], [-1.960162, 48.06342], [-1.960648, 48.063627], [-1.961457, 48.063642], [-1.961574, 48.06409], [-1.961588, 48.064455], [-1.961556, 48.064569], [-1.961455, 48.064615], [-1.961162, 48.064625], [-1.960571, 48.064857], [-1.960331, 48.065008], [-1.960046, 48.065102], [-1.959811, 48.065308], [-1.959521, 48.065361], [-1.959381, 48.06545], [-1.958899, 48.065468], [-1.958826, 48.065597], [-1.958551, 48.065832], [-1.958496, 48.065919], [-1.958512, 48.066115], [-1.958453, 48.06616], [-1.958095, 48.066145], [-1.957661, 48.065977], [-1.957343, 48.066201], [-1.957202, 48.066262], [-1.956972, 48.066285], [-1.956834, 48.066388], [-1.956629, 48.066452], [-1.956568, 48.066736], [-1.956316, 48.066984], [-1.956302, 48.067083], [-1.956377, 48.067221], [-1.956118, 48.067399], [-1.955927, 48.067461], [-1.955591, 48.067445], [-1.95553, 48.067489], [-1.955679, 48.067751], [-1.955547, 48.067953], [-1.955526, 48.068207], [-1.955431, 48.068324], [-1.955386, 48.06855], [-1.955292, 48.06868], [-1.95523, 48.068964], [-1.954775, 48.069037], [-1.954727, 48.069221], [-1.954909, 48.069383], [-1.955082, 48.069448], [-1.955198, 48.069585], [-1.955153, 48.069811], [-1.954999, 48.069985], [-1.95491, 48.070186], [-1.954668, 48.070307], [-1.954431, 48.070485], [-1.954196, 48.070704], [-1.954114, 48.070936], [-1.953995, 48.071011], [-1.953716, 48.070937], [-1.953591, 48.070942], [-1.953493, 48.071043], [-1.953533, 48.071267], [-1.953392, 48.071342], [-1.953112, 48.071255], [-1.95287, 48.071109], [-1.952765, 48.071113], [-1.952483, 48.071263], [-1.952448, 48.07135], [-1.952069, 48.071349], [-1.951823, 48.071415], [-1.951642, 48.07152], [-1.951465, 48.071414], [-1.951339, 48.071418], [-1.951267, 48.071547], [-1.951285, 48.071772], [-1.950957, 48.071854], [-1.950845, 48.072041], [-1.950677, 48.072047], [-1.950588, 48.071966], [-1.950258, 48.071795], [-1.950048, 48.07179], [-1.94983, 48.071952], [-1.949664, 48.072212], [-1.949382, 48.072883], [-1.949238, 48.073438], [-1.94918, 48.074015], [-1.949083, 48.074119], [-1.948688, 48.074161], [-1.948343, 48.074314], [-1.948163, 48.074419], [-1.947669, 48.074536], [-1.947415, 48.074517], [-1.947156, 48.074428], [-1.946849, 48.074538], [-1.946632, 48.074446], [-1.946266, 48.074347], [-1.945874, 48.074672], [-1.94548, 48.074728], [-1.945356, 48.074775], [-1.94512, 48.074714], [-1.944941, 48.074804], [-1.944865, 48.074919], [-1.944639, 48.074984], [-1.944551, 48.07493], [-1.944536, 48.074735], [-1.9443, 48.074687], [-1.943687, 48.074892], [-1.943506, 48.074983], [-1.943352, 48.075158], [-1.942976, 48.075185], [-1.942604, 48.075269], [-1.942205, 48.075523], [-1.94213, 48.075639], [-1.94205, 48.075937], [-1.941891, 48.076041], [-1.941887, 48.076266], [-1.941509, 48.076266], [-1.941409, 48.076312], [-1.941223, 48.0766], [-1.941193, 48.076771], [-1.941098, 48.076887], [-1.940933, 48.076921], [-1.940535, 48.076682], [-1.940432, 48.076699], [-1.940338, 48.07683], [-1.940059, 48.076756], [-1.939914, 48.076789], [-1.939924, 48.077154], [-1.94006, 48.077304], [-1.940009, 48.077433], [-1.939611, 48.077447], [-1.93903, 48.077419], [-1.93878, 48.077442], [-1.938667, 48.077334], [-1.938448, 48.077229], [-1.938216, 48.077209], [-1.937905, 48.077263], [-1.93765, 48.077483], [-1.937406, 48.077576], [-1.9373, 48.077567], [-1.937212, 48.07726], [-1.937077, 48.077152], [-1.93682, 48.077092], [-1.936527, 48.077102], [-1.936366, 48.077178], [-1.936292, 48.077321], [-1.93619, 48.077353], [-1.935958, 48.077333], [-1.935823, 48.077465], [-1.93579, 48.077593], [-1.935884, 48.077984], [-1.935731, 48.078141], [-1.935677, 48.078418], [-1.935747, 48.078545], [-1.935982, 48.078673], [-1.936021, 48.078784], [-1.9359, 48.078902], [-1.936065, 48.079004], [-1.93603, 48.079141], [-1.936109, 48.07923], [-1.936296, 48.079268], [-1.936462, 48.079458], [-1.936431, 48.079568], [-1.936103, 48.079693], [-1.935879, 48.079923], [-1.936079, 48.080012], [-1.936351, 48.080016], [-1.936351, 48.080195], [-1.936126, 48.080357], [-1.936018, 48.080377], [-1.935676, 48.080525], [-1.935096, 48.080673], [-1.934508, 48.080934], [-1.934403, 48.080923], [-1.934201, 48.080776], [-1.933825, 48.080751], [-1.933296, 48.080685], [-1.932543, 48.080556], [-1.932358, 48.080494], [-1.931868, 48.080278], [-1.931197, 48.080028], [-1.931057, 48.079999], [-1.930553, 48.080065], [-1.930177, 48.079839], [-1.930269, 48.079666], [-1.93026, 48.079554], [-1.930026, 48.079521], [-1.929747, 48.079447], [-1.929534, 48.079427], [-1.929224, 48.079479], [-1.929118, 48.079455], [-1.928877, 48.079591], [-1.928434, 48.079579], [-1.927871, 48.079627], [-1.927469, 48.079585], [-1.927219, 48.079609], [-1.926787, 48.079723], [-1.926414, 48.079778], [-1.926244, 48.079756], [-1.925731, 48.079635], [-1.925542, 48.079642], [-1.925422, 48.07973], [-1.925155, 48.079797], [-1.924871, 48.079666], [-1.924819, 48.079527], [-1.924644, 48.079435], [-1.9246, 48.07969], [-1.924361, 48.079853], [-1.924166, 48.079762], [-1.923998, 48.079768], [-1.923784, 48.079973], [-1.923536, 48.079757], [-1.923403, 48.079691], [-1.923074, 48.079774], [-1.922784, 48.080065], [-1.922601, 48.080157], [-1.92231, 48.080195], [-1.922032, 48.080121], [-1.921863, 48.080114], [-1.921271, 48.080318], [-1.920726, 48.08059], [-1.920668, 48.080663], [-1.920702, 48.081084], [-1.920588, 48.081215], [-1.920092, 48.081064], [-1.919796, 48.081032], [-1.920057, 48.08057], [-1.920022, 48.079915], [-1.919982, 48.079685], [-1.91984, 48.07946], [-1.919413, 48.079523], [-1.919082, 48.079598], [-1.918538, 48.078698], [-1.918448, 48.078356], [-1.918315, 48.077977], [-1.918145, 48.077302], [-1.918047, 48.077019], [-1.918053, 48.076778], [-1.918296, 48.076014], [-1.918386, 48.075688], [-1.918565, 48.07484], [-1.918681, 48.074366], [-1.918789, 48.074034], [-1.91898, 48.073643], [-1.919145, 48.073219], [-1.919297, 48.072762], [-1.91956, 48.072112], [-1.919715, 48.071522], [-1.919671, 48.07086], [-1.919726, 48.070208], [-1.91972, 48.070035], [-1.919643, 48.069824], [-1.919555, 48.069731], [-1.919077, 48.069397], [-1.918811, 48.069155], [-1.918867, 48.068885], [-1.919089, 48.068389], [-1.919188, 48.068101], [-1.919233, 48.067759], [-1.91957, 48.067107], [-1.91972, 48.066698], [-1.919843, 48.066426], [-1.920045, 48.065724], [-1.92011, 48.065358], [-1.920103, 48.065083], [-1.920159, 48.064327], [-1.920157, 48.064161], [-1.92005, 48.063414], [-1.920068, 48.063376], [-1.920036, 48.062318], [-1.920143, 48.061024], [-1.920137, 48.060824], [-1.920187, 48.060573], [-1.920311, 48.060133], [-1.920405, 48.059676], [-1.920533, 48.05887], [-1.920521, 48.058671], [-1.920446, 48.058321], [-1.918972, 48.058855], [-1.916496, 48.058803], [-1.916034, 48.058938], [-1.915661, 48.05886], [-1.910585, 48.059679], [-1.90719, 48.060217], [-1.906944, 48.059894], [-1.901966, 48.061446], [-1.901632, 48.061384], [-1.901516, 48.062083], [-1.900515, 48.06244], [-1.899497, 48.063263], [-1.898362, 48.065699], [-1.894332, 48.06749], [-1.892108, 48.068829], [-1.890336, 48.06889], [-1.889686, 48.068901], [-1.888841, 48.068439], [-1.888413, 48.068946], [-1.888177, 48.06876], [-1.887999, 48.068938], [-1.887701, 48.068735], [-1.887041, 48.068929], [-1.886967, 48.068789], [-1.886358, 48.068778], [-1.879499, 48.069514], [-1.877742, 48.069908], [-1.875744, 48.071307], [-1.875953, 48.07129], [-1.876175, 48.071313], [-1.876654, 48.071453], [-1.877258, 48.0717], [-1.877587, 48.071868], [-1.877741, 48.072059], [-1.877974, 48.072609], [-1.87819, 48.072924], [-1.87832, 48.073251], [-1.878578, 48.073738], [-1.878782, 48.073945], [-1.878997, 48.073955], [-1.879321, 48.073915], [-1.880025, 48.073936], [-1.880287, 48.073923], [-1.880829, 48.073836], [-1.881187, 48.07388], [-1.881369, 48.073957], [-1.881858, 48.07429], [-1.882228, 48.074452], [-1.88262, 48.074553], [-1.883294, 48.074698], [-1.88366, 48.074896], [-1.884094, 48.075052], [-1.884546, 48.075129], [-1.884771, 48.07523], [-1.885487, 48.075678], [-1.885661, 48.075814], [-1.886016, 48.076268], [-1.886477, 48.076612], [-1.886597, 48.076728], [-1.886614, 48.076866], [-1.886565, 48.077215], [-1.886678, 48.077718], [-1.886679, 48.078025], [-1.886553, 48.078584], [-1.886467, 48.078844], [-1.886442, 48.07908], [-1.886473, 48.079385], [-1.886684, 48.079747], [-1.886896, 48.079855], [-1.887357, 48.079864], [-1.887639, 48.079982], [-1.887759, 48.08017], [-1.887787, 48.0805], [-1.887712, 48.081026], [-1.887738, 48.081293], [-1.887954, 48.081989], [-1.888157, 48.082453], [-1.888346, 48.082739], [-1.888496, 48.082885], [-1.88906, 48.083243], [-1.889158, 48.083411], [-1.889279, 48.083743], [-1.889375, 48.083879], [-1.889704, 48.084131], [-1.889882, 48.08423], [-1.890364, 48.084385], [-1.890997, 48.084457], [-1.891967, 48.084674], [-1.892695, 48.084748], [-1.893057, 48.084755], [-1.893585, 48.084672], [-1.893804, 48.084561], [-1.893988, 48.084411], [-1.894147, 48.084338], [-1.894394, 48.084318], [-1.894491, 48.084378], [-1.894841, 48.084732], [-1.895002, 48.084792], [-1.895587, 48.084941], [-1.895959, 48.085074], [-1.896118, 48.085159], [-1.896229, 48.085286], [-1.896211, 48.085539], [-1.896303, 48.085866], [-1.896358, 48.085949], [-1.896536, 48.085999], [-1.897057, 48.086023], [-1.897551, 48.086234], [-1.898292, 48.086461], [-1.89833, 48.086553], [-1.898322, 48.086963], [-1.898396, 48.087169], [-1.898481, 48.08724], [-1.898786, 48.087381], [-1.899025, 48.087457], [-1.899497, 48.087693], [-1.899721, 48.087948], [-1.899765, 48.088213], [-1.899634, 48.088431], [-1.899647, 48.088623], [-1.899877, 48.088714], [-1.900419, 48.088798], [-1.900717, 48.088928], [-1.900803, 48.089094], [-1.90071, 48.089466], [-1.900807, 48.089675], [-1.901074, 48.089937], [-1.901385, 48.090302], [-1.901784, 48.090595], [-1.902054, 48.09072], [-1.902684, 48.090627], [-1.902963, 48.090635], [-1.903062, 48.090681], [-1.903268, 48.090904], [-1.903431, 48.09121], [-1.903507, 48.091522], [-1.903541, 48.091882], [-1.903656, 48.092256], [-1.90393, 48.092667], [-1.904046, 48.09276], [-1.904628, 48.093015], [-1.904935, 48.093256], [-1.904988, 48.093363], [-1.905014, 48.093647], [-1.905113, 48.093963], [-1.905301, 48.094233], [-1.905437, 48.09433], [-1.905996, 48.094452], [-1.906441, 48.094619], [-1.906961, 48.094752], [-1.907174, 48.094828], [-1.907849, 48.095193], [-1.90835, 48.09541], [-1.90853, 48.095519], [-1.90886, 48.095839], [-1.909217, 48.096422], [-1.909324, 48.09675], [-1.909319, 48.097293], [-1.909391, 48.097601], [-1.909515, 48.097985], [-1.909569, 48.098278], [-1.90963, 48.098614], [-1.909668, 48.099132], [-1.909632, 48.099469], [-1.909524, 48.099585], [-1.909141, 48.099806], [-1.908117, 48.100098], [-1.907781, 48.100295], [-1.90756, 48.100556], [-1.907502, 48.100707], [-1.907511, 48.101111], [-1.90767, 48.101415], [-1.907885, 48.101703], [-1.907961, 48.10188], [-1.90802, 48.102289], [-1.907999, 48.102495], [-1.907652, 48.102668], [-1.907578, 48.102744], [-1.907536, 48.102927], [-1.907593, 48.103058], [-1.907786, 48.10316], [-1.908079, 48.103232], [-1.90821, 48.103335], [-1.908248, 48.103629], [-1.908012, 48.103925], [-1.907969, 48.104126], [-1.908046, 48.104262], [-1.908228, 48.104363], [-1.908558, 48.104453], [-1.908905, 48.104478], [-1.909051, 48.104457], [-1.909622, 48.104304], [-1.909998, 48.104178], [-1.910291, 48.104129], [-1.910604, 48.104171], [-1.910724, 48.104225], [-1.911205, 48.104553], [-1.911329, 48.104592], [-1.911825, 48.104673], [-1.912327, 48.1049], [-1.912783, 48.105215], [-1.913006, 48.105675], [-1.913294, 48.106077], [-1.91337, 48.10625], [-1.913296, 48.106916], [-1.913485, 48.107431], [-1.913602, 48.107644], [-1.913673, 48.107945], [-1.913719, 48.108463], [-1.913678, 48.108665], [-1.913576, 48.108922], [-1.913323, 48.109732], [-1.913249, 48.110174], [-1.913126, 48.110459], [-1.912634, 48.110972], [-1.91235, 48.111386], [-1.912346, 48.111509], [-1.912494, 48.111899], [-1.912716, 48.112212], [-1.912865, 48.112305], [-1.913121, 48.112397], [-1.913322, 48.112407], [-1.913706, 48.112373], [-1.914089, 48.112293], [-1.914293, 48.112316], [-1.914369, 48.112384], [-1.914441, 48.112576], [-1.914528, 48.112663], [-1.914928, 48.11285], [-1.915478, 48.113056], [-1.915661, 48.113085], [-1.91593, 48.113024], [-1.916143, 48.112873], [-1.916284, 48.112847], [-1.916546, 48.112878], [-1.916835, 48.112981], [-1.917033, 48.113217], [-1.916527, 48.114497], [-1.918442, 48.114818], [-1.918355, 48.114947], [-1.918004, 48.115204], [-1.917564, 48.11544], [-1.916679, 48.116012], [-1.91606, 48.116349], [-1.915921, 48.116446], [-1.91549, 48.116846], [-1.914428, 48.116824], [-1.912151, 48.117762], [-1.909562, 48.118171], [-1.907983, 48.118841], [-1.907584, 48.118921], [-1.907188, 48.11895], [-1.906369, 48.119218], [-1.906078, 48.119243], [-1.905767, 48.119324], [-1.905038, 48.119646], [-1.904651, 48.119801], [-1.904374, 48.120022], [-1.904108, 48.120102], [-1.903605, 48.120119], [-1.903237, 48.120246], [-1.902905, 48.120404], [-1.90263, 48.120495], [-1.901914, 48.120919], [-1.901668, 48.120953], [-1.900872, 48.12074], [-1.900613, 48.120632], [-1.90034, 48.120454], [-1.900024, 48.120131], [-1.899826, 48.119901], [-1.899597, 48.119706], [-1.899219, 48.119503], [-1.899136, 48.11935], [-1.899058, 48.119325], [-1.89861, 48.119326], [-1.89828, 48.119347], [-1.897895, 48.119455], [-1.897555, 48.119592], [-1.897024, 48.119887], [-1.896483, 48.120079], [-1.895959, 48.120215], [-1.895363, 48.120198], [-1.893615, 48.120549], [-1.891984, 48.121142], [-1.891914, 48.121193], [-1.891817, 48.121627], [-1.891742, 48.121791], [-1.891392, 48.122341], [-1.891117, 48.123005], [-1.89062, 48.122993], [-1.886973, 48.122865], [-1.887017, 48.123144], [-1.887123, 48.123448], [-1.887334, 48.123933], [-1.887706, 48.124358], [-1.887781, 48.124484], [-1.887145, 48.124563], [-1.886914, 48.125022], [-1.887201, 48.126093], [-1.886895, 48.126463], [-1.88607, 48.127079], [-1.885246, 48.126883], [-1.884304, 48.126872], [-1.884065, 48.127241], [-1.883772, 48.127792], [-1.883918, 48.127921], [-1.884688, 48.128299], [-1.884833, 48.128428], [-1.884879, 48.129114], [-1.883942, 48.129902], [-1.883351, 48.130447], [-1.884147, 48.130463], [-1.885002, 48.130628], [-1.885302, 48.130731], [-1.886217, 48.130852], [-1.88681, 48.130901], [-1.887213, 48.130971], [-1.887352, 48.131033], [-1.887693, 48.131262], [-1.8882, 48.131451], [-1.888881, 48.131576], [-1.889139, 48.131579], [-1.88955, 48.131355], [-1.889703, 48.131321], [-1.890097, 48.131344], [-1.890759, 48.131413], [-1.890901, 48.131453], [-1.890805, 48.131548], [-1.890583, 48.13203], [-1.890397, 48.132522], [-1.890427, 48.132717], [-1.890656, 48.132861], [-1.891376, 48.133157], [-1.891877, 48.133352], [-1.892398, 48.133575], [-1.892541, 48.133658], [-1.89316, 48.134216], [-1.893604, 48.134438], [-1.89381, 48.134514], [-1.894068, 48.134785], [-1.893302, 48.135058], [-1.891627, 48.135973], [-1.891313, 48.136255], [-1.891939, 48.136503], [-1.891949, 48.136637], [-1.891774, 48.136959], [-1.891495, 48.137689], [-1.891312, 48.137921], [-1.889052, 48.139083], [-1.888864, 48.139269], [-1.889382, 48.139655], [-1.889233, 48.139762], [-1.888998, 48.139786], [-1.888793, 48.139881], [-1.887909, 48.139935], [-1.88792, 48.140069], [-1.888306, 48.140685], [-1.888781, 48.141569], [-1.88891, 48.14233], [-1.888562, 48.143877], [-1.888479, 48.144023], [-1.888152, 48.144879], [-1.888169, 48.144953], [-1.888397, 48.144952], [-1.888375, 48.145726], [-1.88704, 48.145864], [-1.886847, 48.14596], [-1.887176, 48.146714], [-1.886713, 48.146821], [-1.887012, 48.148026], [-1.886815, 48.148078], [-1.886464, 48.147911], [-1.885709, 48.147712], [-1.885727, 48.147937], [-1.886044, 48.149366], [-1.885333, 48.150563], [-1.884106, 48.152903], [-1.883737, 48.153322], [-1.884117, 48.154017], [-1.884282, 48.154628], [-1.884605, 48.155979], [-1.884436, 48.155956], [-1.884069, 48.156095], [-1.883765, 48.156247], [-1.883475, 48.156286], [-1.88318, 48.156282], [-1.883007, 48.156232], [-1.882778, 48.156268], [-1.882188, 48.156147], [-1.881528, 48.156152], [-1.881348, 48.155641], [-1.880132, 48.15541], [-1.880043, 48.156048], [-1.880123, 48.157269], [-1.880046, 48.157598], [-1.880147, 48.157798], [-1.880326, 48.157946], [-1.880655, 48.158171], [-1.88094, 48.15844], [-1.8811, 48.158637], [-1.881161, 48.158811], [-1.881052, 48.159285], [-1.881451, 48.159577], [-1.881676, 48.159834], [-1.881787, 48.160139], [-1.881778, 48.160272], [-1.881643, 48.160657], [-1.881186, 48.161183], [-1.880575, 48.16172], [-1.880191, 48.161958], [-1.879947, 48.162282], [-1.879909, 48.162644], [-1.879795, 48.162848], [-1.879486, 48.163064], [-1.879701, 48.163294], [-1.879939, 48.163422], [-1.87992, 48.163583], [-1.879708, 48.163933], [-1.879705, 48.164171], [-1.8799, 48.16434], [-1.880952, 48.164722], [-1.880988, 48.165172], [-1.880896, 48.165312], [-1.882295, 48.166793], [-1.882604, 48.16717], [-1.882702, 48.167476], [-1.882839, 48.167991], [-1.88284, 48.168065], [-1.88175, 48.169444], [-1.881533, 48.169698], [-1.880604, 48.170375], [-1.880403, 48.170647], [-1.880148, 48.170905], [-1.879631, 48.171091], [-1.879447, 48.171258], [-1.879433, 48.171457], [-1.879189, 48.17178], [-1.878884, 48.172257], [-1.878563, 48.172515], [-1.878506, 48.172612], [-1.87825, 48.172798], [-1.878009, 48.1729], [-1.877693, 48.172894], [-1.877579, 48.172935], [-1.877535, 48.173157], [-1.877336, 48.173231], [-1.877363, 48.173471], [-1.876446, 48.173802], [-1.876042, 48.173645], [-1.875532, 48.173919], [-1.875296, 48.174024], [-1.875051, 48.174168], [-1.874642, 48.174321], [-1.874354, 48.174384], [-1.874295, 48.174518], [-1.874136, 48.174628], [-1.874169, 48.174773], [-1.873598, 48.174833], [-1.873124, 48.174858], [-1.873089, 48.174752], [-1.872425, 48.175069], [-1.870817, 48.175733], [-1.870727, 48.176146], [-1.870762, 48.176307], [-1.870823, 48.176927], [-1.870822, 48.177087], [-1.870404, 48.177573], [-1.870282, 48.178568], [-1.870056, 48.179116], [-1.870141, 48.179338], [-1.87029, 48.179513], [-1.870252, 48.179874], [-1.870135, 48.180104], [-1.870444, 48.180587], [-1.870542, 48.180959], [-1.870622, 48.18139], [-1.870534, 48.181682], [-1.870909, 48.182192], [-1.870916, 48.182282], [-1.870394, 48.18248], [-1.870656, 48.183236], [-1.871401, 48.184424], [-1.871588, 48.184779], [-1.871001, 48.185025], [-1.870949, 48.185207], [-1.871017, 48.186059], [-1.871336, 48.186679], [-1.869537, 48.186923], [-1.868784, 48.18677], [-1.867845, 48.186803], [-1.866781, 48.186977], [-1.866082, 48.187585], [-1.865204, 48.18785], [-1.865382, 48.188151], [-1.864854, 48.188245], [-1.86441, 48.188427], [-1.86401, 48.188523], [-1.863584, 48.18867], [-1.862066, 48.188976], [-1.860564, 48.189331], [-1.858545, 48.189558], [-1.858008, 48.189551], [-1.857768, 48.189755], [-1.856848, 48.189664], [-1.856418, 48.189545], [-1.855555, 48.189502], [-1.855271, 48.189549], [-1.854841, 48.189653], [-1.854231, 48.189678], [-1.853604, 48.189625], [-1.853038, 48.189426], [-1.852012, 48.189232], [-1.851533, 48.189058], [-1.850631, 48.188833], [-1.85036, 48.188779], [-1.849929, 48.188647], [-1.849442, 48.188453], [-1.848932, 48.188204], [-1.848513, 48.188023], [-1.848195, 48.187808], [-1.847758, 48.187469], [-1.847389, 48.187211], [-1.846344, 48.186656], [-1.844938, 48.186198], [-1.844712, 48.186157], [-1.844657, 48.18684], [-1.844462, 48.187063], [-1.843667, 48.188801], [-1.843321, 48.189697], [-1.843123, 48.189877], [-1.843095, 48.190265], [-1.843154, 48.1909], [-1.843019, 48.190949], [-1.843132, 48.191138], [-1.843082, 48.191354], [-1.84339, 48.191988], [-1.843398, 48.192067], [-1.8439, 48.192448], [-1.844432, 48.193589], [-1.844367, 48.193998], [-1.844155, 48.194918], [-1.844087, 48.195626], [-1.843948, 48.196421], [-1.843944, 48.196642], [-1.844063, 48.196661], [-1.844048, 48.197452], [-1.843991, 48.197966], [-1.843976, 48.198738], [-1.844041, 48.198871], [-1.84447, 48.199348], [-1.844697, 48.199394], [-1.844768, 48.199753], [-1.845026, 48.200405], [-1.84539, 48.200752], [-1.845911, 48.202219], [-1.84612, 48.202301], [-1.84683, 48.202251], [-1.847154, 48.202338], [-1.847874, 48.202637], [-1.848768, 48.202987], [-1.848943, 48.202765], [-1.849821, 48.203068], [-1.850314, 48.203141], [-1.850901, 48.203099], [-1.851694, 48.202998], [-1.852171, 48.203062], [-1.853804, 48.202388], [-1.854722, 48.202085], [-1.855401, 48.201295], [-1.855934, 48.201232], [-1.857362, 48.201405], [-1.860363, 48.201029], [-1.862172, 48.200919], [-1.864895, 48.201272], [-1.86698, 48.201242], [-1.867185, 48.201279], [-1.867923, 48.201253], [-1.868946, 48.201188], [-1.869421, 48.201111], [-1.870139, 48.200944], [-1.871015, 48.200705], [-1.871761, 48.200593], [-1.872129, 48.200503], [-1.872244, 48.200387], [-1.872254, 48.200123], [-1.872305, 48.200085], [-1.872945, 48.199918], [-1.873337, 48.199879], [-1.874027, 48.199902], [-1.874603, 48.199904], [-1.875297, 48.199849], [-1.876117, 48.199766], [-1.876412, 48.199787], [-1.876845, 48.199866], [-1.87756, 48.199793], [-1.878213, 48.199869], [-1.878564, 48.199946], [-1.878828, 48.200067], [-1.879098, 48.200098], [-1.879379, 48.200087], [-1.879952, 48.199954], [-1.88028, 48.199777], [-1.880867, 48.199528], [-1.881088, 48.199462], [-1.88153, 48.199377], [-1.882235, 48.199403], [-1.882854, 48.199477], [-1.883325, 48.199831], [-1.884579, 48.199916], [-1.885537, 48.199906], [-1.885788, 48.199806], [-1.886925, 48.199906], [-1.887375, 48.200003], [-1.88769, 48.200019], [-1.8879, 48.199998], [-1.888228, 48.199703], [-1.889062, 48.199701], [-1.889344, 48.199804], [-1.889651, 48.199741], [-1.889844, 48.199739], [-1.890118, 48.199196], [-1.890309, 48.199054], [-1.8911, 48.198846], [-1.891414, 48.198564], [-1.891877, 48.198457], [-1.892496, 48.198352], [-1.892654, 48.198069], [-1.892943, 48.19774], [-1.893091, 48.197653], [-1.893236, 48.197336], [-1.893316, 48.1971], [-1.893361, 48.196828], [-1.893746, 48.196589], [-1.893968, 48.195996], [-1.894357, 48.195801], [-1.894317, 48.195308], [-1.894556, 48.194939], [-1.895224, 48.19487], [-1.895873, 48.194576], [-1.895819, 48.194903], [-1.895889, 48.195036], [-1.896051, 48.19511], [-1.89606, 48.195275], [-1.896254, 48.195439], [-1.896636, 48.195674], [-1.896728, 48.195986], [-1.897421, 48.196231], [-1.897778, 48.196489], [-1.898558, 48.196956], [-1.90028, 48.197434], [-1.900757, 48.197455], [-1.901036, 48.197673], [-1.901906, 48.197899], [-1.902083, 48.19809], [-1.902549, 48.198028], [-1.902758, 48.19811], [-1.902843, 48.198332], [-1.90313, 48.198546], [-1.903672, 48.198573], [-1.903746, 48.19866], [-1.903693, 48.198841], [-1.903924, 48.199193], [-1.904699, 48.199561], [-1.905138, 48.20005], [-1.905009, 48.200956], [-1.904943, 48.201813], [-1.905574, 48.202961], [-1.906252, 48.205503], [-1.906959, 48.205928], [-1.90747, 48.206404], [-1.908177, 48.206829], [-1.908214, 48.207278], [-1.908851, 48.20766], [-1.909806, 48.207806], [-1.9101, 48.20811], [-1.910591, 48.208363], [-1.910964, 48.208799], [-1.911388, 48.209054], [-1.912213, 48.209249], [-1.913989, 48.209545], [-1.914958, 48.209871], [-1.915732, 48.210293], [-1.916593, 48.210937], [-1.917036, 48.211416], [-1.917278, 48.211903], [-1.917647, 48.212295], [-1.918134, 48.212502], [-1.918959, 48.212697], [-1.919518, 48.212947], [-1.920452, 48.213148], [-1.920937, 48.213353], [-1.921612, 48.213528], [-1.921648, 48.213639], [-1.921589, 48.213822], [-1.921233, 48.214356], [-1.920837, 48.214913], [-1.920771, 48.214928], [-1.920564, 48.215156], [-1.918038, 48.216242], [-1.917964, 48.216256], [-1.917331, 48.217163], [-1.916964, 48.217589], [-1.916859, 48.21791], [-1.916703, 48.218232], [-1.9163, 48.219246], [-1.916261, 48.219271], [-1.916513, 48.219695], [-1.916556, 48.219834], [-1.916506, 48.21999], [-1.916574, 48.220153], [-1.916492, 48.220247], [-1.916512, 48.220755], [-1.916322, 48.220897], [-1.915661, 48.221056], [-1.91562, 48.221373], [-1.915372, 48.221652], [-1.914776, 48.221763], [-1.914416, 48.222316], [-1.914457, 48.22281], [-1.914224, 48.223269], [-1.914328, 48.223716], [-1.914759, 48.22406], [-1.914919, 48.22437], [-1.915292, 48.224806], [-1.915321, 48.225165], [-1.915261, 48.225258], [-1.915297, 48.225706], [-1.915518, 48.226004], [-1.91548, 48.226244], [-1.915547, 48.226399], [-1.915988, 48.226759], [-1.916263, 48.226756], [-1.917033, 48.227285], [-1.917205, 48.227479], [-1.917414, 48.227916], [-1.917631, 48.228164], [-1.917684, 48.228274], [-1.917661, 48.228406], [-1.91719, 48.229105], [-1.917148, 48.229422], [-1.916894, 48.229611], [-1.916815, 48.229805], [-1.916687, 48.229985], [-1.916636, 48.230927], [-1.916682, 48.23115], [-1.91658, 48.231558], [-1.9168, 48.231775], [-1.916814, 48.231955], [-1.916631, 48.232187], [-1.916656, 48.232501], [-1.916458, 48.232553], [-1.91647, 48.232688], [-1.916562, 48.232999], [-1.916311, 48.233234], [-1.91626, 48.233416], [-1.916603, 48.233493], [-1.916882, 48.233619], [-1.916925, 48.234157], [-1.916816, 48.234476], [-1.916435, 48.23476], [-1.916446, 48.234894], [-1.916875, 48.235194], [-1.916911, 48.235643], [-1.916675, 48.236057], [-1.91639, 48.236698], [-1.916077, 48.236979], [-1.916091, 48.237159], [-1.916318, 48.237466], [-1.916141, 48.237788], [-1.916166, 48.238101], [-1.91592, 48.238381], [-1.916004, 48.239413], [-1.915902, 48.239822], [-1.915897, 48.240092], [-1.916268, 48.240349], [-1.916212, 48.240486], [-1.915973, 48.240855], [-1.916023, 48.241483], [-1.915786, 48.241897], [-1.91541, 48.242225], [-1.914762, 48.242564], [-1.914, 48.243132], [-1.913495, 48.243565], [-1.912838, 48.243769], [-1.912244, 48.243925], [-1.911311, 48.244688], [-1.910986, 48.244871], [-1.91078, 48.245172], [-1.910195, 48.245079], [-1.909144, 48.245433], [-1.908841, 48.245849], [-1.90884, 48.246659], [-1.90896, 48.24733], [-1.908602, 48.247892], [-1.908419, 48.248125], [-1.908647, 48.249107], [-1.908406, 48.249476], [-1.907453, 48.250185], [-1.906148, 48.250728], [-1.906249, 48.251749], [-1.906665, 48.251809], [-1.906943, 48.251933], [-1.907756, 48.252329], [-1.908683, 48.25277], [-1.909134, 48.252999], [-1.909883, 48.253358], [-1.91018, 48.253522], [-1.910664, 48.253902], [-1.912863, 48.254393], [-1.912941, 48.254526], [-1.913675, 48.255264], [-1.914463, 48.25598], [-1.914059, 48.256889], [-1.915166, 48.257845], [-1.915554, 48.258188], [-1.916893, 48.25935], [-1.917241, 48.259604], [-1.917706, 48.259871], [-1.919068, 48.260513], [-1.919749, 48.260758], [-1.920451, 48.260971], [-1.920887, 48.261132], [-1.92238, 48.261849], [-1.923135, 48.262195], [-1.923746, 48.262499], [-1.924364, 48.262841], [-1.924772, 48.263045], [-1.92669, 48.263762], [-1.92683, 48.263842], [-1.927003, 48.264012], [-1.927091, 48.264263], [-1.92714, 48.264776], [-1.928744, 48.265137], [-1.928823, 48.265269], [-1.928501, 48.26547], [-1.928445, 48.265606], [-1.929164, 48.266157], [-1.929931, 48.267119], [-1.930631, 48.267877], [-1.930801, 48.268019], [-1.931101, 48.268131], [-1.931983, 48.268502], [-1.932361, 48.268614], [-1.932897, 48.268727], [-1.933212, 48.268747], [-1.933604, 48.268709], [-1.933995, 48.268706], [-1.93459, 48.268811], [-1.935543, 48.269183], [-1.936088, 48.268859], [-1.936395, 48.268778], [-1.936845, 48.268777], [-1.937832, 48.268856], [-1.938805, 48.269265], [-1.93994, 48.269133], [-1.940149, 48.269216], [-1.942035, 48.269184], [-1.942715, 48.269249], [-1.942772, 48.269787], [-1.94502, 48.270065], [-1.945572, 48.270226], [-1.947228, 48.271507], [-1.947924, 48.271752], [-1.948734, 48.271767], [-1.950276, 48.271666], [-1.950781, 48.272728], [-1.950843, 48.273491], [-1.950989, 48.273621], [-1.951337, 48.273743], [-1.951908, 48.274128], [-1.951992, 48.27516], [-1.953276, 48.27487], [-1.953794, 48.274766], [-1.955065, 48.274701], [-1.958101, 48.274845], [-1.958403, 48.275451], [-1.958959, 48.27568], [-1.95872, 48.276436], [-1.958186, 48.276501], [-1.958133, 48.276683], [-1.957101, 48.277261], [-1.957176, 48.277348], [-1.959311, 48.27735], [-1.959101, 48.277486], [-1.958987, 48.277643], [-1.958447, 48.278061], [-1.958095, 48.278247], [-1.958008, 48.278342], [-1.957842, 48.278621], [-1.957765, 48.27886], [-1.957752, 48.279242], [-1.957697, 48.279912], [-1.957433, 48.280915], [-1.957183, 48.28174], [-1.957134, 48.282043], [-1.956961, 48.28225], [-1.956569, 48.282635], [-1.956188, 48.283121], [-1.956063, 48.283438], [-1.95598, 48.284114], [-1.955863, 48.284814], [-1.955809, 48.285258], [-1.955759, 48.285858], [-1.955779, 48.286001], [-1.955876, 48.286064], [-1.955917, 48.286399], [-1.95586, 48.286958], [-1.955818, 48.287534], [-1.955793, 48.287596], [-1.956089, 48.289178], [-1.956222, 48.289826], [-1.956284, 48.290286], [-1.956003, 48.290314], [-1.955825, 48.289982], [-1.955755, 48.289901], [-1.955589, 48.289861], [-1.955292, 48.289873], [-1.953414, 48.290236], [-1.952346, 48.290365], [-1.951273, 48.290448], [-1.950867, 48.290553], [-1.948618, 48.290989], [-1.94802, 48.291187], [-1.948047, 48.291284], [-1.948063, 48.291611], [-1.948902, 48.292646], [-1.949229, 48.292837], [-1.94944, 48.293199], [-1.949571, 48.293563], [-1.949357, 48.294084], [-1.948606, 48.295343], [-1.947751, 48.295998], [-1.947905, 48.297604], [-1.947083, 48.297946], [-1.946971, 48.29797], [-1.945792, 48.298404], [-1.945324, 48.298537], [-1.945352, 48.298601], [-1.944371, 48.298933], [-1.94383, 48.298876], [-1.942503, 48.299205], [-1.94165, 48.299507], [-1.940988, 48.299666], [-1.939884, 48.300201], [-1.939905, 48.30029], [-1.939224, 48.300693], [-1.938697, 48.300349], [-1.938637, 48.300428], [-1.938105, 48.300217], [-1.937555, 48.299971], [-1.936829, 48.299607], [-1.936589, 48.299472], [-1.93572, 48.299103], [-1.935245, 48.298933], [-1.935051, 48.298827], [-1.934606, 48.298934], [-1.934292, 48.299093], [-1.933979, 48.299281], [-1.933918, 48.299423], [-1.933799, 48.299513], [-1.933803, 48.299644], [-1.933299, 48.300274], [-1.932645, 48.300732], [-1.931874, 48.301095], [-1.930897, 48.301536], [-1.929991, 48.302018], [-1.929359, 48.302537], [-1.928774, 48.302722], [-1.928631, 48.302816], [-1.928344, 48.302932], [-1.928134, 48.303267], [-1.927981, 48.303385], [-1.927785, 48.303607], [-1.927249, 48.303868], [-1.92709, 48.304037], [-1.926917, 48.304087], [-1.926746, 48.304187], [-1.926664, 48.304376], [-1.926582, 48.304693], [-1.926521, 48.304728], [-1.92613, 48.304743], [-1.925515, 48.304832], [-1.92468, 48.304918], [-1.924286, 48.304987], [-1.924015, 48.305367], [-1.923854, 48.305638], [-1.923702, 48.306051], [-1.922569, 48.305997], [-1.921534, 48.30572], [-1.920518, 48.30557], [-1.920227, 48.305298], [-1.919701, 48.304619], [-1.919058, 48.304884], [-1.918692, 48.304967], [-1.918356, 48.304979], [-1.916467, 48.304155], [-1.91501, 48.303668], [-1.913983, 48.30348], [-1.913628, 48.303267], [-1.912624, 48.301863], [-1.912042, 48.301911], [-1.911302, 48.30193], [-1.911023, 48.30191], [-1.910845, 48.301826], [-1.910756, 48.301338], [-1.910562, 48.301092], [-1.910242, 48.300981], [-1.909616, 48.300862], [-1.909418, 48.300804], [-1.909069, 48.300643], [-1.908702, 48.300438], [-1.908323, 48.300097], [-1.907998, 48.299706], [-1.907845, 48.29956], [-1.907452, 48.299255], [-1.906927, 48.298795], [-1.906705, 48.298665], [-1.905969, 48.298536], [-1.904961, 48.298438], [-1.905002, 48.298093], [-1.905101, 48.297909], [-1.905098, 48.297778], [-1.905336, 48.29749], [-1.905434, 48.297316], [-1.905511, 48.297088], [-1.905486, 48.296893], [-1.905806, 48.296742], [-1.905927, 48.296523], [-1.906143, 48.296272], [-1.906347, 48.296192], [-1.906623, 48.295943], [-1.906788, 48.295913], [-1.907031, 48.295482], [-1.906949, 48.295303], [-1.906996, 48.295107], [-1.90687, 48.294854], [-1.907471, 48.294405], [-1.908512, 48.293917], [-1.908822, 48.293591], [-1.908904, 48.293311], [-1.908391, 48.292436], [-1.908708, 48.291716], [-1.908877, 48.291738], [-1.909406, 48.291494], [-1.910106, 48.291301], [-1.912809, 48.287619], [-1.913472, 48.28652], [-1.913605, 48.286184], [-1.913913, 48.285848], [-1.914243, 48.285595], [-1.914328, 48.285429], [-1.914793, 48.284353], [-1.914024, 48.28403], [-1.913737, 48.283814], [-1.912681, 48.283268], [-1.912319, 48.282966], [-1.911604, 48.282631], [-1.911292, 48.282102], [-1.910508, 48.28159], [-1.91021, 48.28124], [-1.909777, 48.280896], [-1.909659, 48.28027], [-1.909316, 48.280192], [-1.908613, 48.279858], [-1.90842, 48.279954], [-1.907987, 48.280416], [-1.907696, 48.280176], [-1.907218, 48.279901], [-1.906962, 48.279734], [-1.906593, 48.279219], [-1.90652, 48.278321], [-1.906203, 48.277748], [-1.906123, 48.27676], [-1.906249, 48.275135], [-1.906124, 48.274419], [-1.906033, 48.273297], [-1.905416, 48.273184], [-1.905409, 48.273094], [-1.906379, 48.270044], [-1.906213, 48.269988], [-1.905387, 48.269843], [-1.904166, 48.269508], [-1.904909, 48.268745], [-1.905028, 48.268561], [-1.904597, 48.268216], [-1.903284, 48.267993], [-1.902309, 48.267623], [-1.902033, 48.267543], [-1.901887, 48.267413], [-1.901615, 48.267378], [-1.900167, 48.26698], [-1.898808, 48.266858], [-1.898607, 48.266865], [-1.898255, 48.267508], [-1.897685, 48.267978], [-1.897214, 48.267995], [-1.897031, 48.268227], [-1.896804, 48.268596], [-1.895871, 48.268719], [-1.895483, 48.269769], [-1.89583, 48.269892], [-1.895643, 48.270078], [-1.895042, 48.270145], [-1.894224, 48.270048], [-1.892738, 48.270012], [-1.892025, 48.269926], [-1.891793, 48.269882], [-1.891129, 48.270019], [-1.88913, 48.270316], [-1.888586, 48.270364], [-1.887903, 48.2705], [-1.887558, 48.270545], [-1.887282, 48.270529], [-1.886786, 48.270555], [-1.886716, 48.270597], [-1.885983, 48.270713], [-1.885796, 48.2709], [-1.88535, 48.271232], [-1.885022, 48.271333], [-1.884753, 48.271343], [-1.884095, 48.271248], [-1.883376, 48.271276], [-1.882915, 48.271122], [-1.882236, 48.271082], [-1.883081, 48.272358], [-1.882706, 48.272731], [-1.88327, 48.273749], [-1.883017, 48.274219], [-1.882898, 48.274405], [-1.882824, 48.274666], [-1.882309, 48.276651], [-1.882051, 48.277622], [-1.881944, 48.27798], [-1.880141, 48.277824], [-1.879429, 48.277742], [-1.879089, 48.277687], [-1.878034, 48.277469], [-1.875709, 48.276974], [-1.875474, 48.276919], [-1.874791, 48.276719], [-1.874213, 48.277872], [-1.873998, 48.278337], [-1.873755, 48.27879], [-1.873497, 48.279137], [-1.873104, 48.279603], [-1.872875, 48.279973], [-1.872526, 48.280629], [-1.872372, 48.280834], [-1.870346, 48.281223], [-1.869272, 48.281469], [-1.8681, 48.28115], [-1.867402, 48.280861], [-1.866991, 48.280785], [-1.866588, 48.280809], [-1.865923, 48.280923], [-1.865664, 48.281067], [-1.865286, 48.281395], [-1.864968, 48.281632], [-1.864497, 48.281648], [-1.86341, 48.281553], [-1.862872, 48.281571], [-1.862262, 48.281682], [-1.861467, 48.281686], [-1.860685, 48.281799], [-1.859865, 48.281936], [-1.859434, 48.281961], [-1.858806, 48.281959], [-1.858543, 48.282057], [-1.858313, 48.282066], [-1.858048, 48.282144], [-1.857746, 48.282171], [-1.857539, 48.282226], [-1.857261, 48.282192], [-1.85684, 48.28227], [-1.856682, 48.282341], [-1.856554, 48.282463], [-1.85606, 48.282803], [-1.855234, 48.28324], [-1.855072, 48.283375], [-1.854687, 48.283929], [-1.854386, 48.284263], [-1.854122, 48.284622], [-1.85388, 48.284824], [-1.853709, 48.284887], [-1.853465, 48.28484], [-1.853154, 48.284868], [-1.852703, 48.284854], [-1.85249, 48.284916], [-1.852252, 48.28511], [-1.851857, 48.28536], [-1.851495, 48.285553], [-1.851362, 48.285538], [-1.850386, 48.285498], [-1.850288, 48.285144], [-1.849336, 48.285053], [-1.849194, 48.284112], [-1.847176, 48.284184], [-1.846964, 48.284056], [-1.84547, 48.28411], [-1.845155, 48.28426], [-1.844715, 48.284376], [-1.844657, 48.28445], [-1.843049, 48.28488], [-1.841178, 48.285936], [-1.840339, 48.286417], [-1.839234, 48.28695], [-1.837976, 48.287229], [-1.835628, 48.287403], [-1.834084, 48.287503], [-1.834088, 48.288403], [-1.834045, 48.288539], [-1.832075, 48.288528], [-1.830991, 48.288477], [-1.83097, 48.288207], [-1.830162, 48.288236], [-1.828979, 48.288313], [-1.828699, 48.287821], [-1.828293, 48.287627], [-1.827747, 48.287556], [-1.827627, 48.286885], [-1.827608, 48.285805], [-1.826582, 48.285616], [-1.826083, 48.285283], [-1.825984, 48.285061], [-1.826143, 48.284516], [-1.826962, 48.28361], [-1.826621, 48.283567], [-1.8257, 48.283321], [-1.825643, 48.282462], [-1.825257, 48.281846], [-1.825111, 48.281716], [-1.825427, 48.281434], [-1.825625, 48.281383], [-1.826775, 48.281423], [-1.827036, 48.281323], [-1.827373, 48.280636], [-1.827589, 48.279953], [-1.827436, 48.279734], [-1.828208, 48.279256], [-1.828516, 48.278885], [-1.828466, 48.278257], [-1.829382, 48.277054], [-1.830316, 48.276256], [-1.831203, 48.276499], [-1.831309, 48.27655], [-1.832777, 48.277003], [-1.833255, 48.277184], [-1.833449, 48.277219], [-1.833731, 48.277322], [-1.834201, 48.277417], [-1.834559, 48.277419], [-1.835354, 48.277508], [-1.836252, 48.277791], [-1.83685, 48.277814], [-1.837403, 48.277571], [-1.837598, 48.277255], [-1.837836, 48.277039], [-1.838052, 48.276891], [-1.838605, 48.276579], [-1.838857, 48.276379], [-1.839288, 48.275971], [-1.839523, 48.275712], [-1.840185, 48.275106], [-1.840401, 48.274933], [-1.840331, 48.274519], [-1.840368, 48.274011], [-1.840292, 48.273323], [-1.840097, 48.27236], [-1.84126, 48.272248], [-1.84325, 48.271988], [-1.843214, 48.271539], [-1.842671, 48.271513], [-1.842626, 48.270929], [-1.842724, 48.270476], [-1.843028, 48.27006], [-1.842862, 48.268774], [-1.842787, 48.268073], [-1.842776, 48.267681], [-1.842865, 48.267352], [-1.843101, 48.267025], [-1.842192, 48.26668], [-1.841722, 48.266467], [-1.841467, 48.266321], [-1.840896, 48.265954], [-1.840222, 48.265498], [-1.839282, 48.26489], [-1.838192, 48.264146], [-1.83664, 48.263063], [-1.835738, 48.262448], [-1.835802, 48.262302], [-1.835901, 48.261491], [-1.835987, 48.260921], [-1.835997, 48.260746], [-1.835873, 48.260402], [-1.835953, 48.260261], [-1.836217, 48.260274], [-1.835984, 48.259154], [-1.835434, 48.259039], [-1.834725, 48.257758], [-1.834432, 48.257454], [-1.833357, 48.2575], [-1.832507, 48.254605], [-1.832467, 48.25411], [-1.832846, 48.253782], [-1.833383, 48.253763], [-1.835643, 48.254214], [-1.836592, 48.254271], [-1.839048, 48.254541], [-1.839349, 48.254296], [-1.84058, 48.253449], [-1.84172, 48.252725], [-1.842489, 48.251892], [-1.842965, 48.251343], [-1.843278, 48.250943], [-1.843531, 48.250565], [-1.842675, 48.250398], [-1.842257, 48.250233], [-1.842168, 48.249967], [-1.841957, 48.249839], [-1.841679, 48.249759], [-1.841262, 48.249594], [-1.841042, 48.249376], [-1.840806, 48.248934], [-1.840454, 48.248767], [-1.839771, 48.248672], [-1.839386, 48.248596], [-1.8393, 48.248517], [-1.839234, 48.248353], [-1.83895, 48.248041], [-1.838746, 48.247973], [-1.838433, 48.247802], [-1.838013, 48.247693], [-1.83777, 48.247581], [-1.837746, 48.247527], [-1.83751, 48.247396], [-1.837073, 48.247274], [-1.836838, 48.247104], [-1.836787, 48.24688], [-1.8365, 48.246665], [-1.836517, 48.246034], [-1.836484, 48.24563], [-1.836059, 48.245287], [-1.8359, 48.245209], [-1.835559, 48.24493], [-1.835439, 48.244678], [-1.834932, 48.24458], [-1.834315, 48.24443], [-1.83388, 48.24428], [-1.833576, 48.244201], [-1.833482, 48.24425], [-1.833, 48.244358], [-1.832451, 48.244243], [-1.832306, 48.244113], [-1.831759, 48.244006], [-1.831281, 48.243933], [-1.831023, 48.244077], [-1.830994, 48.244574], [-1.830669, 48.24472], [-1.829219, 48.244276], [-1.828946, 48.244241], [-1.828554, 48.24439], [-1.827748, 48.244418], [-1.827266, 48.2443], [-1.826177, 48.244168], [-1.825685, 48.243915], [-1.824611, 48.243953], [-1.823998, 48.243885], [-1.823331, 48.24383], [-1.82264, 48.243547], [-1.822638, 48.24366], [-1.822407, 48.244426], [-1.820546, 48.244448], [-1.820249, 48.244378], [-1.820104, 48.244514], [-1.820327, 48.244596], [-1.819973, 48.244715], [-1.820273, 48.244863], [-1.820199, 48.24497], [-1.820354, 48.245121], [-1.820493, 48.245071], [-1.820548, 48.245324], [-1.820464, 48.245597], [-1.820631, 48.245868], [-1.820516, 48.246103], [-1.820258, 48.246269], [-1.820081, 48.24625], [-1.81976, 48.246004], [-1.819448, 48.246083], [-1.818967, 48.245988], [-1.818088, 48.245858], [-1.817745, 48.245781], [-1.817543, 48.245788], [-1.817423, 48.245972], [-1.815527, 48.245859], [-1.814993, 48.245923], [-1.814747, 48.24695], [-1.813616, 48.246922], [-1.811451, 48.24685], [-1.809458, 48.246778], [-1.807745, 48.246703], [-1.807097, 48.246668], [-1.806598, 48.246598], [-1.805756, 48.246353], [-1.805257, 48.246238], [-1.80471, 48.246158], [-1.803781, 48.246052], [-1.803291, 48.246029], [-1.802647, 48.246016], [-1.801993, 48.245959], [-1.80141, 48.24589], [-1.799765, 48.245717], [-1.798567, 48.245574], [-1.798364, 48.245578], [-1.798255, 48.245521], [-1.79748, 48.245323], [-1.797028, 48.245249], [-1.795962, 48.245102], [-1.795436, 48.245793], [-1.79464, 48.245956], [-1.794166, 48.245927], [-1.793734, 48.245859], [-1.793645, 48.245731], [-1.793314, 48.245372], [-1.793243, 48.245329], [-1.789748, 48.245461], [-1.789858, 48.245142], [-1.790166, 48.244772], [-1.790205, 48.24441], [-1.790159, 48.243826], [-1.790676, 48.242853], [-1.790764, 48.242265], [-1.790485, 48.241285], [-1.789803, 48.240327], [-1.789887, 48.239925], [-1.789863, 48.239866], [-1.789907, 48.239422], [-1.789403, 48.239461], [-1.788514, 48.239502], [-1.788421, 48.239484], [-1.788109, 48.239553], [-1.78785, 48.239457], [-1.787636, 48.239473], [-1.787479, 48.239439], [-1.786779, 48.239354], [-1.786069, 48.239414], [-1.785871, 48.239563], [-1.785647, 48.239654], [-1.785419, 48.239448], [-1.785209, 48.239449], [-1.784822, 48.239589], [-1.784769, 48.239672], [-1.784874, 48.239769], [-1.784963, 48.240177], [-1.784524, 48.240193], [-1.783536, 48.240331], [-1.783352, 48.240562], [-1.782881, 48.240579], [-1.782754, 48.240673], [-1.782598, 48.241265], [-1.782418, 48.24154], [-1.782156, 48.241639], [-1.781791, 48.241293], [-1.780757, 48.241605], [-1.780695, 48.241916], [-1.780709, 48.242096], [-1.780385, 48.242153], [-1.779817, 48.242133], [-1.779327, 48.242065], [-1.778898, 48.241953], [-1.778549, 48.241797], [-1.778477, 48.241687], [-1.778441, 48.241505], [-1.777962, 48.241283], [-1.776959, 48.2406], [-1.776384, 48.240254], [-1.776312, 48.239902], [-1.778452, 48.239514], [-1.778788, 48.23946], [-1.779391, 48.239321], [-1.779573, 48.239262], [-1.779525, 48.239056], [-1.779468, 48.23834], [-1.77947, 48.238107], [-1.779371, 48.237522], [-1.778961, 48.236249], [-1.778836, 48.235959], [-1.778448, 48.235773], [-1.778054, 48.235058], [-1.777569, 48.2352], [-1.777112, 48.234782], [-1.777164, 48.234641], [-1.777056, 48.234567], [-1.776262, 48.234196], [-1.775754, 48.233885], [-1.774958, 48.233365], [-1.77423, 48.23304], [-1.775306, 48.231754], [-1.775595, 48.23157], [-1.775532, 48.231356], [-1.775715, 48.230773], [-1.776049, 48.230661], [-1.776124, 48.230481], [-1.776144, 48.229985], [-1.776058, 48.229675], [-1.775966, 48.229559], [-1.775486, 48.229211], [-1.775425, 48.228989], [-1.775584, 48.228986], [-1.775465, 48.228179], [-1.775518, 48.22818], [-1.775488, 48.227646], [-1.775412, 48.227487], [-1.775025, 48.227565], [-1.774899, 48.22698], [-1.774855, 48.226943], [-1.774376, 48.226806], [-1.773646, 48.22679], [-1.77333, 48.226746], [-1.773123, 48.226766], [-1.773075, 48.226629], [-1.773107, 48.226426], [-1.773228, 48.225994], [-1.773436, 48.224909], [-1.773417, 48.224849], [-1.773551, 48.223975], [-1.773916, 48.22273], [-1.772889, 48.222743], [-1.772486, 48.222713], [-1.772667, 48.221951], [-1.772106, 48.221883], [-1.770694, 48.221629], [-1.770185, 48.221595], [-1.768953, 48.221463], [-1.768232, 48.221374], [-1.767913, 48.221322], [-1.768009, 48.221064], [-1.767016, 48.220833], [-1.766113, 48.220634], [-1.765753, 48.220516], [-1.76523, 48.220389], [-1.765369, 48.220197], [-1.765679, 48.219874], [-1.766002, 48.219634], [-1.766205, 48.21959], [-1.766803, 48.219198], [-1.76694, 48.219129], [-1.766921, 48.218973], [-1.766638, 48.218866], [-1.765535, 48.218498], [-1.765322, 48.21839], [-1.765198, 48.218246], [-1.764999, 48.218135], [-1.764338, 48.217947], [-1.76376, 48.217854], [-1.76326, 48.217752], [-1.763381, 48.217401], [-1.76356, 48.217237], [-1.763806, 48.216945], [-1.764245, 48.216918], [-1.764468, 48.216757], [-1.764588, 48.216423], [-1.76484, 48.215987], [-1.764866, 48.215808], [-1.765019, 48.215595], [-1.765275, 48.215453], [-1.765495, 48.215291], [-1.766157, 48.214948], [-1.766282, 48.214821], [-1.766701, 48.214567], [-1.76696, 48.214575], [-1.767419, 48.214556], [-1.767653, 48.214577], [-1.768449, 48.214564], [-1.768593, 48.214547], [-1.768428, 48.214273], [-1.76856, 48.214161], [-1.768781, 48.214072], [-1.768946, 48.213958], [-1.769448, 48.213392], [-1.768792, 48.213151], [-1.767774, 48.21271], [-1.766906, 48.21238], [-1.765696, 48.211961], [-1.764709, 48.211652], [-1.763935, 48.21139], [-1.763133, 48.211106], [-1.76188, 48.210597], [-1.76175, 48.210533], [-1.760965, 48.21028], [-1.758378, 48.209693], [-1.758027, 48.209602], [-1.757476, 48.20943], [-1.756132, 48.208868], [-1.755533, 48.208656], [-1.754097, 48.208204], [-1.752337, 48.20755], [-1.751262, 48.207175], [-1.750228, 48.206834], [-1.749547, 48.206579], [-1.747843, 48.205881], [-1.747949, 48.205766], [-1.74833, 48.205437], [-1.748923, 48.205176], [-1.749667, 48.204889], [-1.749931, 48.204849], [-1.750541, 48.204555], [-1.750623, 48.204376], [-1.751516, 48.203973], [-1.751706, 48.203932], [-1.75184, 48.203816], [-1.752073, 48.203829], [-1.752121, 48.203748], [-1.752355, 48.203683], [-1.752791, 48.203744], [-1.752866, 48.203875], [-1.753915, 48.203815], [-1.754506, 48.203801], [-1.754536, 48.203502], [-1.754652, 48.203471], [-1.75505, 48.203512], [-1.756293, 48.203249], [-1.756334, 48.203612], [-1.756329, 48.203781], [-1.756427, 48.203925], [-1.756701, 48.204023], [-1.757996, 48.20422], [-1.758291, 48.204283], [-1.758383, 48.204146], [-1.758716, 48.204086], [-1.758898, 48.203921], [-1.759197, 48.203458], [-1.760547, 48.203332], [-1.761436, 48.203043], [-1.764137, 48.202806], [-1.764523, 48.203111], [-1.765806, 48.202872], [-1.765968, 48.202769], [-1.766668, 48.202596], [-1.766905, 48.202555], [-1.767045, 48.202667], [-1.767301, 48.20267], [-1.767413, 48.202792], [-1.767585, 48.202835], [-1.76828, 48.202725], [-1.768555, 48.202599], [-1.768618, 48.202427], [-1.768781, 48.202292], [-1.76871, 48.202134], [-1.768792, 48.202085], [-1.769322, 48.201878], [-1.769868, 48.201698], [-1.769881, 48.201398], [-1.76993, 48.201368], [-1.770506, 48.201406], [-1.770833, 48.201354], [-1.770969, 48.201294], [-1.772063, 48.201191], [-1.772444, 48.201139], [-1.772701, 48.201148], [-1.773032, 48.201005], [-1.774015, 48.200287], [-1.774242, 48.200249], [-1.774326, 48.200153], [-1.774275, 48.199908], [-1.774415, 48.199783], [-1.774555, 48.199735], [-1.774855, 48.199492], [-1.774972, 48.199518], [-1.775315, 48.199346], [-1.775326, 48.199295], [-1.775878, 48.198966], [-1.776022, 48.198816], [-1.776224, 48.198698], [-1.776323, 48.198713], [-1.776651, 48.19862], [-1.777054, 48.198356], [-1.776966, 48.198188], [-1.776784, 48.197712], [-1.776719, 48.197348], [-1.776728, 48.197141], [-1.776795, 48.196707], [-1.777054, 48.196656], [-1.777243, 48.19656], [-1.777469, 48.196383], [-1.777833, 48.19639], [-1.778208, 48.196315], [-1.778562, 48.196326], [-1.778883, 48.196224], [-1.779223, 48.196221], [-1.779399, 48.196145], [-1.779598, 48.195988], [-1.779815, 48.196136], [-1.779899, 48.196287], [-1.780676, 48.196213], [-1.781254, 48.196137], [-1.781492, 48.196217], [-1.781634, 48.1962], [-1.781636, 48.196007], [-1.78172, 48.195966], [-1.78196, 48.195743], [-1.781874, 48.195584], [-1.781798, 48.195265], [-1.781574, 48.195121], [-1.780401, 48.194168], [-1.779742, 48.193519], [-1.779922, 48.193375], [-1.780151, 48.193295], [-1.779659, 48.19316], [-1.779461, 48.193178], [-1.779358, 48.192991], [-1.779363, 48.192739], [-1.779272, 48.192652], [-1.77892, 48.192643], [-1.778714, 48.192582], [-1.77863, 48.192281], [-1.778488, 48.192104], [-1.77831, 48.192052], [-1.778089, 48.19206], [-1.777987, 48.191849], [-1.778025, 48.191678], [-1.777895, 48.19148], [-1.777911, 48.191324], [-1.777781, 48.191188], [-1.777901, 48.191002], [-1.778105, 48.190968], [-1.778031, 48.190785], [-1.778313, 48.190641], [-1.778264, 48.190506], [-1.778268, 48.190296], [-1.778347, 48.190143], [-1.778366, 48.189899], [-1.7785, 48.189698], [-1.77868, 48.189592], [-1.778829, 48.189705], [-1.778989, 48.189728], [-1.779273, 48.189638], [-1.779658, 48.189446], [-1.779956, 48.189239], [-1.779937, 48.189198], [-1.779517, 48.189127], [-1.779285, 48.188995], [-1.779262, 48.188875], [-1.779398, 48.18853], [-1.779516, 48.188397], [-1.779552, 48.188239], [-1.779514, 48.188147], [-1.779298, 48.188135], [-1.779205, 48.188315], [-1.778952, 48.188263], [-1.778561, 48.188043], [-1.777647, 48.18805], [-1.77722, 48.18789], [-1.777103, 48.187806], [-1.777033, 48.187627], [-1.776609, 48.187398], [-1.776389, 48.187178], [-1.776242, 48.187201], [-1.774928, 48.187042], [-1.774852, 48.187411], [-1.773794, 48.187382], [-1.77309, 48.187316], [-1.772678, 48.187252], [-1.771616, 48.187025], [-1.770627, 48.186871], [-1.770211, 48.18689], [-1.770025, 48.186873], [-1.769095, 48.186706], [-1.767531, 48.186386], [-1.767637, 48.185989], [-1.766138, 48.185815], [-1.765408, 48.185772], [-1.765089, 48.185722], [-1.764964, 48.185662], [-1.764931, 48.185846], [-1.764919, 48.186222], [-1.764967, 48.186434], [-1.765109, 48.186869], [-1.765286, 48.186916], [-1.765286, 48.187016], [-1.764695, 48.186929], [-1.763868, 48.186825], [-1.762564, 48.186678], [-1.761904, 48.18665], [-1.761279, 48.18658], [-1.76025, 48.18655], [-1.759798, 48.186581], [-1.75909, 48.186689], [-1.758919, 48.186763], [-1.758774, 48.186881], [-1.75821, 48.187164], [-1.75807, 48.187274], [-1.757644, 48.187517], [-1.757238, 48.187824], [-1.756951, 48.187898], [-1.756625, 48.187849], [-1.7564, 48.187789], [-1.75626, 48.18803], [-1.7559, 48.188943], [-1.755696, 48.189233], [-1.755289, 48.189665], [-1.755041, 48.190085], [-1.754748, 48.190696], [-1.754332, 48.190661], [-1.753903, 48.190581], [-1.753471, 48.190466], [-1.753388, 48.190333], [-1.751524, 48.190731], [-1.75102, 48.190815], [-1.751009, 48.191393], [-1.750623, 48.191343], [-1.750136, 48.191326], [-1.750245, 48.192588], [-1.749813, 48.192542], [-1.749441, 48.192548], [-1.748604, 48.19251], [-1.748515, 48.193799], [-1.748186, 48.193771], [-1.748034, 48.194151], [-1.747711, 48.193929], [-1.747325, 48.194152], [-1.747031, 48.194374], [-1.746877, 48.194453], [-1.746526, 48.19447], [-1.746259, 48.194351], [-1.743821, 48.192964], [-1.742308, 48.192165], [-1.740308, 48.191078], [-1.73971, 48.191466], [-1.739486, 48.191627], [-1.738035, 48.191632], [-1.737899, 48.192309], [-1.73526, 48.192483], [-1.734822, 48.19253], [-1.734678, 48.192361], [-1.734085, 48.192434], [-1.733488, 48.192452], [-1.732776, 48.192447], [-1.732607, 48.192322], [-1.73159, 48.192233], [-1.730668, 48.192443], [-1.729648, 48.192702], [-1.729486, 48.192444], [-1.729212, 48.191912], [-1.728992, 48.191595], [-1.728906, 48.191428], [-1.72851, 48.19079], [-1.728181, 48.1902], [-1.727189, 48.188491], [-1.726521, 48.187313], [-1.726111, 48.186673], [-1.726038, 48.186518], [-1.725501, 48.185644], [-1.724885, 48.184549], [-1.724603, 48.183893], [-1.724063, 48.182565], [-1.723865, 48.182009], [-1.723096, 48.182464], [-1.722398, 48.18279], [-1.72159, 48.183142], [-1.721149, 48.18335], [-1.720693, 48.183527], [-1.720311, 48.183694], [-1.719598, 48.183956], [-1.719137, 48.184202], [-1.718744, 48.183615], [-1.718008, 48.182426], [-1.717881, 48.182345], [-1.7177, 48.182145], [-1.716932, 48.182469], [-1.716326, 48.182567], [-1.715852, 48.181948], [-1.71515, 48.182273], [-1.714416, 48.182259], [-1.714416, 48.182307], [-1.714229, 48.18291], [-1.712568, 48.183587], [-1.712876, 48.184862], [-1.712981, 48.185029], [-1.7132, 48.185274], [-1.712956, 48.185333], [-1.712982, 48.185431], [-1.713136, 48.185645], [-1.713229, 48.185903], [-1.711338, 48.186176], [-1.711345, 48.186326], [-1.710543, 48.186524], [-1.710538, 48.186603], [-1.710204, 48.186815], [-1.709852, 48.18668], [-1.709733, 48.186576], [-1.709697, 48.186461], [-1.708163, 48.18661], [-1.708127, 48.186686], [-1.70772, 48.186867], [-1.707115, 48.186723], [-1.707038, 48.186476], [-1.707081, 48.186307], [-1.706257, 48.185886], [-1.705735, 48.185641], [-1.705578, 48.185618], [-1.704853, 48.185199], [-1.704904, 48.184945], [-1.704779, 48.184649], [-1.704623, 48.184363], [-1.704359, 48.184067], [-1.703865, 48.183606], [-1.70355, 48.18349], [-1.703329, 48.183338], [-1.702993, 48.183159], [-1.702794, 48.18308], [-1.70239, 48.183009], [-1.702243, 48.182509], [-1.70215, 48.182255], [-1.702071, 48.181899], [-1.701294, 48.181875], [-1.700717, 48.181759], [-1.699211, 48.181495], [-1.698583, 48.181362], [-1.696982, 48.181074], [-1.697, 48.181232], [-1.696947, 48.181653], [-1.696682, 48.182655], [-1.696489, 48.183346], [-1.696189, 48.184184], [-1.695973, 48.184498], [-1.695407, 48.185184], [-1.695222, 48.185456], [-1.694932, 48.185829], [-1.6942, 48.186498], [-1.694034, 48.186732], [-1.693981, 48.18696], [-1.693536, 48.186967], [-1.692455, 48.186756], [-1.69235, 48.187018], [-1.691899, 48.186972], [-1.691701, 48.187468], [-1.69144, 48.188277], [-1.691306, 48.188519], [-1.691138, 48.188938], [-1.690607, 48.190187], [-1.690476, 48.190438], [-1.689712, 48.190403], [-1.689409, 48.190372], [-1.688617, 48.190177], [-1.688259, 48.1901], [-1.687374, 48.189856], [-1.687036, 48.189801], [-1.686868, 48.190306], [-1.686664, 48.190755], [-1.686443, 48.191139], [-1.685775, 48.191138], [-1.685611, 48.1915], [-1.685353, 48.191858], [-1.685298, 48.192017], [-1.6851, 48.192311], [-1.684872, 48.192471], [-1.68447, 48.192863], [-1.684246, 48.193107], [-1.683903, 48.193521], [-1.683251, 48.194367], [-1.682679, 48.195021], [-1.682524, 48.195301], [-1.682298, 48.195628], [-1.682171, 48.195927], [-1.682214, 48.196146], [-1.682034, 48.196293], [-1.680992, 48.196664], [-1.679462, 48.197169], [-1.677998, 48.1977], [-1.677783, 48.197723], [-1.676208, 48.198357], [-1.676301, 48.198483], [-1.676383, 48.198851], [-1.676307, 48.199241], [-1.676034, 48.200095], [-1.675956, 48.200598], [-1.67532, 48.200595], [-1.674965, 48.200613], [-1.674831, 48.200584], [-1.674604, 48.200617], [-1.674313, 48.201153], [-1.673994, 48.201141], [-1.673396, 48.20116], [-1.673328, 48.201092], [-1.672969, 48.201089], [-1.672839, 48.201023], [-1.672648, 48.201044], [-1.672386, 48.201131], [-1.67198, 48.200992], [-1.671975, 48.200894], [-1.67187, 48.200785], [-1.671689, 48.200717], [-1.671229, 48.200655], [-1.670815, 48.200628], [-1.670582, 48.200638], [-1.670143, 48.200608], [-1.669938, 48.200621], [-1.669704, 48.20069], [-1.669465, 48.200703], [-1.669178, 48.200762], [-1.668732, 48.20079], [-1.668551, 48.200649], [-1.668413, 48.200709], [-1.66816, 48.200576], [-1.667841, 48.200579], [-1.667463, 48.200502], [-1.666826, 48.200431], [-1.666629, 48.200461], [-1.66637, 48.200383], [-1.665945, 48.200366], [-1.665742, 48.200311], [-1.665164, 48.2003], [-1.664877, 48.200198], [-1.66429, 48.200023], [-1.663329, 48.199766], [-1.662624, 48.199545], [-1.662094, 48.199415], [-1.661923, 48.199789], [-1.662805, 48.200003], [-1.663183, 48.200188], [-1.663027, 48.200755], [-1.662964, 48.20131], [-1.663091, 48.201343], [-1.662977, 48.201688], [-1.662826, 48.201948], [-1.661889, 48.202652], [-1.661676, 48.203094], [-1.661322, 48.203374], [-1.661108, 48.203609], [-1.66098, 48.20384], [-1.660566, 48.203842], [-1.659447, 48.203884], [-1.658568, 48.203875], [-1.658144, 48.203845], [-1.65811, 48.204125], [-1.65798, 48.204453], [-1.657857, 48.204628], [-1.657716, 48.205112], [-1.657566, 48.205362], [-1.657454, 48.205759], [-1.657016, 48.207013], [-1.656963, 48.207054], [-1.656952, 48.207237], [-1.657056, 48.207485], [-1.65728, 48.207624], [-1.657366, 48.207772], [-1.657348, 48.208137], [-1.657307, 48.20849], [-1.65717, 48.209126], [-1.657123, 48.20977], [-1.657126, 48.210079], [-1.657132, 48.210318], [-1.657085, 48.210616], [-1.656783, 48.211167], [-1.656621, 48.211516], [-1.656495, 48.211498], [-1.656381, 48.211731], [-1.656113, 48.21214], [-1.655829, 48.212448], [-1.655565, 48.212861], [-1.65537, 48.213297], [-1.654868, 48.214105], [-1.654666, 48.214533], [-1.65453, 48.214928], [-1.654513, 48.215215], [-1.65439, 48.215224], [-1.654318, 48.215722], [-1.654298, 48.216624], [-1.654218, 48.217005], [-1.654254, 48.217515], [-1.654204, 48.217744], [-1.653921, 48.218122], [-1.653613, 48.218465], [-1.652535, 48.219576], [-1.651761, 48.220311], [-1.651447, 48.220675], [-1.6512, 48.221123], [-1.651031, 48.221573], [-1.650915, 48.222048], [-1.650857, 48.222472], [-1.650761, 48.222793], [-1.65055, 48.223262], [-1.650352, 48.223619], [-1.649325, 48.225246], [-1.649187, 48.225456], [-1.648026, 48.227022], [-1.647489, 48.227587], [-1.646369, 48.230117], [-1.645994, 48.230837], [-1.64526, 48.232494], [-1.645151, 48.23283], [-1.645011, 48.233069], [-1.645372, 48.233488], [-1.644986, 48.233658], [-1.644831, 48.233777], [-1.644539, 48.234251], [-1.645006, 48.234461], [-1.645373, 48.234665], [-1.645618, 48.234837], [-1.645777, 48.235037], [-1.64585, 48.235393], [-1.64596, 48.235579], [-1.646622, 48.236125], [-1.646884, 48.236251], [-1.647121, 48.236432], [-1.647232, 48.236943], [-1.647124, 48.237319], [-1.646874, 48.23745], [-1.646891, 48.237817], [-1.646828, 48.23803], [-1.646822, 48.238254], [-1.646314, 48.238526], [-1.646294, 48.238768], [-1.646117, 48.238895], [-1.645817, 48.238854], [-1.645644, 48.238883], [-1.645565, 48.238966], [-1.645656, 48.23914], [-1.64565, 48.239363], [-1.645684, 48.239587], [-1.645594, 48.239925], [-1.645669, 48.240061], [-1.645532, 48.240261], [-1.644506, 48.240212], [-1.644471, 48.240587], [-1.644288, 48.241805], [-1.644231, 48.242061], [-1.644142, 48.242125], [-1.643863, 48.242829], [-1.643363, 48.243974], [-1.644587, 48.244175], [-1.645289, 48.244572], [-1.645128, 48.245119], [-1.644263, 48.246147], [-1.643873, 48.246341], [-1.64308, 48.246548], [-1.642584, 48.247104], [-1.641999, 48.248294], [-1.641816, 48.249246], [-1.641884, 48.250144], [-1.642207, 48.250853], [-1.642339, 48.251704], [-1.644115, 48.252201], [-1.644253, 48.252682], [-1.644218, 48.252908], [-1.643979, 48.253685], [-1.643838, 48.253972], [-1.643593, 48.25424], [-1.643339, 48.254125], [-1.643055, 48.254072], [-1.641774, 48.253997], [-1.641605, 48.254007], [-1.641554, 48.254104], [-1.641413, 48.254139], [-1.640795, 48.254144], [-1.640553, 48.25418], [-1.640215, 48.254372], [-1.639933, 48.25445], [-1.639189, 48.25443], [-1.638507, 48.254318], [-1.635687, 48.254208], [-1.635396, 48.254124], [-1.63458, 48.253926], [-1.634335, 48.253916], [-1.634188, 48.253877], [-1.633206, 48.253741], [-1.631813, 48.253338], [-1.632034, 48.2527], [-1.632415, 48.252372], [-1.632774, 48.251775], [-1.632715, 48.251327], [-1.63275, 48.250814], [-1.632677, 48.250603], [-1.632474, 48.250275], [-1.632359, 48.25013], [-1.632328, 48.249857], [-1.632382, 48.249268], [-1.632253, 48.24906], [-1.631154, 48.248637], [-1.630767, 48.248602], [-1.630693, 48.248515], [-1.629754, 48.247684], [-1.62924, 48.247214], [-1.629201, 48.246946], [-1.629217, 48.246809], [-1.629331, 48.246535], [-1.62929, 48.245996], [-1.62921, 48.245819], [-1.628622, 48.245031], [-1.628258, 48.245098], [-1.627875, 48.245206], [-1.626936, 48.245109], [-1.626577, 48.245019], [-1.625559, 48.244665], [-1.625173, 48.244501], [-1.624719, 48.244331], [-1.623725, 48.244138], [-1.623789, 48.243785], [-1.623753, 48.243682], [-1.623441, 48.243418], [-1.623063, 48.243143], [-1.622327, 48.242703], [-1.6219, 48.242516], [-1.62195, 48.242238], [-1.621924, 48.242137], [-1.621273, 48.242069], [-1.620618, 48.241834], [-1.620191, 48.241702], [-1.620457, 48.241289], [-1.620591, 48.241037], [-1.620857, 48.240349], [-1.620966, 48.239926], [-1.621076, 48.2396], [-1.6211, 48.239252], [-1.621032, 48.238215], [-1.62108, 48.237867], [-1.621183, 48.237603], [-1.621576, 48.236973], [-1.621694, 48.236701], [-1.621776, 48.236345], [-1.621974, 48.234485], [-1.622231, 48.231732], [-1.622414, 48.230184], [-1.622503, 48.229024], [-1.622585, 48.228067], [-1.62279, 48.226494], [-1.622874, 48.225177], [-1.623125, 48.222322], [-1.623329, 48.220084], [-1.623458, 48.21918], [-1.623533, 48.218112], [-1.623696, 48.216576], [-1.62376, 48.215755], [-1.623917, 48.214102], [-1.623981, 48.213363], [-1.624078, 48.212554], [-1.624135, 48.212219], [-1.624193, 48.211663], [-1.624329, 48.211135], [-1.62458, 48.210362], [-1.624666, 48.209898], [-1.62489, 48.209024], [-1.625075, 48.208395], [-1.625471, 48.207508], [-1.625554, 48.207256], [-1.625722, 48.206548], [-1.625844, 48.206321], [-1.626058, 48.20603], [-1.625371, 48.205751], [-1.624886, 48.205572], [-1.623856, 48.205135], [-1.623481, 48.204854], [-1.623186, 48.204592], [-1.62304, 48.204411], [-1.622836, 48.204221], [-1.62273, 48.204182], [-1.622278, 48.204309], [-1.622102, 48.204276], [-1.62186, 48.203992], [-1.621665, 48.203641], [-1.621479, 48.203523], [-1.621225, 48.20344], [-1.620672, 48.203311], [-1.620395, 48.203218], [-1.620227, 48.203113], [-1.620125, 48.202932], [-1.619704, 48.202987], [-1.619486, 48.202965], [-1.618936, 48.202748], [-1.618589, 48.202805], [-1.618261, 48.202736], [-1.617991, 48.202741], [-1.617618, 48.202845], [-1.617249, 48.202887], [-1.616888, 48.202978], [-1.616519, 48.203154], [-1.616166, 48.203372], [-1.615882, 48.203485], [-1.615257, 48.203591], [-1.614987, 48.203677], [-1.614759, 48.203797], [-1.614549, 48.203837], [-1.613952, 48.203897], [-1.61376, 48.204014], [-1.613642, 48.204407], [-1.613512, 48.204558], [-1.613287, 48.204648], [-1.612674, 48.204811], [-1.612603, 48.204848], [-1.61217, 48.204535], [-1.611537, 48.2038], [-1.611143, 48.203289], [-1.610877, 48.202898], [-1.610793, 48.202732], [-1.610525, 48.202347], [-1.610352, 48.2024], [-1.609696, 48.202661], [-1.608983, 48.202208], [-1.608734, 48.201985], [-1.608527, 48.201978], [-1.608291, 48.201849], [-1.607656, 48.201747], [-1.607261, 48.201715], [-1.607256, 48.201599], [-1.607352, 48.201355], [-1.606333, 48.200918], [-1.605268, 48.200572], [-1.604272, 48.200354], [-1.604451, 48.199971], [-1.604368, 48.199988], [-1.604128, 48.199927], [-1.603738, 48.199766], [-1.603206, 48.199501], [-1.602464, 48.199324], [-1.60167, 48.199199], [-1.601221, 48.199172], [-1.601313, 48.199477], [-1.60084, 48.199455], [-1.60083, 48.199489], [-1.599907, 48.199418], [-1.599976, 48.198995], [-1.598316, 48.198799], [-1.597611, 48.199667], [-1.59717, 48.200236], [-1.59662, 48.200965], [-1.596483, 48.201116], [-1.596135, 48.201593], [-1.59581, 48.20211], [-1.595096, 48.20313], [-1.594895, 48.203511], [-1.594454, 48.204095], [-1.59432, 48.204249], [-1.594055, 48.204718], [-1.593819, 48.204981], [-1.593664, 48.205367], [-1.593281, 48.206017], [-1.592796, 48.206926], [-1.592472, 48.207741], [-1.5924, 48.207975], [-1.592038, 48.208806], [-1.591635, 48.20966], [-1.591453, 48.210168], [-1.59113, 48.210979], [-1.590967, 48.211244], [-1.591022, 48.211527], [-1.591083, 48.212209], [-1.591097, 48.212869], [-1.590998, 48.214284], [-1.590391, 48.214286], [-1.589568, 48.214244], [-1.588664, 48.214258], [-1.588367, 48.21428], [-1.587718, 48.214363], [-1.587364, 48.214388], [-1.587212, 48.214346], [-1.586389, 48.214911], [-1.58601, 48.215081], [-1.586052, 48.215239], [-1.586031, 48.215662], [-1.58599, 48.215842], [-1.585884, 48.215844], [-1.585867, 48.216091], [-1.585986, 48.217077], [-1.586023, 48.217595], [-1.585798, 48.217524], [-1.584891, 48.217359], [-1.584287, 48.217191], [-1.583233, 48.217075], [-1.582708, 48.217042], [-1.582228, 48.216919], [-1.582189, 48.21721], [-1.581937, 48.218355], [-1.581865, 48.218588], [-1.581482, 48.219636], [-1.581416, 48.219696], [-1.581248, 48.220653], [-1.581148, 48.221519], [-1.580358, 48.222201], [-1.579667, 48.22288], [-1.579595, 48.22301], [-1.579429, 48.223134], [-1.579182, 48.223225], [-1.579201, 48.223382], [-1.578389, 48.224005], [-1.578037, 48.224208], [-1.577932, 48.224402], [-1.57748, 48.224629], [-1.577395, 48.224844], [-1.577285, 48.224935], [-1.577014, 48.225006], [-1.576915, 48.225066], [-1.57689, 48.225199], [-1.577001, 48.225384], [-1.576899, 48.225643], [-1.577052, 48.225944], [-1.576991, 48.226207], [-1.577029, 48.226312], [-1.577213, 48.226465], [-1.577227, 48.226637], [-1.577399, 48.227081], [-1.577717, 48.227606], [-1.577781, 48.227833], [-1.577791, 48.228504], [-1.577751, 48.228695], [-1.577392, 48.229458], [-1.57681, 48.230802], [-1.576941, 48.230843], [-1.576457, 48.231396], [-1.576106, 48.231286], [-1.574993, 48.231014], [-1.573615, 48.230603], [-1.57311, 48.230464], [-1.572715, 48.230388], [-1.572122, 48.230346], [-1.571706, 48.230296], [-1.571229, 48.230216], [-1.570606, 48.230165], [-1.569817, 48.230063], [-1.568435, 48.229675], [-1.567259, 48.22933], [-1.566577, 48.229104], [-1.565965, 48.228882], [-1.564297, 48.228214], [-1.563021, 48.227796], [-1.562425, 48.227542], [-1.561414, 48.227042], [-1.560018, 48.226404], [-1.559252, 48.226029], [-1.558834, 48.22578], [-1.558664, 48.225646], [-1.558247, 48.225406], [-1.55771, 48.22523], [-1.557443, 48.225118], [-1.556308, 48.224693], [-1.554704, 48.224047], [-1.554669, 48.224016], [-1.555009, 48.22341], [-1.555921, 48.222255], [-1.55634, 48.221799], [-1.55655, 48.221652], [-1.556569, 48.221484], [-1.556298, 48.221422], [-1.556191, 48.220841], [-1.555989, 48.220007], [-1.555972, 48.2195], [-1.555677, 48.2191], [-1.555516, 48.218718], [-1.55547, 48.218489], [-1.555515, 48.218238], [-1.555657, 48.217867], [-1.555886, 48.217409], [-1.556094, 48.2172], [-1.556314, 48.216905], [-1.556919, 48.215772], [-1.557281, 48.215228], [-1.557544, 48.214918], [-1.557465, 48.214757], [-1.557154, 48.214511], [-1.556817, 48.214307], [-1.556121, 48.21404], [-1.555333, 48.213832], [-1.556999, 48.21209], [-1.557417, 48.211677], [-1.557542, 48.211639], [-1.558027, 48.211694], [-1.558291, 48.211754], [-1.559184, 48.212004], [-1.559417, 48.212019], [-1.560415, 48.21147], [-1.561249, 48.211078], [-1.561597, 48.210891], [-1.562036, 48.210697], [-1.562669, 48.210471], [-1.562433, 48.210031], [-1.56207, 48.209592], [-1.561853, 48.209403], [-1.561595, 48.209234], [-1.561394, 48.209156], [-1.560235, 48.209141], [-1.560229, 48.209038], [-1.560378, 48.208861], [-1.560634, 48.208633], [-1.560852, 48.208485], [-1.561841, 48.208174], [-1.562192, 48.208094], [-1.562706, 48.208103], [-1.563133, 48.208163], [-1.563428, 48.208244], [-1.563652, 48.208381], [-1.563874, 48.208567], [-1.564358, 48.208893], [-1.564508, 48.209032], [-1.564504, 48.20947], [-1.564428, 48.209919], [-1.564275, 48.210454], [-1.564208, 48.210768], [-1.564273, 48.211199], [-1.56437, 48.211441], [-1.564723, 48.211983], [-1.564808, 48.212075], [-1.565339, 48.212323], [-1.565661, 48.212412], [-1.565883, 48.212501], [-1.566756, 48.21274], [-1.566977, 48.212197], [-1.567139, 48.211692], [-1.56723, 48.211551], [-1.567488, 48.211248], [-1.56763, 48.211191], [-1.567788, 48.211218], [-1.567929, 48.211303], [-1.568098, 48.211559], [-1.568435, 48.211669], [-1.568818, 48.211841], [-1.569038, 48.211965], [-1.569346, 48.212194], [-1.569568, 48.212447], [-1.570119, 48.212735], [-1.570458, 48.212694], [-1.570326, 48.21244], [-1.570015, 48.211924], [-1.569866, 48.211395], [-1.569804, 48.21015], [-1.569837, 48.210039], [-1.569831, 48.209757], [-1.569753, 48.209494], [-1.569747, 48.20922], [-1.569277, 48.20887], [-1.569451, 48.208408], [-1.569486, 48.20794], [-1.569432, 48.207609], [-1.569389, 48.207177], [-1.568254, 48.206967], [-1.567662, 48.206838], [-1.567859, 48.205477], [-1.567963, 48.205036], [-1.568569, 48.205014], [-1.569522, 48.204886], [-1.569904, 48.204751], [-1.570123, 48.204597], [-1.570578, 48.204052], [-1.570963, 48.203503], [-1.571301, 48.202871], [-1.571399, 48.202472], [-1.571427, 48.201763], [-1.571674, 48.201711], [-1.572007, 48.201563], [-1.572334, 48.201385], [-1.572584, 48.201206], [-1.572315, 48.200794], [-1.57255, 48.20061], [-1.572959, 48.20036], [-1.573856, 48.199703], [-1.574639, 48.199158], [-1.575151, 48.198789], [-1.575442, 48.198547], [-1.575961, 48.198065], [-1.576213, 48.197795], [-1.577407, 48.196733], [-1.578133, 48.196261], [-1.578656, 48.195883], [-1.579103, 48.195527], [-1.580075, 48.195542], [-1.580971, 48.195578], [-1.58119, 48.195476], [-1.581558, 48.195492], [-1.582314, 48.195408], [-1.583316, 48.195335], [-1.58356, 48.195327], [-1.584377, 48.195389], [-1.585182, 48.195516], [-1.585704, 48.195569], [-1.586228, 48.19565], [-1.586758, 48.195689], [-1.587825, 48.195821], [-1.588945, 48.195927], [-1.593029, 48.196437], [-1.593772, 48.196548], [-1.595139, 48.19669], [-1.595935, 48.196817], [-1.598241, 48.197064], [-1.599577, 48.197198], [-1.600565, 48.196057], [-1.602341, 48.193865], [-1.603126, 48.192863], [-1.603508, 48.192426], [-1.604675, 48.190927], [-1.605518, 48.189927], [-1.605887, 48.189445], [-1.606314, 48.189059], [-1.607401, 48.188008], [-1.608785, 48.186711], [-1.609811, 48.185697], [-1.610489, 48.185113], [-1.611329, 48.18458], [-1.611553, 48.184426], [-1.612895, 48.183572], [-1.612076, 48.183049], [-1.611998, 48.182988], [-1.612888, 48.181786], [-1.613276, 48.181282], [-1.613302, 48.181215], [-1.613067, 48.181148], [-1.614412, 48.179357], [-1.614295, 48.17936], [-1.612877, 48.17936], [-1.611185, 48.179439], [-1.610343, 48.179507], [-1.609836, 48.179654], [-1.609567, 48.179713], [-1.609289, 48.179727], [-1.609019, 48.179685], [-1.608838, 48.179575], [-1.608373, 48.17914], [-1.607846, 48.178528], [-1.607271, 48.17793], [-1.60672, 48.177315], [-1.606005, 48.177505], [-1.605068, 48.177839], [-1.604546, 48.177994], [-1.603588, 48.178302], [-1.603074, 48.178447], [-1.602911, 48.178509], [-1.6022, 48.178716], [-1.60094, 48.179109], [-1.600311, 48.179213], [-1.597729, 48.179297], [-1.596795, 48.179341], [-1.595336, 48.179391], [-1.594938, 48.179433], [-1.595009, 48.179274], [-1.595641, 48.178142], [-1.596155, 48.176803], [-1.596264, 48.176585], [-1.596451, 48.176103], [-1.596565, 48.175896], [-1.5967, 48.175499], [-1.596737, 48.17526], [-1.596728, 48.174802], [-1.596667, 48.174303], [-1.596578, 48.173817], [-1.596405, 48.172397], [-1.596047, 48.169593], [-1.596026, 48.16908], [-1.596058, 48.169043], [-1.595731, 48.168725], [-1.593929, 48.166645], [-1.593561, 48.166296], [-1.593081, 48.165891], [-1.592473, 48.165422], [-1.591563, 48.165987], [-1.591295, 48.166182], [-1.590929, 48.166413], [-1.589923, 48.167102], [-1.589536, 48.167331], [-1.58808, 48.16828], [-1.587765, 48.168215], [-1.58759, 48.168125], [-1.587519, 48.16799], [-1.587219, 48.16794], [-1.586405, 48.1681], [-1.585665, 48.168314], [-1.585417, 48.168404], [-1.584903, 48.168552], [-1.584632, 48.168568], [-1.583776, 48.168743], [-1.583251, 48.168831], [-1.582593, 48.168996], [-1.582412, 48.168963], [-1.582337, 48.168803], [-1.58206, 48.167884], [-1.581866, 48.167369], [-1.581624, 48.167053], [-1.581556, 48.1669], [-1.580882, 48.167321], [-1.580366, 48.167709], [-1.580416, 48.167868], [-1.579325, 48.169111], [-1.578531, 48.169028], [-1.576789, 48.168953], [-1.576312, 48.168989], [-1.575263, 48.168724], [-1.574845, 48.168596], [-1.574557, 48.168444], [-1.573031, 48.169503], [-1.57212, 48.170153], [-1.571466, 48.17064], [-1.571334, 48.170713], [-1.569777, 48.171826], [-1.569308, 48.171264], [-1.56904, 48.171057], [-1.568818, 48.170981], [-1.567987, 48.170781], [-1.567744, 48.170741], [-1.567176, 48.170707], [-1.566394, 48.170759], [-1.564202, 48.170856], [-1.562925, 48.170931], [-1.559463, 48.171096], [-1.558702, 48.171122], [-1.557925, 48.171175], [-1.555225, 48.17124], [-1.553447, 48.171249], [-1.553233, 48.171159], [-1.555303, 48.169898], [-1.558454, 48.16799], [-1.559084, 48.1676], [-1.559814, 48.167166], [-1.560344, 48.166828], [-1.559986, 48.166882], [-1.559342, 48.166951], [-1.558305, 48.166877], [-1.557738, 48.166793], [-1.557027, 48.166711], [-1.556286, 48.166568], [-1.555736, 48.166424], [-1.554624, 48.166], [-1.554134, 48.165737], [-1.553389, 48.165288], [-1.553124, 48.165147], [-1.552813, 48.165075], [-1.551552, 48.164575], [-1.551117, 48.164309], [-1.55087, 48.164068], [-1.550515, 48.163833], [-1.55042, 48.163692], [-1.549963, 48.163286], [-1.549451, 48.162928], [-1.549337, 48.162811], [-1.549264, 48.162837], [-1.549868, 48.163747], [-1.549721, 48.163751], [-1.547348, 48.163667], [-1.547255, 48.163675], [-1.546758, 48.163821], [-1.546539, 48.163947], [-1.544735, 48.164713], [-1.543746, 48.165157], [-1.542675, 48.165582], [-1.542077, 48.165846], [-1.541115, 48.166242], [-1.540545, 48.166545], [-1.540308, 48.166713], [-1.539521, 48.167146], [-1.539067, 48.167484], [-1.538226, 48.168023], [-1.53762, 48.168384], [-1.537405, 48.168547], [-1.536449, 48.169152], [-1.536212, 48.169278], [-1.535948, 48.169374], [-1.53482, 48.16951], [-1.534306, 48.169592], [-1.532964, 48.169873], [-1.53247, 48.170057], [-1.532142, 48.170158], [-1.53124, 48.170345], [-1.529387, 48.170772], [-1.528716, 48.170977], [-1.527797, 48.171358], [-1.5275, 48.17144], [-1.526747, 48.171588], [-1.524109, 48.172087], [-1.523303, 48.172213], [-1.523209, 48.172047], [-1.522608, 48.17179], [-1.522381, 48.171712], [-1.521931, 48.17151], [-1.520649, 48.17103], [-1.520332, 48.170788], [-1.520031, 48.170484], [-1.519841, 48.170333], [-1.519748, 48.170334], [-1.519462, 48.170472], [-1.519194, 48.170513], [-1.518386, 48.170502], [-1.517264, 48.17052], [-1.517251, 48.170447], [-1.516873, 48.170422], [-1.515738, 48.170411], [-1.515364, 48.170387], [-1.514998, 48.170392], [-1.514551, 48.170426], [-1.514101, 48.170555], [-1.513883, 48.170446], [-1.513446, 48.170409], [-1.512706, 48.170458], [-1.512346, 48.170376], [-1.512023, 48.170209], [-1.511696, 48.170082], [-1.510695, 48.169761], [-1.509731, 48.169491], [-1.509139, 48.169264], [-1.508448, 48.169048], [-1.507621, 48.168818], [-1.507428, 48.16878], [-1.505851, 48.168148], [-1.505656, 48.16827], [-1.505454, 48.168463], [-1.505329, 48.168531], [-1.504944, 48.168571], [-1.50463, 48.168724], [-1.504426, 48.168972], [-1.504296, 48.169042], [-1.503748, 48.169231], [-1.503649, 48.169337], [-1.503573, 48.169725], [-1.503463, 48.169824], [-1.50303, 48.170092], [-1.50288, 48.170257], [-1.502814, 48.170511], [-1.50263, 48.170691], [-1.502358, 48.170719], [-1.501867, 48.170733], [-1.501177, 48.170997], [-1.501103, 48.17108], [-1.50117, 48.171284], [-1.501111, 48.17139], [-1.500979, 48.171472], [-1.500817, 48.171501], [-1.500668, 48.171467], [-1.500505, 48.17151], [-1.500388, 48.171595], [-1.500344, 48.171861], [-1.500287, 48.172004], [-1.499992, 48.172368], [-1.499837, 48.172465], [-1.499385, 48.17255], [-1.499077, 48.172646], [-1.498927, 48.172741], [-1.498788, 48.173053], [-1.498698, 48.173154], [-1.498547, 48.173431], [-1.498416, 48.173568], [-1.498006, 48.173114], [-1.497759, 48.172806], [-1.497252, 48.172309], [-1.497017, 48.172048], [-1.496731, 48.171808], [-1.496709, 48.171731], [-1.496556, 48.171696], [-1.496481, 48.17155], [-1.496096, 48.171362], [-1.495954, 48.171368], [-1.49581, 48.171485], [-1.495698, 48.171658], [-1.49549, 48.171412], [-1.495143, 48.170905], [-1.494639, 48.170266], [-1.494508, 48.170123], [-1.494161, 48.169837], [-1.493944, 48.169748], [-1.493664, 48.169697], [-1.492913, 48.169613], [-1.492401, 48.169508], [-1.492195, 48.169416], [-1.491445, 48.168926], [-1.491041, 48.168643], [-1.490541, 48.168341], [-1.490442, 48.168299], [-1.489535, 48.168694], [-1.488961, 48.168969], [-1.488847, 48.16896], [-1.488216, 48.168682], [-1.488229, 48.168274], [-1.488266, 48.167868], [-1.488365, 48.167435], [-1.488426, 48.167267], [-1.488444, 48.166892], [-1.48745, 48.166359], [-1.484804, 48.165047], [-1.484244, 48.165031], [-1.483464, 48.16497], [-1.483181, 48.164984], [-1.483363, 48.165493], [-1.483488, 48.165771], [-1.483632, 48.166333], [-1.483783, 48.167126], [-1.483818, 48.167451], [-1.483242, 48.16737], [-1.482777, 48.167329], [-1.482006, 48.167315], [-1.481484, 48.167211], [-1.480295, 48.167043], [-1.47989, 48.167032], [-1.479411, 48.166949], [-1.479188, 48.165901], [-1.479101, 48.165179], [-1.479271, 48.165052], [-1.478964, 48.164415], [-1.47832, 48.163396], [-1.477935, 48.162854], [-1.477824, 48.162753], [-1.477423, 48.162714], [-1.476773, 48.162527], [-1.476544, 48.162485], [-1.475868, 48.162321], [-1.475163, 48.16219], [-1.474721, 48.162082], [-1.473777, 48.161906], [-1.472429, 48.161563], [-1.472511, 48.161013], [-1.472692, 48.160279], [-1.472907, 48.159249], [-1.472965, 48.158842], [-1.472973, 48.158623], [-1.472604, 48.158207], [-1.472332, 48.157842], [-1.471675, 48.156752], [-1.471181, 48.156012], [-1.470985, 48.155622], [-1.470778, 48.155305], [-1.470431, 48.15471], [-1.470209, 48.154362], [-1.470122, 48.154179], [-1.469386, 48.152999], [-1.469338, 48.152822], [-1.469172, 48.152523], [-1.4685, 48.151643], [-1.468255, 48.151477], [-1.468503, 48.151286], [-1.468778, 48.150981], [-1.469198, 48.150643], [-1.469423, 48.150492], [-1.469658, 48.150258], [-1.469882, 48.150075], [-1.470887, 48.149412], [-1.471493, 48.149055], [-1.471402, 48.148822], [-1.471479, 48.148243], [-1.471521, 48.148117], [-1.472147, 48.147863], [-1.472682, 48.147861], [-1.472959, 48.147842], [-1.473166, 48.148039], [-1.473442, 48.148085], [-1.473929, 48.147819], [-1.474135, 48.14776], [-1.474177, 48.147686], [-1.473999, 48.147542], [-1.473967, 48.147422], [-1.474023, 48.147338], [-1.474308, 48.147199], [-1.474483, 48.14715], [-1.475022, 48.147168], [-1.475817, 48.147096], [-1.475933, 48.147051], [-1.476035, 48.146838], [-1.476516, 48.146663], [-1.476739, 48.146562], [-1.477044, 48.146463], [-1.477751, 48.146046], [-1.478297, 48.145658], [-1.478634, 48.145439], [-1.479383, 48.144995], [-1.47978, 48.144821], [-1.481425, 48.144611], [-1.481697, 48.144611], [-1.48193, 48.144542], [-1.482248, 48.144519], [-1.482965, 48.144617], [-1.483453, 48.144624], [-1.483597, 48.144602], [-1.483781, 48.144475], [-1.484015, 48.144405], [-1.484385, 48.144359], [-1.484601, 48.144149], [-1.48461, 48.143875], [-1.484785, 48.143739], [-1.484825, 48.143623], [-1.484816, 48.143435], [-1.484882, 48.143309], [-1.484888, 48.142969], [-1.484939, 48.142749], [-1.485072, 48.14254], [-1.485635, 48.142076], [-1.485667, 48.141993], [-1.485607, 48.141762], [-1.485839, 48.141801], [-1.48607, 48.141649], [-1.486353, 48.141634], [-1.486812, 48.141643], [-1.487057, 48.141548], [-1.486904, 48.141142], [-1.486796, 48.140635], [-1.486811, 48.139906], [-1.486733, 48.139652], [-1.486363, 48.139246], [-1.485532, 48.138181], [-1.485389, 48.137974], [-1.485402, 48.137892], [-1.485286, 48.137757], [-1.485252, 48.137072], [-1.485131, 48.136539], [-1.484773, 48.135637], [-1.484732, 48.135358], [-1.484819, 48.135071], [-1.484848, 48.134661], [-1.484962, 48.134452], [-1.484861, 48.134276], [-1.484867, 48.134146], [-1.485124, 48.133337], [-1.485081, 48.133087], [-1.483212, 48.132888], [-1.482643, 48.132891], [-1.482095, 48.132944], [-1.481949, 48.132859], [-1.48242, 48.132809], [-1.482362, 48.132616], [-1.48236, 48.132324], [-1.482388, 48.131983], [-1.482299, 48.131779], [-1.481821, 48.131606], [-1.481911, 48.13124], [-1.482109, 48.13073], [-1.482272, 48.130265], [-1.482297, 48.130104], [-1.482529, 48.12976], [-1.482531, 48.12966], [-1.482456, 48.129262], [-1.48246, 48.128959], [-1.482495, 48.12882], [-1.48275, 48.128428], [-1.483008, 48.127884], [-1.483279, 48.127462], [-1.483525, 48.127215], [-1.484159, 48.126697], [-1.484463, 48.126422], [-1.484596, 48.126196], [-1.485048, 48.125677], [-1.485125, 48.125542], [-1.485224, 48.125079], [-1.485333, 48.124782], [-1.485465, 48.124315], [-1.485675, 48.123894], [-1.485871, 48.123614], [-1.486099, 48.123127], [-1.486349, 48.122793], [-1.486377, 48.12252], [-1.486282, 48.122295], [-1.486073, 48.122323], [-1.484383, 48.122134], [-1.484212, 48.122091], [-1.482856, 48.121834], [-1.482413, 48.121736], [-1.482187, 48.121706], [-1.481493, 48.121661], [-1.48119, 48.121614], [-1.481219, 48.12156], [-1.480295, 48.121411], [-1.480629, 48.121016], [-1.480825, 48.120467], [-1.481034, 48.119786], [-1.48115, 48.119352], [-1.481212, 48.118171], [-1.481216, 48.117536], [-1.481268, 48.116626], [-1.48126, 48.116058], [-1.481372, 48.115441], [-1.481411, 48.114979], [-1.481093, 48.114805], [-1.480734, 48.114558], [-1.480662, 48.114244], [-1.480598, 48.114172], [-1.480301, 48.114271], [-1.479722, 48.114371], [-1.479695, 48.114498], [-1.479535, 48.114528], [-1.479152, 48.114535], [-1.479042, 48.114479], [-1.478867, 48.114552], [-1.478473, 48.114625], [-1.478182, 48.114603], [-1.477988, 48.114503], [-1.477871, 48.114114], [-1.477726, 48.113969], [-1.477602, 48.113964], [-1.477245, 48.114152], [-1.477017, 48.114303], [-1.476852, 48.114467], [-1.476811, 48.114832], [-1.476896, 48.11505], [-1.476964, 48.115361], [-1.476845, 48.115696], [-1.476772, 48.115738], [-1.476156, 48.11584], [-1.475936, 48.115904], [-1.475711, 48.116018], [-1.475457, 48.116208], [-1.475155, 48.116366], [-1.475087, 48.116457], [-1.474806, 48.117025], [-1.474687, 48.117106], [-1.474443, 48.117149], [-1.474058, 48.117099], [-1.473873, 48.117022], [-1.473724, 48.116902], [-1.473024, 48.1162], [-1.472832, 48.116049], [-1.472512, 48.11596], [-1.472162, 48.115929], [-1.471625, 48.115963], [-1.471432, 48.116002], [-1.471327, 48.115604], [-1.471122, 48.115331], [-1.470844, 48.11505], [-1.470738, 48.114858], [-1.470661, 48.114807], [-1.470349, 48.114846], [-1.470191, 48.114921], [-1.469774, 48.114995], [-1.469197, 48.114865], [-1.469174, 48.114794], [-1.469214, 48.114408], [-1.469139, 48.114269], [-1.469177, 48.11396], [-1.468973, 48.113835], [-1.468657, 48.113825], [-1.468518, 48.113736], [-1.468682, 48.113454], [-1.46869, 48.113248], [-1.468798, 48.113057], [-1.468838, 48.11284], [-1.46892, 48.112656], [-1.468993, 48.112103], [-1.468897, 48.111843], [-1.469074, 48.111594], [-1.469137, 48.111401], [-1.469435, 48.111167], [-1.46934, 48.111013], [-1.469194, 48.111011], [-1.469158, 48.11084], [-1.468911, 48.110841], [-1.469121, 48.110606], [-1.469162, 48.110514], [-1.469106, 48.110401], [-1.468906, 48.110202], [-1.468647, 48.109827], [-1.468459, 48.109632], [-1.468333, 48.1094], [-1.468341, 48.109175], [-1.468166, 48.108788], [-1.468138, 48.108575], [-1.468204, 48.108467], [-1.468062, 48.108334], [-1.467923, 48.108106], [-1.467924, 48.107764], [-1.468019, 48.107614], [-1.4679, 48.10739], [-1.4679, 48.107295], [-1.468029, 48.10723], [-1.468285, 48.107196], [-1.46842, 48.107016], [-1.468373, 48.106868], [-1.468562, 48.106707], [-1.468563, 48.106552], [-1.468754, 48.106204], [-1.468528, 48.105998], [-1.468286, 48.105887], [-1.468217, 48.105518], [-1.467861, 48.105208], [-1.467636, 48.104853], [-1.46761, 48.104625], [-1.467914, 48.104403], [-1.467974, 48.10433], [-1.467937, 48.103942], [-1.467818, 48.103321], [-1.467555, 48.102675], [-1.467298, 48.10237], [-1.467293, 48.102135], [-1.46741, 48.101734], [-1.467615, 48.101442], [-1.467931, 48.100901], [-1.467976, 48.100683], [-1.467788, 48.100458], [-1.467762, 48.100378], [-1.467816, 48.100112], [-1.467781, 48.099967], [-1.467441, 48.099784], [-1.467344, 48.099619], [-1.467456, 48.099538], [-1.467399, 48.099414], [-1.467249, 48.099354], [-1.467321, 48.099222], [-1.467855, 48.098951], [-1.468297, 48.098792], [-1.468343, 48.098938], [-1.468461, 48.098936], [-1.469252, 48.098406], [-1.469327, 48.09825], [-1.469615, 48.097989], [-1.470088, 48.097665], [-1.47074, 48.09727], [-1.471273, 48.096874], [-1.471717, 48.096633], [-1.472003, 48.096452], [-1.472282, 48.096171], [-1.472418, 48.096095], [-1.472782, 48.096004], [-1.473109, 48.095877], [-1.47325, 48.095689], [-1.473383, 48.095612], [-1.473562, 48.095428], [-1.473759, 48.095376], [-1.473947, 48.095385], [-1.474758, 48.095278], [-1.474972, 48.09521], [-1.475135, 48.095097], [-1.475363, 48.094865], [-1.475491, 48.094791], [-1.475859, 48.094653], [-1.476143, 48.094476], [-1.476571, 48.094451], [-1.477209, 48.094321], [-1.477441, 48.094302], [-1.478532, 48.093877], [-1.478768, 48.093686], [-1.478854, 48.093576], [-1.479307, 48.093319], [-1.479362, 48.093192], [-1.479332, 48.093053], [-1.48, 48.092843], [-1.480201, 48.092741], [-1.480677, 48.09273], [-1.481112, 48.092583], [-1.481325, 48.092536], [-1.481537, 48.092867], [-1.481997, 48.093452], [-1.482132, 48.093737], [-1.482193, 48.09411], [-1.482126, 48.094275], [-1.482021, 48.094394], [-1.481938, 48.094598], [-1.481754, 48.0949], [-1.481858, 48.095123], [-1.48211, 48.095417], [-1.482394, 48.09585], [-1.482537, 48.096186], [-1.48258, 48.096395], [-1.48266, 48.096572], [-1.482784, 48.096737], [-1.483133, 48.096957], [-1.483785, 48.09722], [-1.484181, 48.097448], [-1.48459, 48.097771], [-1.484767, 48.097995], [-1.485423, 48.098574], [-1.485794, 48.098823], [-1.486293, 48.099238], [-1.486634, 48.099497], [-1.486735, 48.099715], [-1.486739, 48.100162], [-1.486706, 48.100301], [-1.486553, 48.100568], [-1.486563, 48.100722], [-1.486668, 48.100846], [-1.486948, 48.101028], [-1.487111, 48.10118], [-1.486916, 48.10169], [-1.48693, 48.101796], [-1.486866, 48.102129], [-1.486867, 48.102354], [-1.486796, 48.102516], [-1.486644, 48.102995], [-1.486645, 48.103238], [-1.486754, 48.103427], [-1.490221, 48.103578], [-1.492082, 48.103652], [-1.493847, 48.103696], [-1.494662, 48.10373], [-1.495418, 48.103789], [-1.496185, 48.103898], [-1.49718, 48.104089], [-1.498084, 48.104307], [-1.499861, 48.104761], [-1.502866, 48.105474], [-1.504813, 48.105975], [-1.506467, 48.106407], [-1.507514, 48.106619], [-1.507867, 48.106705], [-1.509918, 48.107074], [-1.510015, 48.107137], [-1.510517, 48.107613], [-1.510647, 48.107758], [-1.510877, 48.107882], [-1.511136, 48.108077], [-1.511582, 48.108515], [-1.511944, 48.108813], [-1.511955, 48.108972], [-1.512164, 48.108963], [-1.512317, 48.109017], [-1.512624, 48.109251], [-1.513267, 48.109488], [-1.514078, 48.10969], [-1.515248, 48.109908], [-1.516964, 48.110113], [-1.518056, 48.110229], [-1.51822, 48.110315], [-1.518358, 48.110444], [-1.519086, 48.11098], [-1.519344, 48.11119], [-1.519348, 48.111331], [-1.519014, 48.111417], [-1.518634, 48.111457], [-1.518031, 48.111558], [-1.517663, 48.111732], [-1.517527, 48.111852], [-1.517402, 48.11214], [-1.517397, 48.112392], [-1.517784, 48.112454], [-1.517976, 48.112538], [-1.518161, 48.112703], [-1.518389, 48.112995], [-1.51888, 48.113296], [-1.519163, 48.113406], [-1.519351, 48.113605], [-1.5195, 48.113914], [-1.519579, 48.113922], [-1.519255, 48.114309], [-1.518657, 48.114874], [-1.518583, 48.114961], [-1.517165, 48.115705], [-1.516493, 48.11582], [-1.515338, 48.116114], [-1.515323, 48.116344], [-1.515217, 48.116636], [-1.515162, 48.116953], [-1.515141, 48.117258], [-1.514985, 48.117639], [-1.514718, 48.118181], [-1.514641, 48.118293], [-1.51452, 48.118753], [-1.514365, 48.11911], [-1.514284, 48.119812], [-1.514584, 48.119776], [-1.515225, 48.119851], [-1.515746, 48.119969], [-1.516366, 48.120139], [-1.516834, 48.120304], [-1.517541, 48.120387], [-1.517816, 48.120468], [-1.518002, 48.120633], [-1.518261, 48.121005], [-1.518415, 48.12117], [-1.518619, 48.121565], [-1.518582, 48.121706], [-1.518447, 48.121838], [-1.518246, 48.121957], [-1.517921, 48.122096], [-1.517761, 48.122195], [-1.517482, 48.122312], [-1.517435, 48.122451], [-1.517537, 48.122594], [-1.517714, 48.122684], [-1.518089, 48.122781], [-1.51839, 48.122885], [-1.518945, 48.122935], [-1.51925, 48.123044], [-1.519195, 48.123262], [-1.51911, 48.12333], [-1.518931, 48.123608], [-1.518959, 48.123751], [-1.519114, 48.123911], [-1.51943, 48.124046], [-1.519894, 48.124155], [-1.52014, 48.124175], [-1.520289, 48.124287], [-1.520342, 48.124494], [-1.520312, 48.124597], [-1.520321, 48.124975], [-1.520126, 48.125352], [-1.519978, 48.125556], [-1.519782, 48.125739], [-1.519514, 48.125944], [-1.519508, 48.126151], [-1.51969, 48.126435], [-1.520135, 48.12695], [-1.520366, 48.127292], [-1.520602, 48.127593], [-1.520818, 48.127706], [-1.521105, 48.127794], [-1.521425, 48.127861], [-1.521762, 48.127982], [-1.521952, 48.128094], [-1.521975, 48.128263], [-1.521583, 48.128518], [-1.521487, 48.128684], [-1.521644, 48.12902], [-1.521945, 48.129309], [-1.522113, 48.129441], [-1.522856, 48.129939], [-1.523304, 48.130496], [-1.523565, 48.130869], [-1.52377, 48.131072], [-1.523939, 48.131151], [-1.524503, 48.13132], [-1.524773, 48.131428], [-1.525098, 48.131778], [-1.525286, 48.131868], [-1.525482, 48.131888], [-1.525861, 48.131839], [-1.526089, 48.131776], [-1.526227, 48.131689], [-1.526286, 48.131582], [-1.526268, 48.131249], [-1.526299, 48.130953], [-1.526344, 48.130816], [-1.526552, 48.130627], [-1.526672, 48.13059], [-1.527159, 48.130598], [-1.528018, 48.130713], [-1.5284, 48.130737], [-1.528894, 48.130674], [-1.528964, 48.130612], [-1.529163, 48.130167], [-1.529454, 48.130122], [-1.529711, 48.130171], [-1.530221, 48.130394], [-1.530666, 48.130543], [-1.531064, 48.130607], [-1.531648, 48.130726], [-1.53201, 48.130891], [-1.532769, 48.131297], [-1.533204, 48.131415], [-1.533721, 48.131415], [-1.534381, 48.131322], [-1.534627, 48.131226], [-1.53498, 48.131002], [-1.535207, 48.130883], [-1.535696, 48.130763], [-1.536386, 48.130707], [-1.536903, 48.130685], [-1.537461, 48.130597], [-1.538286, 48.130265], [-1.538609, 48.130114], [-1.539026, 48.129945], [-1.539299, 48.129791], [-1.540007, 48.129209], [-1.540217, 48.128959], [-1.540453, 48.12875], [-1.540818, 48.128486], [-1.541172, 48.128275], [-1.541759, 48.127808], [-1.542345, 48.12745], [-1.542448, 48.127334], [-1.542463, 48.127212], [-1.542374, 48.126912], [-1.542202, 48.126663], [-1.542053, 48.126332], [-1.542063, 48.126229], [-1.542295, 48.125923], [-1.54264, 48.125591], [-1.542839, 48.125429], [-1.543297, 48.124942], [-1.543538, 48.124419], [-1.543558, 48.124062], [-1.54374, 48.123783], [-1.544064, 48.123552], [-1.544906, 48.123031], [-1.545153, 48.122849], [-1.545662, 48.122416], [-1.545871, 48.1222], [-1.546264, 48.121876], [-1.546584, 48.121553], [-1.546794, 48.121376], [-1.547245, 48.121332], [-1.547406, 48.121345], [-1.548266, 48.121355], [-1.548721, 48.1214], [-1.54955, 48.121403], [-1.550026, 48.12136], [-1.550406, 48.121229], [-1.550775, 48.121058], [-1.551184, 48.12081], [-1.551655, 48.120492], [-1.550958, 48.119868], [-1.550876, 48.119825], [-1.550509, 48.119846], [-1.550567, 48.119333], [-1.550617, 48.119055], [-1.550813, 48.118686], [-1.551045, 48.118508], [-1.551426, 48.118397], [-1.551602, 48.118215], [-1.55166, 48.118098], [-1.551704, 48.117846], [-1.551868, 48.117682], [-1.551951, 48.117365], [-1.552218, 48.116819], [-1.552269, 48.116679], [-1.552293, 48.116301], [-1.552244, 48.116146], [-1.552055, 48.116046], [-1.552051, 48.115682], [-1.551774, 48.115574], [-1.551531, 48.11552], [-1.551116, 48.115529], [-1.550678, 48.115434], [-1.550539, 48.115168], [-1.550545, 48.114792], [-1.550667, 48.114292], [-1.550725, 48.114132], [-1.550755, 48.11376], [-1.550976, 48.113066], [-1.551151, 48.112445], [-1.550313, 48.112209], [-1.550528, 48.111001], [-1.550602, 48.110754], [-1.550751, 48.110433], [-1.551491, 48.110464], [-1.55218, 48.110434], [-1.552406, 48.11039], [-1.552567, 48.110227], [-1.552586, 48.110008], [-1.552642, 48.109925], [-1.552799, 48.109884], [-1.553517, 48.109982], [-1.553721, 48.109928], [-1.553929, 48.109616], [-1.554132, 48.109488], [-1.554092, 48.109427], [-1.55354, 48.108898], [-1.55314, 48.108598], [-1.552801, 48.108299], [-1.552623, 48.107952], [-1.552555, 48.107583], [-1.552059, 48.106895], [-1.552968, 48.106713], [-1.555926, 48.106773], [-1.555893, 48.106586], [-1.555913, 48.106308], [-1.556035, 48.105895], [-1.556058, 48.105685], [-1.556165, 48.105685], [-1.556291, 48.10534], [-1.5565, 48.104327], [-1.556525, 48.103829], [-1.556522, 48.102185], [-1.556635, 48.102107], [-1.556702, 48.101864], [-1.556764, 48.101482], [-1.556752, 48.101215], [-1.556546, 48.100755], [-1.556263, 48.100274], [-1.556155, 48.099894], [-1.556151, 48.099622], [-1.556207, 48.099362], [-1.556383, 48.098868], [-1.55639, 48.098541], [-1.556619, 48.097976], [-1.556789, 48.097978], [-1.557682, 48.096737], [-1.558159, 48.096095], [-1.559131, 48.095725], [-1.559415, 48.095603], [-1.559598, 48.095368], [-1.560001, 48.095165], [-1.56019, 48.094996], [-1.560488, 48.094906], [-1.561012, 48.094659], [-1.561257, 48.094583], [-1.561542, 48.094566], [-1.56174, 48.094496], [-1.561829, 48.094355], [-1.561833, 48.09402], [-1.562263, 48.093322], [-1.562449, 48.09323], [-1.562914, 48.092289], [-1.563221, 48.092233], [-1.563532, 48.092246], [-1.564415, 48.092348], [-1.56495, 48.092459], [-1.565238, 48.092536], [-1.565613, 48.092672], [-1.566167, 48.092674], [-1.566716, 48.092692], [-1.567719, 48.092757], [-1.56792, 48.092659], [-1.568132, 48.092653], [-1.568722, 48.09269], [-1.568599, 48.092611], [-1.568388, 48.092317], [-1.568239, 48.092195], [-1.568149, 48.092026], [-1.568157, 48.091863], [-1.568341, 48.09153], [-1.568464, 48.091194], [-1.568691, 48.090974], [-1.568683, 48.090866], [-1.568775, 48.090429], [-1.568854, 48.090248], [-1.569113, 48.090038], [-1.569233, 48.089891], [-1.569011, 48.089765], [-1.568915, 48.089636], [-1.568794, 48.089319], [-1.568702, 48.089171], [-1.568597, 48.088857], [-1.568592, 48.088732], [-1.567747, 48.088396], [-1.567579, 48.088313], [-1.567261, 48.088212], [-1.566762, 48.088104], [-1.566237, 48.08805], [-1.5656, 48.088024], [-1.564403, 48.088045], [-1.56417, 48.086376], [-1.564127, 48.086222], [-1.564006, 48.086116], [-1.563974, 48.085618], [-1.563804, 48.085332], [-1.563182, 48.084501], [-1.563126, 48.084352], [-1.563127, 48.083984], [-1.56315, 48.083758], [-1.563307, 48.083341], [-1.56371, 48.082486], [-1.563773, 48.081921], [-1.563751, 48.081413], [-1.563703, 48.08113], [-1.563495, 48.080229], [-1.563397, 48.080184], [-1.5657, 48.080288], [-1.566198, 48.080236], [-1.566458, 48.080081], [-1.566684, 48.079692], [-1.567187, 48.07899], [-1.567276, 48.078618], [-1.567263, 48.078422], [-1.567009, 48.078079], [-1.566986, 48.077665], [-1.567023, 48.077467], [-1.567227, 48.077134], [-1.56737, 48.077027], [-1.567677, 48.076724], [-1.567826, 48.07663], [-1.568154, 48.076336], [-1.56831, 48.076161], [-1.568512, 48.075847], [-1.569245, 48.075883], [-1.569287, 48.0755], [-1.569393, 48.075088], [-1.569415, 48.074257], [-1.569358, 48.073797], [-1.569161, 48.073186], [-1.568965, 48.072879], [-1.569038, 48.072728], [-1.568869, 48.072306], [-1.569025, 48.071874], [-1.568302, 48.071585], [-1.568346, 48.071332], [-1.568493, 48.070118], [-1.568608, 48.06973], [-1.568722, 48.069583], [-1.569463, 48.06908], [-1.569793, 48.06889], [-1.570026, 48.068955], [-1.570243, 48.068915], [-1.570678, 48.068746], [-1.570837, 48.068639], [-1.571093, 48.068413], [-1.571232, 48.068385], [-1.571596, 48.068399], [-1.571994, 48.068522], [-1.572826, 48.068891], [-1.57359, 48.069315], [-1.573764, 48.069473], [-1.574231, 48.069482], [-1.574423, 48.069425], [-1.574603, 48.069313], [-1.574914, 48.06904], [-1.57514, 48.068746], [-1.575182, 48.068635], [-1.575077, 48.068281], [-1.574936, 48.068035], [-1.575664, 48.066513], [-1.574113, 48.065873], [-1.573055, 48.065303], [-1.571991, 48.064772], [-1.571065, 48.064122], [-1.56964, 48.06304], [-1.569299, 48.062792], [-1.568959, 48.062456], [-1.568748, 48.062308], [-1.568344, 48.061968], [-1.567696, 48.061352], [-1.567396, 48.061033], [-1.566401, 48.060339], [-1.565567, 48.059927], [-1.565069, 48.059551], [-1.565053, 48.059326], [-1.565637, 48.058136], [-1.565698, 48.057144], [-1.566424, 48.056984], [-1.566365, 48.056176], [-1.566029, 48.056242], [-1.565498, 48.056249], [-1.565295, 48.056323], [-1.564947, 48.056402], [-1.564459, 48.05644], [-1.564232, 48.056411], [-1.56383, 48.056174], [-1.563716, 48.056041], [-1.563553, 48.055584], [-1.563371, 48.055498], [-1.562908, 48.055413], [-1.562801, 48.055287], [-1.562602, 48.054887], [-1.562444, 48.054462], [-1.562209, 48.054203], [-1.562099, 48.053887], [-1.562088, 48.053753], [-1.561718, 48.053698], [-1.56137, 48.053794], [-1.560971, 48.053794], [-1.560364, 48.053546], [-1.559353, 48.053495], [-1.558317, 48.053375], [-1.55782, 48.053194], [-1.557447, 48.052968], [-1.556845, 48.052495], [-1.556798, 48.052306], [-1.556394, 48.052089], [-1.556157, 48.052013], [-1.555862, 48.051967], [-1.555589, 48.051976], [-1.554357, 48.051804], [-1.55391, 48.051989], [-1.553575, 48.052015], [-1.553153, 48.052268], [-1.552931, 48.052374], [-1.552803, 48.052248], [-1.552482, 48.052066], [-1.552369, 48.051858], [-1.552416, 48.051673], [-1.552194, 48.051497], [-1.552164, 48.051202], [-1.551861, 48.051112], [-1.551689, 48.051002], [-1.551712, 48.050946], [-1.551449, 48.050776], [-1.551085, 48.05072], [-1.550978, 48.050792], [-1.550455, 48.050831], [-1.549845, 48.050915], [-1.549376, 48.050931], [-1.548704, 48.050846], [-1.548329, 48.050764], [-1.548383, 48.050576], [-1.548347, 48.050428], [-1.548311, 48.049934], [-1.548516, 48.049505], [-1.548493, 48.049452], [-1.548203, 48.049218], [-1.548298, 48.049139], [-1.547648, 48.048847], [-1.546801, 48.0484], [-1.546225, 48.048042], [-1.546063, 48.047896], [-1.543847, 48.0467], [-1.543288, 48.046513], [-1.543126, 48.046441], [-1.542509, 48.046084], [-1.54158, 48.045639], [-1.54141, 48.045571], [-1.538258, 48.043785], [-1.536139, 48.042369], [-1.534927, 48.041701], [-1.53514, 48.041364], [-1.533892, 48.041007], [-1.533304, 48.040786], [-1.532414, 48.040562], [-1.531976, 48.04047], [-1.531335, 48.040373], [-1.530373, 48.040277], [-1.529906, 48.040265], [-1.530065, 48.040003], [-1.530298, 48.03979], [-1.530499, 48.03948], [-1.529611, 48.039047], [-1.529325, 48.038892], [-1.528342, 48.038322], [-1.527693, 48.03798], [-1.527091, 48.037685], [-1.52682, 48.0375], [-1.52634, 48.036955], [-1.526202, 48.036817], [-1.525969, 48.036677], [-1.525243, 48.036492], [-1.524932, 48.036453], [-1.524258, 48.03633], [-1.523156, 48.03611], [-1.522585, 48.036049], [-1.52154, 48.035996], [-1.520619, 48.035897], [-1.520252, 48.035838], [-1.519818, 48.035795], [-1.5185, 48.035685], [-1.516997, 48.035619], [-1.516578, 48.035555], [-1.51638, 48.035491], [-1.516036, 48.035318], [-1.51565, 48.035063], [-1.515751, 48.034263], [-1.515715, 48.034183], [-1.514236, 48.033894], [-1.514156, 48.033886], [-1.513548, 48.033502], [-1.513151, 48.033374], [-1.512906, 48.033335], [-1.512149, 48.033277], [-1.510742, 48.033239], [-1.51083, 48.033032], [-1.512065, 48.031838], [-1.512479, 48.031489], [-1.512538, 48.031331], [-1.512543, 48.030907], [-1.512513, 48.030835], [-1.512285, 48.030838], [-1.512294, 48.030715], [-1.512144, 48.03046], [-1.512059, 48.030163], [-1.511209, 48.030122], [-1.510516, 48.030129], [-1.510273, 48.030077], [-1.509193, 48.030106], [-1.509225, 48.029814], [-1.50891, 48.029794], [-1.507218, 48.029564], [-1.50721, 48.028311], [-1.507173, 48.027905], [-1.506356, 48.02631], [-1.506204, 48.026073], [-1.506519, 48.024455], [-1.506633, 48.02382], [-1.506957, 48.022117], [-1.50741, 48.022111], [-1.507588, 48.022134], [-1.508525, 48.022464], [-1.50882, 48.022678], [-1.509671, 48.023508], [-1.509952, 48.023873], [-1.510071, 48.024088], [-1.510149, 48.024386], [-1.510267, 48.024688], [-1.510495, 48.024869], [-1.510957, 48.025073], [-1.51137, 48.025151], [-1.51186, 48.02518], [-1.512326, 48.025173], [-1.512698, 48.025222], [-1.513028, 48.025328], [-1.513339, 48.025495], [-1.513469, 48.025532], [-1.514002, 48.025595], [-1.514243, 48.025665], [-1.514635, 48.025842], [-1.515015, 48.025933], [-1.51527, 48.025905], [-1.516082, 48.025633], [-1.516308, 48.025577], [-1.516584, 48.025431], [-1.516983, 48.025115], [-1.517262, 48.025011], [-1.517503, 48.024965], [-1.517732, 48.024877], [-1.517981, 48.024701], [-1.518222, 48.024376], [-1.518487, 48.024198], [-1.518662, 48.024115], [-1.519018, 48.024023], [-1.51953, 48.023957], [-1.519747, 48.023979], [-1.520233, 48.024132], [-1.520371, 48.024158], [-1.520693, 48.024142], [-1.520876, 48.024029], [-1.521181, 48.023788], [-1.521287, 48.023734], [-1.521712, 48.023625], [-1.522005, 48.023615], [-1.52225, 48.023696], [-1.522732, 48.023711], [-1.523494, 48.023649], [-1.523812, 48.023638], [-1.524273, 48.023657], [-1.524579, 48.023705], [-1.524832, 48.023716], [-1.525298, 48.023667], [-1.525588, 48.023603], [-1.52603, 48.023433], [-1.526223, 48.023407], [-1.526666, 48.02348], [-1.526869, 48.023561], [-1.527362, 48.023588], [-1.527779, 48.023443], [-1.528071, 48.02327], [-1.528422, 48.023015], [-1.528697, 48.022913], [-1.528435, 48.022456], [-1.526835, 48.019853], [-1.525802, 48.018582], [-1.525586, 48.017764], [-1.525568, 48.017508], [-1.525649, 48.016734], [-1.525618, 48.016204], [-1.525663, 48.016081], [-1.52572, 48.015598], [-1.525757, 48.01512], [-1.525889, 48.013707], [-1.525911, 48.013263], [-1.526124, 48.011177], [-1.526167, 48.010677], [-1.526309, 48.009298], [-1.526323, 48.008589], [-1.526416, 48.006952], [-1.52649, 48.006786], [-1.52632, 48.005509], [-1.526544, 48.004224], [-1.526593, 48.004186], [-1.526623, 48.003706], [-1.526735, 48.003106], [-1.526832, 48.002431], [-1.526961, 48.001436], [-1.526791, 48.000947], [-1.525534, 47.999954], [-1.522604, 47.997276], [-1.522484, 47.996906], [-1.52206, 47.995512], [-1.522023, 47.995209], [-1.523115, 47.995079], [-1.524566, 47.99495], [-1.524516, 47.99372], [-1.52526, 47.99301], [-1.52586, 47.992959], [-1.525987, 47.992857], [-1.526329, 47.992839], [-1.526525, 47.992758], [-1.527057, 47.992778], [-1.527082, 47.993139], [-1.52724, 47.99321], [-1.528219, 47.993298], [-1.528471, 47.993278], [-1.528706, 47.993208], [-1.5291, 47.99299], [-1.529591, 47.993232], [-1.529431, 47.993353], [-1.530409, 47.994142], [-1.53147, 47.994685], [-1.531537, 47.994803], [-1.531847, 47.994989], [-1.532104, 47.995106], [-1.532652, 47.995199], [-1.53311, 47.995232], [-1.533896, 47.994992], [-1.534206, 47.994739], [-1.534532, 47.99456], [-1.534614, 47.994405], [-1.534498, 47.993891], [-1.534382, 47.993686], [-1.534363, 47.993561], [-1.534414, 47.993295], [-1.5346, 47.993073], [-1.533729, 47.992439], [-1.533388, 47.992283], [-1.533317, 47.992224], [-1.53305, 47.992164], [-1.532614, 47.99197], [-1.53245, 47.991869], [-1.532214, 47.991626], [-1.532057, 47.991542], [-1.531946, 47.991162], [-1.531809, 47.991032], [-1.531599, 47.990947], [-1.531061, 47.990791], [-1.530745, 47.990508], [-1.530201, 47.990432], [-1.530144, 47.9904], [-1.530122, 47.989959], [-1.530035, 47.989884], [-1.530045, 47.989628], [-1.530131, 47.989078], [-1.530315, 47.988815], [-1.530431, 47.988522], [-1.530652, 47.988187], [-1.53076, 47.988106], [-1.531045, 47.987616], [-1.531019, 47.987257], [-1.531025, 47.987023], [-1.531234, 47.98667], [-1.531339, 47.986387], [-1.531302, 47.986307], [-1.531587, 47.98627], [-1.53188, 47.986055], [-1.532041, 47.985855], [-1.532108, 47.985645], [-1.532213, 47.985087], [-1.534821, 47.98515], [-1.534945, 47.984111], [-1.535477, 47.984048], [-1.535803, 47.983416], [-1.535931, 47.983065], [-1.536146, 47.982755], [-1.536387, 47.98245], [-1.536406, 47.982358], [-1.536354, 47.981948], [-1.536475, 47.981364], [-1.536575, 47.980603], [-1.536695, 47.980117], [-1.536879, 47.979754], [-1.537059, 47.979162], [-1.537062, 47.979041], [-1.537276, 47.978407], [-1.537585, 47.977136], [-1.537943, 47.976539], [-1.538167, 47.975946], [-1.537971, 47.975097], [-1.538212, 47.974729], [-1.53825, 47.974323], [-1.538439, 47.973236], [-1.539703, 47.973334], [-1.54101, 47.973604], [-1.541372, 47.973307], [-1.542018, 47.973619], [-1.5425, 47.973349], [-1.543589, 47.973877], [-1.544106, 47.974078], [-1.544597, 47.974222], [-1.546328, 47.974632], [-1.546914, 47.97478], [-1.547164, 47.974644], [-1.547538, 47.974795], [-1.547961, 47.974871], [-1.54925, 47.975144], [-1.549827, 47.975296], [-1.550084, 47.975319], [-1.550971, 47.975361], [-1.551202, 47.97539], [-1.551414, 47.974997], [-1.554914, 47.975703], [-1.555363, 47.975697], [-1.558154, 47.975826], [-1.559512, 47.975325], [-1.560026, 47.974935], [-1.560298, 47.974609], [-1.560461, 47.974359], [-1.56068, 47.974136], [-1.560706, 47.974037], [-1.560878, 47.973839], [-1.560985, 47.973575], [-1.561141, 47.973421], [-1.561092, 47.973199], [-1.56128, 47.973012], [-1.561398, 47.972721], [-1.561496, 47.972643], [-1.561909, 47.972533], [-1.562312, 47.972072], [-1.562188, 47.971534], [-1.561883, 47.971151], [-1.562221, 47.970284], [-1.562295, 47.969472], [-1.562259, 47.968077], [-1.563793, 47.967981], [-1.563664, 47.966229], [-1.563842, 47.965008], [-1.564421, 47.963773], [-1.565137, 47.962579], [-1.565021, 47.961007], [-1.565455, 47.958994], [-1.565633, 47.958629], [-1.565731, 47.958493], [-1.567962, 47.958163], [-1.56842, 47.958013], [-1.56876, 47.957992], [-1.568935, 47.957857], [-1.570272, 47.957358], [-1.571526, 47.956867], [-1.57212, 47.956881], [-1.572285, 47.956848], [-1.572714, 47.956705], [-1.573035, 47.95663], [-1.575126, 47.956258], [-1.577248, 47.955962], [-1.579057, 47.955946], [-1.579177, 47.955762], [-1.57895, 47.954509], [-1.579071, 47.954325], [-1.580654, 47.954001], [-1.58253, 47.953983], [-1.583279, 47.954139], [-1.583626, 47.954307], [-1.584729, 47.95472], [-1.584806, 47.955753], [-1.585097, 47.956058], [-1.585438, 47.956137], [-1.585923, 47.956346], [-1.586043, 47.957062], [-1.586221, 47.957641], [-1.587156, 47.95761], [-1.587744, 47.957411], [-1.588413, 47.957388], [-1.589239, 47.957675], [-1.589878, 47.95783], [-1.589948, 47.957761], [-1.590758, 47.957205], [-1.590936, 47.957032], [-1.591148, 47.956779], [-1.591423, 47.956411], [-1.591652, 47.955883], [-1.59179, 47.955798], [-1.592122, 47.955661], [-1.592445, 47.955722], [-1.592846, 47.955962], [-1.593171, 47.955973], [-1.593481, 47.955905], [-1.593935, 47.955539], [-1.594119, 47.955764], [-1.594658, 47.955738], [-1.595033, 47.955791], [-1.595265, 47.955677], [-1.595447, 47.955453], [-1.59575, 47.955457], [-1.595894, 47.955246], [-1.595877, 47.955021], [-1.59566, 47.954803], [-1.595866, 47.954597], [-1.596176, 47.954652], [-1.596431, 47.954283], [-1.597289, 47.95452], [-1.597915, 47.954545], [-1.599567, 47.954193], [-1.599611, 47.954574], [-1.600055, 47.954616], [-1.601096, 47.954834], [-1.601693, 47.954968], [-1.601949, 47.955045], [-1.602237, 47.955231], [-1.602659, 47.955274], [-1.60297, 47.955235], [-1.60318, 47.955242], [-1.603374, 47.95532], [-1.603813, 47.955305], [-1.604061, 47.955254], [-1.604572, 47.955097], [-1.605217, 47.955033], [-1.605461, 47.954954], [-1.606665, 47.956774], [-1.607243, 47.95734], [-1.608464, 47.959324], [-1.60807, 47.959427], [-1.607462, 47.959358], [-1.606997, 47.959419], [-1.606539, 47.959569], [-1.605086, 47.96038], [-1.604678, 47.96053], [-1.604374, 47.96068], [-1.604067, 47.960775], [-1.603912, 47.960935], [-1.603824, 47.961177], [-1.603641, 47.961802], [-1.603696, 47.961897], [-1.603973, 47.962174], [-1.604163, 47.962756], [-1.60447, 47.963285], [-1.604504, 47.963735], [-1.60427, 47.964193], [-1.60443, 47.964548], [-1.60418, 47.964781], [-1.603658, 47.964979], [-1.603087, 47.965403], [-1.602432, 47.965605], [-1.602244, 47.965792], [-1.602204, 47.966153], [-1.602223, 47.969842], [-1.602364, 47.970013], [-1.602589, 47.970616], [-1.602704, 47.971323], [-1.60279, 47.971454], [-1.603142, 47.971524], [-1.603238, 47.971591], [-1.604061, 47.97178], [-1.60435, 47.971771], [-1.604972, 47.97183], [-1.60544, 47.971895], [-1.606187, 47.972064], [-1.606435, 47.972188], [-1.606665, 47.972367], [-1.606946, 47.972788], [-1.607353, 47.972952], [-1.607945, 47.97302], [-1.60853, 47.972957], [-1.608859, 47.972874], [-1.609647, 47.972586], [-1.610175, 47.972448], [-1.610714, 47.972407], [-1.611145, 47.972453], [-1.611346, 47.972512], [-1.611515, 47.972609], [-1.611879, 47.972885], [-1.612511, 47.9731], [-1.612983, 47.973128], [-1.613568, 47.972883], [-1.614505, 47.972852], [-1.615818, 47.973136], [-1.615827, 47.97382], [-1.616164, 47.974148], [-1.616068, 47.974369], [-1.616203, 47.974519], [-1.616439, 47.974595], [-1.616572, 47.974689], [-1.617042, 47.974814], [-1.617132, 47.974881], [-1.617491, 47.974939], [-1.61763, 47.975103], [-1.61786, 47.97511], [-1.61808, 47.975243], [-1.618466, 47.975343], [-1.618789, 47.975473], [-1.619, 47.975494], [-1.619135, 47.975615], [-1.619428, 47.97562], [-1.619655, 47.975556], [-1.619726, 47.97568], [-1.619958, 47.9757], [-1.620059, 47.975641], [-1.620045, 47.975472], [-1.620272, 47.975422], [-1.620414, 47.975347], [-1.620722, 47.975252], [-1.620813, 47.975348], [-1.621042, 47.975353], [-1.621247, 47.975277], [-1.621418, 47.975045], [-1.621404, 47.974877], [-1.621287, 47.974699], [-1.62143, 47.974638], [-1.621721, 47.974613], [-1.621858, 47.974496], [-1.622023, 47.974448], [-1.622232, 47.974442], [-1.622368, 47.97431], [-1.622514, 47.974291], [-1.622669, 47.974398], [-1.623134, 47.974186], [-1.623473, 47.974245], [-1.623638, 47.974197], [-1.623707, 47.973984], [-1.623994, 47.973903], [-1.624108, 47.973773], [-1.624121, 47.97366], [-1.624221, 47.973587], [-1.624448, 47.973536], [-1.624672, 47.973444], [-1.62496, 47.973379], [-1.625184, 47.973286], [-1.62544, 47.973081], [-1.625663, 47.972974], [-1.625894, 47.972995], [-1.626088, 47.973059], [-1.626318, 47.973051], [-1.626512, 47.973114], [-1.626723, 47.973136], [-1.626873, 47.97292], [-1.627019, 47.972915], [-1.627111, 47.973009], [-1.627345, 47.973044], [-1.627511, 47.973025], [-1.627525, 47.97294], [-1.627362, 47.97272], [-1.627376, 47.972592], [-1.627567, 47.972505], [-1.628876, 47.972], [-1.629141, 47.971833], [-1.629891, 47.971147], [-1.629885, 47.971088], [-1.629682, 47.970586], [-1.629647, 47.970112], [-1.629663, 47.970045], [-1.629997, 47.969872], [-1.630199, 47.969681], [-1.630268, 47.969551], [-1.630524, 47.968793], [-1.630726, 47.968552], [-1.630792, 47.968288], [-1.63088, 47.968203], [-1.631064, 47.968151], [-1.631388, 47.967947], [-1.631964, 47.967532], [-1.632444, 47.967147], [-1.632501, 47.967022], [-1.632457, 47.966797], [-1.632326, 47.966685], [-1.632141, 47.966351], [-1.631828, 47.965897], [-1.63113, 47.965149], [-1.630522, 47.964838], [-1.630128, 47.9645], [-1.628462, 47.964096], [-1.627201, 47.962472], [-1.626485, 47.961867], [-1.626598, 47.961593], [-1.626517, 47.960958], [-1.625608, 47.960906], [-1.625083, 47.961058], [-1.624815, 47.961068], [-1.624367, 47.960453], [-1.624173, 47.959649], [-1.623932, 47.959117], [-1.623261, 47.958364], [-1.623727, 47.958178], [-1.624781, 47.957918], [-1.626241, 47.957733], [-1.627752, 47.957321], [-1.627822, 47.957364], [-1.628043, 47.957627], [-1.628577, 47.957608], [-1.62944, 47.957489], [-1.630856, 47.956721], [-1.631002, 47.956439], [-1.632011, 47.956361], [-1.632224, 47.956354], [-1.633799, 47.956087], [-1.634894, 47.956043], [-1.634923, 47.955547], [-1.635874, 47.955393], [-1.635919, 47.955317], [-1.636576, 47.954773], [-1.636787, 47.954498], [-1.637074, 47.954238], [-1.637417, 47.954073], [-1.638018, 47.953887], [-1.638386, 47.953727], [-1.638914, 47.953563], [-1.639695, 47.953359], [-1.641655, 47.951576], [-1.641835, 47.951944], [-1.642039, 47.952571], [-1.642175, 47.952891], [-1.642823, 47.953877], [-1.643221, 47.954522], [-1.643889, 47.955314], [-1.644109, 47.95562], [-1.6444, 47.95609], [-1.644838, 47.956732], [-1.645553, 47.957728], [-1.645975, 47.958377], [-1.646531, 47.959144], [-1.646739, 47.959542], [-1.647296, 47.959533], [-1.647515, 47.95947], [-1.64817, 47.960544], [-1.648468, 47.960939], [-1.648713, 47.961349], [-1.64868, 47.96154], [-1.648547, 47.961885], [-1.648484, 47.962226], [-1.648549, 47.962689], [-1.648519, 47.962806], [-1.648748, 47.963766], [-1.649053, 47.964912], [-1.650051, 47.965927], [-1.650761, 47.966444], [-1.651808, 47.966994], [-1.653046, 47.967402], [-1.653396, 47.967615], [-1.65414, 47.96858], [-1.655232, 47.969713], [-1.656363, 47.970485], [-1.656779, 47.970968], [-1.658125, 47.97074], [-1.658914, 47.970532], [-1.659756, 47.970144], [-1.660827, 47.970196], [-1.66179, 47.969917], [-1.661995, 47.969681], [-1.662312, 47.970185], [-1.662521, 47.970432], [-1.662628, 47.970504], [-1.663857, 47.971182], [-1.664358, 47.971489], [-1.664688, 47.971724], [-1.665432, 47.972317], [-1.665779, 47.972471], [-1.665917, 47.972469], [-1.666085, 47.972268], [-1.666602, 47.971771], [-1.667566, 47.971218], [-1.669553, 47.970259], [-1.671674, 47.96906], [-1.67167, 47.968115], [-1.671739, 47.967726], [-1.671743, 47.966929], [-1.671814, 47.966486], [-1.671901, 47.966296], [-1.671885, 47.965972], [-1.671981, 47.965055], [-1.67203, 47.964831], [-1.672788, 47.963218], [-1.672876, 47.962888], [-1.673116, 47.962715], [-1.673502, 47.962067], [-1.674209, 47.960059], [-1.674368, 47.957757], [-1.674595, 47.95721], [-1.674842, 47.95693], [-1.676582, 47.956016], [-1.676854, 47.955201], [-1.676436, 47.954985], [-1.675449, 47.954343], [-1.674894, 47.954092], [-1.672492, 47.953365], [-1.67148, 47.953264], [-1.671059, 47.953009], [-1.670968, 47.952696], [-1.671068, 47.952243], [-1.672128, 47.951216], [-1.672176, 47.950944], [-1.671747, 47.950599], [-1.67057, 47.950098], [-1.667987, 47.948746], [-1.667026, 47.948055], [-1.667327, 47.948003], [-1.668046, 47.947754], [-1.668363, 47.947518], [-1.668603, 47.947149], [-1.66862, 47.946566], [-1.668639, 47.946479], [-1.669135, 47.945331], [-1.669431, 47.944825], [-1.669946, 47.944347], [-1.67025, 47.944121], [-1.670429, 47.943846], [-1.670583, 47.943209], [-1.670893, 47.942884], [-1.671023, 47.942835], [-1.671099, 47.942016], [-1.671145, 47.941795], [-1.671596, 47.941554], [-1.671572, 47.94124], [-1.671484, 47.940973], [-1.671735, 47.940739], [-1.671357, 47.940167], [-1.671245, 47.939585], [-1.671191, 47.938867], [-1.671507, 47.938631], [-1.671568, 47.938538], [-1.671674, 47.938175], [-1.672151, 47.937393], [-1.672264, 47.937119], [-1.672179, 47.935997], [-1.672285, 47.935633], [-1.67439, 47.93511], [-1.675029, 47.934984], [-1.675496, 47.934976], [-1.676341, 47.935159], [-1.677575, 47.935293], [-1.678309, 47.935561], [-1.679589, 47.935652], [-1.681766, 47.936073], [-1.6834, 47.936421], [-1.684295, 47.936955], [-1.6849, 47.936995], [-1.685414, 47.936916], [-1.685474, 47.936767], [-1.685808, 47.936921], [-1.686074, 47.936956], [-1.686212, 47.936899], [-1.686521, 47.936874], [-1.686706, 47.936903], [-1.68691, 47.936865], [-1.687591, 47.936854], [-1.688091, 47.936788], [-1.688401, 47.936817], [-1.688733, 47.9366], [-1.688952, 47.936638], [-1.689133, 47.936602], [-1.68925, 47.936452], [-1.689368, 47.936391], [-1.690167, 47.936381], [-1.690511, 47.936365], [-1.6908, 47.936156], [-1.69161, 47.936003], [-1.692077, 47.935987], [-1.692817, 47.936007], [-1.693752, 47.935974], [-1.696299, 47.935831], [-1.698359, 47.935771], [-1.699397, 47.935329], [-1.700058, 47.935217], [-1.701596, 47.935164], [-1.702952, 47.935387], [-1.705112, 47.935583], [-1.705445, 47.935571], [-1.706032, 47.935654], [-1.706241, 47.935633], [-1.706699, 47.935303], [-1.707232, 47.935339], [-1.707645, 47.935417], [-1.708106, 47.93562], [-1.708376, 47.935671], [-1.708778, 47.935677], [-1.709471, 47.935643], [-1.710001, 47.935564], [-1.710519, 47.935567], [-1.711278, 47.93579], [-1.711693, 47.935775], [-1.711843, 47.935809], [-1.712199, 47.935797], [-1.71229, 47.935845], [-1.712357, 47.936121], [-1.712433, 47.936148], [-1.71272, 47.936028], [-1.713489, 47.935614], [-1.713983, 47.935267], [-1.71426, 47.935019], [-1.714607, 47.934907], [-1.7148, 47.93492], [-1.715349, 47.934911], [-1.715612, 47.934862], [-1.715857, 47.934784], [-1.716571, 47.934778], [-1.716625, 47.934728], [-1.71664, 47.934509], [-1.717287, 47.934323], [-1.717708, 47.934429], [-1.717927, 47.934299], [-1.718471, 47.934304], [-1.718685, 47.934377], [-1.718955, 47.934366], [-1.719531, 47.934501], [-1.719797, 47.934688], [-1.720707, 47.935079], [-1.721147, 47.935359], [-1.721351, 47.935563], [-1.721367, 47.935774], [-1.721254, 47.936214], [-1.721037, 47.93639], [-1.72076, 47.93685], [-1.720457, 47.937283], [-1.720113, 47.937435], [-1.719953, 47.937539], [-1.720037, 47.937859], [-1.720251, 47.938054], [-1.720543, 47.938137], [-1.721282, 47.938294], [-1.721605, 47.938341], [-1.721826, 47.938205], [-1.722079, 47.93821], [-1.72232, 47.938089], [-1.722378, 47.938017], [-1.72269, 47.938006], [-1.72305, 47.938036], [-1.723325, 47.938082], [-1.723629, 47.938213], [-1.724009, 47.938524], [-1.724395, 47.938917], [-1.724711, 47.939217], [-1.725172, 47.939496], [-1.725367, 47.939573], [-1.725851, 47.939612], [-1.726333, 47.939624], [-1.726792, 47.939608], [-1.727393, 47.939531], [-1.727665, 47.939521], [-1.727984, 47.939566], [-1.728499, 47.939732], [-1.728772, 47.939751], [-1.72926, 47.939832], [-1.729658, 47.940086], [-1.730046, 47.940241], [-1.730799, 47.940496], [-1.731397, 47.940658], [-1.731812, 47.940869], [-1.731924, 47.940991], [-1.732169, 47.941181], [-1.732538, 47.941324], [-1.732939, 47.941296], [-1.733004, 47.941253], [-1.733111, 47.941043], [-1.733182, 47.940984], [-1.73339, 47.940966], [-1.733837, 47.941044], [-1.734164, 47.941232], [-1.734954, 47.94112], [-1.735811, 47.940956], [-1.736226, 47.941121], [-1.736515, 47.941382], [-1.736957, 47.941906], [-1.738085, 47.942632], [-1.738591, 47.94311], [-1.739132, 47.944036], [-1.739718, 47.944692], [-1.740573, 47.945337], [-1.741413, 47.945802], [-1.741708, 47.946153], [-1.741916, 47.94658], [-1.74218, 47.946801], [-1.742442, 47.946983], [-1.743269, 47.947269], [-1.743837, 47.9477], [-1.744223, 47.948167], [-1.744375, 47.948229], [-1.744663, 47.948273], [-1.744949, 47.948353], [-1.745422, 47.948215], [-1.745954, 47.947932], [-1.746338, 47.947838], [-1.746616, 47.947673], [-1.747223, 47.947665], [-1.747932, 47.947781], [-1.748821, 47.948329], [-1.7489, 47.948529], [-1.748821, 47.948668], [-1.748883, 47.948953], [-1.7489, 47.949255], [-1.749058, 47.949471], [-1.749226, 47.949491], [-1.749821, 47.949433], [-1.749775, 47.949639], [-1.749459, 47.950527], [-1.749043, 47.951456], [-1.748764, 47.951967], [-1.748601, 47.952202], [-1.748041, 47.9529], [-1.747408, 47.953549], [-1.747082, 47.953959], [-1.746976, 47.954149], [-1.7468, 47.954583], [-1.746642, 47.955178], [-1.746602, 47.955441], [-1.746576, 47.955924], [-1.746653, 47.956433], [-1.746789, 47.956967], [-1.746879, 47.95756], [-1.746898, 47.958065], [-1.746849, 47.958546], [-1.746833, 47.958971], [-1.746901, 47.959476], [-1.747056, 47.959983], [-1.747099, 47.960442], [-1.747018, 47.960645], [-1.746758, 47.960976], [-1.746397, 47.961321], [-1.745907, 47.961754], [-1.745516, 47.96217], [-1.745193, 47.962594], [-1.744954, 47.963048], [-1.744792, 47.963502], [-1.744499, 47.964108], [-1.744398, 47.964535], [-1.744376, 47.964757], [-1.744396, 47.964977], [-1.744473, 47.965185], [-1.744734, 47.965607], [-1.744982, 47.96593], [-1.745377, 47.966318], [-1.74577, 47.966626], [-1.74662, 47.967476], [-1.746959, 47.967832], [-1.747365, 47.968338], [-1.747837, 47.969018], [-1.74804, 47.969466], [-1.748154, 47.969824], [-1.748325, 47.97028], [-1.748364, 47.970654], [-1.748311, 47.970978], [-1.748333, 47.971374], [-1.748596, 47.972239], [-1.748803, 47.972813], [-1.749084, 47.97337], [-1.749266, 47.973639], [-1.749678, 47.974132], [-1.749843, 47.974485], [-1.749868, 47.974608], [-1.749833, 47.975331], [-1.749923, 47.975701], [-1.750142, 47.976122], [-1.750337, 47.97637], [-1.75072, 47.976716], [-1.7522, 47.977947], [-1.752402, 47.97818], [-1.752577, 47.978436], [-1.7527, 47.978687], [-1.75287, 47.979105], [-1.753149, 47.979495], [-1.753419, 47.979799], [-1.753845, 47.980437], [-1.754375, 47.98118], [-1.754567, 47.981479], [-1.75487, 47.982002], [-1.754983, 47.98216], [-1.75572, 47.983071], [-1.755921, 47.983336], [-1.756112, 47.983679], [-1.756327, 47.984011], [-1.756765, 47.984533], [-1.756915, 47.98467], [-1.757383, 47.985196], [-1.75777, 47.985758], [-1.757983, 47.986117], [-1.758115, 47.986392], [-1.758266, 47.986804], [-1.758373, 47.987287], [-1.758411, 47.987656], [-1.75837, 47.987814], [-1.757819, 47.988296], [-1.757532, 47.988617], [-1.757179, 47.989164], [-1.756651, 47.989891], [-1.75632, 47.990321], [-1.756139, 47.990527], [-1.75581, 47.99081], [-1.755361, 47.991246], [-1.75523, 47.991457], [-1.755204, 47.991817], [-1.755077, 47.992146], [-1.754624, 47.992643], [-1.754334, 47.993161], [-1.754001, 47.993405], [-1.753128, 47.993937], [-1.752414, 47.994265], [-1.752204, 47.994348], [-1.751843, 47.99454], [-1.751635, 47.994715], [-1.751505, 47.994912], [-1.751438, 47.995169], [-1.751464, 47.995587], [-1.751577, 47.995885], [-1.751777, 47.996171], [-1.751929, 47.996322], [-1.752239, 47.996572], [-1.75245, 47.996683], [-1.752719, 47.996777], [-1.753499, 47.996983], [-1.753838, 47.997043], [-1.754261, 47.99709], [-1.755122, 47.99716], [-1.755552, 47.997179], [-1.756338, 47.997167], [-1.758087, 47.997217], [-1.759405, 47.997273], [-1.759821, 47.9973], [-1.761121, 47.99732], [-1.761501, 47.997369], [-1.761842, 47.997449], [-1.762456, 47.997693], [-1.76262, 47.997733], [-1.763228, 47.997819], [-1.763545, 47.997892], [-1.764538, 47.998245], [-1.76479, 47.998414], [-1.764928, 47.99868], [-1.764915, 47.998851], [-1.764798, 47.998981], [-1.764492, 47.999091], [-1.763751, 47.999241], [-1.763454, 47.999324], [-1.7632, 47.999458], [-1.76296, 47.999635], [-1.762713, 47.999871], [-1.762175, 48.000482], [-1.762013, 48.000801], [-1.761978, 48.001016], [-1.762024, 48.001332], [-1.76225, 48.001584], [-1.762475, 48.001722], [-1.762915, 48.001934], [-1.76321, 48.002009], [-1.76355, 48.002035], [-1.764676, 48.001986], [-1.765109, 48.00202], [-1.766011, 48.002182], [-1.766481, 48.002295], [-1.766922, 48.002373], [-1.767691, 48.002433], [-1.767951, 48.002415], [-1.768834, 48.00225], [-1.769337, 48.002214], [-1.76981, 48.002232], [-1.770691, 48.002286], [-1.773374, 48.002504], [-1.773895, 48.00254], [-1.774956, 48.002648], [-1.775298, 48.002667], [-1.776441, 48.002663], [-1.776887, 48.002915], [-1.777322, 48.003037], [-1.778621, 48.003149], [-1.778942, 48.003232], [-1.779494, 48.003473], [-1.780019, 48.003799], [-1.780221, 48.003895], [-1.780527, 48.003899], [-1.780858, 48.003793], [-1.781131, 48.00353], [-1.781258, 48.003461], [-1.781737, 48.003428], [-1.78229, 48.003332], [-1.783082, 48.003086], [-1.783362, 48.003036], [-1.784326, 48.003346], [-1.78471, 48.003609], [-1.784909, 48.003935], [-1.78505, 48.004341], [-1.785104, 48.004654], [-1.785212, 48.005018], [-1.78541, 48.005833], [-1.785439, 48.006541], [-1.785424, 48.006777], [-1.785252, 48.007547], [-1.785163, 48.007736], [-1.784995, 48.007915], [-1.784641, 48.008076], [-1.784272, 48.008451], [-1.784062, 48.008689], [-1.783983, 48.008938], [-1.7839, 48.009409], [-1.783838, 48.009627], [-1.78356, 48.010047], [-1.783356, 48.010462], [-1.783179, 48.011388], [-1.783063, 48.011766], [-1.782802, 48.012224], [-1.782427, 48.012786], [-1.782083, 48.013453], [-1.782008, 48.013784], [-1.78205, 48.013972], [-1.782411, 48.01474], [-1.782463, 48.014987], [-1.782388, 48.015262], [-1.782365, 48.015488], [-1.782251, 48.015857], [-1.782037, 48.016217], [-1.781713, 48.01658], [-1.781489, 48.016712], [-1.78055, 48.017204], [-1.78011, 48.01739], [-1.779727, 48.017602], [-1.77935, 48.017862], [-1.779059, 48.018132], [-1.778843, 48.018408], [-1.777913, 48.019327], [-1.777466, 48.019781], [-1.77676, 48.020357], [-1.776094, 48.020825], [-1.775543, 48.021243], [-1.775301, 48.021522], [-1.775095, 48.021886], [-1.774981, 48.022225], [-1.774686, 48.02291], [-1.774692, 48.023235], [-1.774557, 48.023477], [-1.774268, 48.023845], [-1.773887, 48.024169], [-1.773708, 48.024365], [-1.773534, 48.024606], [-1.77343, 48.024926], [-1.773417, 48.025287], [-1.773482, 48.025861], [-1.773497, 48.026239], [-1.773781, 48.027105], [-1.773851, 48.027453], [-1.773951, 48.027811], [-1.774145, 48.028267], [-1.774244, 48.028379], [-1.774653, 48.028624], [-1.775536, 48.028872], [-1.776282, 48.029104], [-1.777047, 48.029311], [-1.77754, 48.02954], [-1.777742, 48.029678], [-1.777842, 48.029805], [-1.777915, 48.030025], [-1.777921, 48.030255], [-1.77776, 48.030528], [-1.777522, 48.030843], [-1.777144, 48.031083], [-1.776707, 48.031168], [-1.776706, 48.031452], [-1.776745, 48.031631], [-1.776922, 48.031785], [-1.777249, 48.031938], [-1.777662, 48.032172], [-1.778066, 48.032512], [-1.778142, 48.032626], [-1.778217, 48.032856], [-1.778398, 48.033031], [-1.778743, 48.033128], [-1.779745, 48.033222], [-1.78001, 48.033255], [-1.780801, 48.033276], [-1.781328, 48.033271], [-1.781907, 48.033231], [-1.782365, 48.033306], [-1.782747, 48.033425], [-1.783148, 48.033589], [-1.783626, 48.033736], [-1.78411, 48.033739], [-1.785137, 48.033541], [-1.78577, 48.033443], [-1.786054, 48.033429], [-1.786648, 48.033475], [-1.787467, 48.033621], [-1.787997, 48.033679], [-1.788848, 48.033675], [-1.789285, 48.033727], [-1.78975, 48.033737], [-1.790207, 48.033777], [-1.790471, 48.033874], [-1.791247, 48.034322], [-1.791879, 48.034502], [-1.792174, 48.034705], [-1.792444, 48.035028], [-1.793028, 48.03545], [-1.793349, 48.035571], [-1.793579, 48.035601], [-1.79395, 48.035581], [-1.794449, 48.035322], [-1.79463, 48.03532], [-1.79528, 48.035414], [-1.795495, 48.035496], [-1.795678, 48.035959], [-1.795881, 48.036291], [-1.796143, 48.036627], [-1.796315, 48.036795], [-1.796517, 48.037131], [-1.796629, 48.037509], [-1.79679, 48.037851], [-1.796841, 48.038011], [-1.797086, 48.038337], [-1.797215, 48.038443], [-1.797562, 48.038657], [-1.797821, 48.038916], [-1.798021, 48.039222], [-1.798198, 48.039658], [-1.798196, 48.04008], [-1.798268, 48.040199], [-1.798536, 48.040438], [-1.798613, 48.040853], [-1.798577, 48.041078], [-1.798404, 48.041246], [-1.798107, 48.041361], [-1.79788, 48.041579], [-1.797783, 48.041978], [-1.797784, 48.042347], [-1.797917, 48.043065], [-1.798024, 48.043421], [-1.798163, 48.04374], [-1.798247, 48.043858], [-1.798702, 48.044183], [-1.79894, 48.044312], [-1.799999, 48.045], [-1.80113, 48.045581], [-1.802205, 48.046007], [-1.802851, 48.046093], [-1.803151, 48.046197], [-1.803499, 48.046251], [-1.804018, 48.046247], [-1.805071, 48.04633], [-1.805577, 48.046269], [-1.805899, 48.04613], [-1.806309, 48.045856], [-1.806889, 48.045641], [-1.807238, 48.045553], [-1.807909, 48.045421], [-1.808218, 48.045388], [-1.809052, 48.045223], [-1.809266, 48.045118], [-1.809746, 48.044796], [-1.809884, 48.044672], [-1.81061, 48.044304], [-1.811013, 48.044173], [-1.811485, 48.043959], [-1.811765, 48.043889], [-1.812095, 48.043882], [-1.812383, 48.04399], [-1.812612, 48.04414], [-1.812919, 48.044449], [-1.813308, 48.044815], [-1.813532, 48.045133], [-1.813733, 48.045656], [-1.813849, 48.046118], [-1.813976, 48.0463], [-1.814564, 48.046502], [-1.815069, 48.04649], [-1.815422, 48.046474], [-1.81571, 48.046536], [-1.816028, 48.04665], [-1.816135, 48.046723], [-1.816335, 48.046993], [-1.816386, 48.047121], [-1.816522, 48.047245], [-1.816834, 48.047315], [-1.817064, 48.047307], [-1.817713, 48.047223], [-1.818994, 48.047115], [-1.819709, 48.047036], [-1.820451, 48.047011], [-1.820796, 48.047091], [-1.821183, 48.04729], [-1.821516, 48.047482], [-1.821811, 48.047595], [-1.822237, 48.047865], [-1.822638, 48.048051], [-1.823025, 48.048265], [-1.823567, 48.048724], [-1.823881, 48.049111], [-1.824015, 48.049481], [-1.824077, 48.049936], [-1.824082, 48.050209], [-1.823997, 48.050419], [-1.823834, 48.050544], [-1.823808, 48.050691], [-1.823654, 48.050796], [-1.823359, 48.050901], [-1.822983, 48.050985], [-1.822632, 48.050945], [-1.822531, 48.05105], [-1.822459, 48.051382], [-1.822444, 48.051979], [-1.822513, 48.052518], [-1.822585, 48.05278], [-1.822808, 48.053344], [-1.822764, 48.05347], [-1.822445, 48.05378], [-1.82224, 48.054183], [-1.822194, 48.054325], [-1.821946, 48.054731], [-1.821749, 48.054941], [-1.821699, 48.055126], [-1.821691, 48.055404], [-1.821928, 48.055496], [-1.822244, 48.055524], [-1.822498, 48.055698], [-1.822549, 48.05587], [-1.822457, 48.056146], [-1.822459, 48.056287], [-1.822311, 48.056468], [-1.822152, 48.056539], [-1.821454, 48.056591], [-1.82124, 48.056646], [-1.820942, 48.056774], [-1.820447, 48.057126], [-1.820263, 48.057338], [-1.820139, 48.057735], [-1.820011, 48.057871], [-1.819751, 48.058075], [-1.819565, 48.058186], [-1.819141, 48.058332], [-1.819024, 48.058469], [-1.818889, 48.058832], [-1.818702, 48.05902], [-1.818329, 48.059191], [-1.81813, 48.059328], [-1.818051, 48.059446], [-1.81804, 48.059663], [-1.818266, 48.059943], [-1.818361, 48.060007], [-1.818879, 48.060124], [-1.819133, 48.060236], [-1.819303, 48.06038], [-1.819391, 48.060564], [-1.81941, 48.060783], [-1.81956, 48.061148], [-1.819746, 48.06136], [-1.819927, 48.061657], [-1.820182, 48.061776], [-1.820895, 48.061904], [-1.821086, 48.062197], [-1.821178, 48.06224], [-1.821406, 48.062246], [-1.821563, 48.062105], [-1.821804, 48.06214], [-1.821988, 48.062223], [-1.822061, 48.062325], [-1.822077, 48.062468], [-1.822037, 48.062898], [-1.822136, 48.063146], [-1.822254, 48.06324], [-1.823076, 48.063522], [-1.823264, 48.063613], [-1.823408, 48.063754], [-1.823428, 48.063987], [-1.823143, 48.064215], [-1.822943, 48.064293], [-1.821999, 48.064495], [-1.821708, 48.064671], [-1.821617, 48.064783], [-1.821586, 48.065001], [-1.821635, 48.065211], [-1.821784, 48.065611], [-1.82194, 48.06576], [-1.822203, 48.065823], [-1.822407, 48.065808], [-1.822881, 48.065708], [-1.823123, 48.065692], [-1.823587, 48.065717], [-1.823929, 48.065868], [-1.824246, 48.066163], [-1.824418, 48.066258], [-1.82495, 48.06645], [-1.8252, 48.06665], [-1.825502, 48.067511], [-1.825591, 48.067646], [-1.825746, 48.067784], [-1.826169, 48.067955], [-1.826436, 48.068008], [-1.8269, 48.068015], [-1.827588, 48.067939], [-1.828303, 48.067936], [-1.829205, 48.068048], [-1.829515, 48.067964], [-1.830154, 48.067666], [-1.830316, 48.067617], [-1.830822, 48.067514], [-1.832469, 48.06708], [-1.832617, 48.067022], [-1.832894, 48.066849], [-1.833168, 48.06671], [-1.83367, 48.066648], [-1.834123, 48.066753], [-1.834509, 48.066795], [-1.834879, 48.066767], [-1.835016, 48.066722], [-1.835106, 48.066616], [-1.835678, 48.065828], [-1.836056, 48.065796], [-1.836294, 48.065721], [-1.836516, 48.065578], [-1.837095, 48.065058], [-1.837361, 48.064792], [-1.837931, 48.064105], [-1.838031, 48.064053], [-1.838387, 48.064046], [-1.839222, 48.064139], [-1.839429, 48.064106], [-1.840462, 48.063874], [-1.840971, 48.063729], [-1.841341, 48.063716], [-1.841548, 48.063803], [-1.841709, 48.063986], [-1.841992, 48.06439], [-1.842116, 48.064512], [-1.842332, 48.064611], [-1.842727, 48.064648], [-1.843609, 48.064664], [-1.843809, 48.064683], [-1.844293, 48.064642], [-1.844775, 48.064673], [-1.844921, 48.064758], [-1.845012, 48.064968], [-1.844958, 48.065043], [-1.844584, 48.065176], [-1.844506, 48.065257], [-1.844482, 48.065479], [-1.844576, 48.065637], [-1.844983, 48.065927], [-1.845259, 48.066009], [-1.845422, 48.065991], [-1.845749, 48.065847], [-1.846199, 48.065752], [-1.846807, 48.065679], [-1.847137, 48.065594], [-1.847399, 48.065555], [-1.847505, 48.065603], [-1.847579, 48.06577], [-1.847337, 48.06598], [-1.847152, 48.0661], [-1.847099, 48.066287], [-1.847126, 48.06658], [-1.847071, 48.066788], [-1.846795, 48.067307], [-1.846643, 48.067444], [-1.846677, 48.067714], [-1.846994, 48.067809], [-1.846739, 48.067992], [-1.846619, 48.068213], [-1.84692, 48.068291], [-1.847303, 48.068641], [-1.847385, 48.068891], [-1.847998, 48.068524], [-1.848336, 48.068365], [-1.848701, 48.068239], [-1.849072, 48.068172], [-1.849262, 48.068183], [-1.849638, 48.068256], [-1.850075, 48.068257], [-1.850744, 48.068304], [-1.851312, 48.068219], [-1.851644, 48.068209], [-1.85177, 48.068234], [-1.852259, 48.068446], [-1.852632, 48.068581], [-1.853025, 48.068644], [-1.853448, 48.068671], [-1.853745, 48.068714], [-1.853965, 48.068841], [-1.854112, 48.069082], [-1.854158, 48.069403], [-1.854158, 48.070135], [-1.854084, 48.070426], [-1.854247, 48.070712], [-1.85451, 48.071611], [-1.854626, 48.071957], [-1.85476, 48.072112], [-1.855243, 48.072436], [-1.855728, 48.072671], [-1.855967, 48.072738], [-1.856414, 48.072766], [-1.857219, 48.072694], [-1.857722, 48.072605], [-1.858594, 48.072523], [-1.859351, 48.072487], [-1.859881, 48.072535], [-1.860818, 48.072818], [-1.861217, 48.072894], [-1.861813, 48.07294], [-1.862366, 48.072895], [-1.862683, 48.072833], [-1.863108, 48.072689], [-1.863311, 48.072568], [-1.863597, 48.072326], [-1.863657, 48.072183], [-1.863683, 48.071802], [-1.863804, 48.071508], [-1.863952, 48.070964], [-1.864191, 48.070596], [-1.864349, 48.070519], [-1.864907, 48.07046], [-1.865668, 48.070464], [-1.865949, 48.070498], [-1.86671, 48.07048], [-1.866963, 48.070516], [-1.867494, 48.070908], [-1.867797, 48.071008], [-1.868168, 48.070998], [-1.868369, 48.070953], [-1.868661, 48.070844], [-1.869064, 48.070743], [-1.869739, 48.070661], [-1.870601, 48.070701], [-1.870895, 48.070666], [-1.871543, 48.070654], [-1.871968, 48.070617], [-1.872165, 48.07064], [-1.872306, 48.070706], [-1.872766, 48.071048], [-1.873287, 48.071283], [-1.873647, 48.071493], [-1.874122, 48.071609], [-1.874797, 48.071321], [-1.875287, 48.071216], [-1.875412, 48.071104], [-1.875535, 48.070832], [-1.875515, 48.070567], [-1.875577, 48.070519], [-1.87584, 48.07056], [-1.875977, 48.070723], [-1.876162, 48.070732], [-1.876268, 48.070595], [-1.876193, 48.070424], [-1.87649, 48.070404], [-1.876135, 48.070015], [-1.876159, 48.069854], [-1.876408, 48.069578], [-1.876936, 48.069496], [-1.877037, 48.069589], [-1.877541, 48.069725], [-1.877748, 48.069666], [-1.877767, 48.069477], [-1.877838, 48.069418], [-1.878247, 48.069342], [-1.878354, 48.069217], [-1.878495, 48.069188], [-1.879197, 48.069162], [-1.8809, 48.069013], [-1.881456, 48.069023], [-1.882123, 48.068924], [-1.882836, 48.068858], [-1.883681, 48.068718], [-1.883815, 48.068651], [-1.884074, 48.068647], [-1.884452, 48.068676], [-1.884979, 48.068571], [-1.885261, 48.06855], [-1.885549, 48.068603], [-1.885871, 48.068558], [-1.886191, 48.068608], [-1.886443, 48.06859], [-1.887202, 48.068705], [-1.887457, 48.068704], [-1.8876, 48.068662], [-1.887817, 48.068503], [-1.887934, 48.068479], [-1.888134, 48.068541], [-1.888334, 48.06856], [-1.888557, 48.068433], [-1.888823, 48.068339], [-1.88935, 48.068564], [-1.889762, 48.068784], [-1.889994, 48.068801], [-1.890255, 48.068765], [-1.890568, 48.068672], [-1.890814, 48.068555], [-1.89111, 48.068362], [-1.891161, 48.06824], [-1.891304, 48.068114], [-1.891498, 48.068149], [-1.891587, 48.068268], [-1.891792, 48.06842], [-1.892085, 48.068474], [-1.892433, 48.068353], [-1.892616, 48.068264], [-1.892796, 48.068007], [-1.893302, 48.067764], [-1.893833, 48.067577], [-1.893983, 48.067499], [-1.894231, 48.067156], [-1.894406, 48.067041], [-1.894779, 48.066876], [-1.894937, 48.066666], [-1.895124, 48.066747], [-1.895315, 48.066782], [-1.895523, 48.066761], [-1.895929, 48.066563], [-1.896322, 48.066492], [-1.896558, 48.066301], [-1.896698, 48.066226], [-1.897029, 48.066171], [-1.89752, 48.065999], [-1.897784, 48.065839], [-1.897885, 48.065464], [-1.898058, 48.065227], [-1.898254, 48.064802], [-1.898578, 48.064149], [-1.898623, 48.063947], [-1.898646, 48.063519], [-1.898677, 48.063486], [-1.899044, 48.063445], [-1.899226, 48.063371], [-1.899465, 48.06317], [-1.899653, 48.062973], [-1.90017, 48.062487], [-1.900619, 48.062097], [-1.900826, 48.061964], [-1.901145, 48.061805], [-1.901228, 48.061726], [-1.901019, 48.061386], [-1.901094, 48.061324], [-1.90202, 48.061306], [-1.90246, 48.06093], [-1.902985, 48.060775], [-1.903296, 48.060449], [-1.904098, 48.06042], [-1.904295, 48.060368], [-1.90494, 48.060029], [-1.905281, 48.059764], [-1.905592, 48.059618], [-1.905711, 48.059596], [-1.906522, 48.059657], [-1.906712, 48.059514], [-1.907329, 48.059673], [-1.90888, 48.059751], [-1.910233, 48.059569], [-1.910635, 48.059454], [-1.91122, 48.059436], [-1.912535, 48.059259], [-1.914347, 48.058899], [-1.914918, 48.058854], [-1.915438, 48.058787], [-1.91602, 48.058732], [-1.917721, 48.058595], [-1.918703, 48.058574], [-1.919278, 48.058665], [-1.919568, 48.058612], [-1.919702, 48.058467], [-1.919985, 48.05833], [-1.920037, 48.058188], [-1.920334, 48.058219], [-1.92057, 48.058041], [-1.920662, 48.057884], [-1.920668, 48.057701], [-1.920891, 48.057594], [-1.921221, 48.057526], [-1.92167, 48.057369], [-1.922217, 48.057124], [-1.922616, 48.05687], [-1.923017, 48.056377], [-1.923383, 48.055984], [-1.924171, 48.05559], [-1.924428, 48.055383], [-1.9249, 48.055268], [-1.926394, 48.055058], [-1.927219, 48.054873], [-1.927613, 48.054817], [-1.928127, 48.054671], [-1.92857, 48.054459], [-1.928977, 48.054289], [-1.929229, 48.054026], [-1.929564, 48.054028], [-1.929885, 48.054115], [-1.930433, 48.054391], [-1.930648, 48.054468], [-1.931246, 48.054573], [-1.931686, 48.054837], [-1.93201, 48.054953], [-1.932376, 48.055052], [-1.933024, 48.055043], [-1.933371, 48.054903], [-1.933671, 48.054737], [-1.93393, 48.054545], [-1.934311, 48.054349], [-1.93469, 48.054095], [-1.935196, 48.053852], [-1.935786, 48.053634], [-1.936512, 48.053522], [-1.936952, 48.05352], [-1.937334, 48.053563], [-1.937772, 48.053547], [-1.938589, 48.053264], [-1.938892, 48.053111], [-1.939163, 48.053088], [-1.939983, 48.053101], [-1.940366, 48.053157], [-1.94071, 48.05327], [-1.94098, 48.053233], [-1.941649, 48.052941], [-1.94213, 48.052923], [-1.942453, 48.053024], [-1.94311, 48.053099], [-1.943781, 48.053103], [-1.944044, 48.052965], [-1.944629, 48.052944], [-1.944661, 48.052817], [-1.94482, 48.052712], [-1.945337, 48.05261], [-1.945578, 48.052488], [-1.945845, 48.052394], [-1.946062, 48.052246], [-1.946373, 48.052191], [-1.947062, 48.052152], [-1.947282, 48.052257], [-1.947412, 48.052575], [-1.948078, 48.052776], [-1.948299, 48.052909], [-1.948891, 48.052958], [-1.949464, 48.052781], [-1.949662, 48.052634], [-1.950021, 48.052424], [-1.950378, 48.052159], [-1.950567, 48.051912], [-1.950652, 48.05167], [-1.950877, 48.051605], [-1.951193, 48.051621], [-1.951642, 48.051718], [-1.951846, 48.051894], [-1.952151, 48.052037], [-1.952668, 48.052201], [-1.953156, 48.052254], [-1.953628, 48.053303], [-1.9536, 48.053799], [-1.953436, 48.054255], [-1.953477, 48.054749], [-1.953803, 48.055458]]]}}]}